"Identifier","IsDeleted","EssayAnswerID","MatchingAnswerID","MultipleAnswerAnswerID","MultipleChoiceAnswerID","TrueOrFalseAnswerID","ExamTakenID","QuestionID","Grade","Answer","IsCorrect","AuditCreatedDate","AuditLastUpdatedDate"
"MULTCHOICE","False",,,,"801575",,"415919","2446",,"O objetivo está em prestar esclarecimentos imediatos à referida equipe, sobre seus produtos e serviços e deve atender também às demandas dos seus clientes e usuários ao contratado.","1","01/02/2024 15:41:17","01/02/2024 15:41:17"
"MULTCHOICE","False",,,,"801576",,"415919","2448",,"De relacionamento, de sensibilidade e do negócio.","1","01/02/2024 15:44:57","01/02/2024 15:44:57"
"MULTCHOICE","False",,,,"801577",,"415919","2424",,"FMI.","1","01/02/2024 15:51:13","01/02/2024 15:51:13"
"MULTCHOICE","False",,,,"801578",,"415919","2428",,"De todos os riscos, com moderação, para tentar não perder o negócio.","0","01/02/2024 15:52:35","01/02/2024 15:52:35"
"MULTCHOICE","False",,,,"801637",,"415918","2070",,"Desfrutar do bem gratuitamente até o fim de sua vida útil.","0","01/02/2024 09:23:07","01/02/2024 09:23:07"
"MULTCHOICE","False",,,,"801638",,"415918","2043",,"Ter a opção de comprar o bem por um valor previamente estabelecido ao final do contrato.","1","01/02/2024 09:25:32","01/02/2024 09:25:32"
"MULTCHOICE","False",,,,"801639",,"416019","2335",,"Os titulares de benefícios de aposentadoria e pensão por morte pagos pelo INSS.","1","01/02/2024 12:15:04","01/02/2024 12:15:04"
"MULTCHOICE","False",,,,"801640",,"416019","2342",,"Distinguir fatos de opiniões, pessoais ou de mercado, com relação aos produtos e serviços oferecidos aos clientes.","1","01/02/2024 12:29:56","01/02/2024 12:30:09"
"MULTCHOICE","False",,,,"801641",,"416019","2333",,"Do valor total financiado e a taxa mensal e anual de juros.","1","01/02/2024 12:30:47","01/02/2024 12:32:08"
"MULTCHOICE","False",,,,"801642",,"416019","2323",,"FMI.","1","01/02/2024 12:46:22","01/02/2024 12:46:22"
"MULTCHOICE","False",,,,"801643",,"416019","2355",,"Encaminhar as reclamações recebidas às respectivas agências de atendimento habitual competente, após prestar esclarecimentos.","0","01/02/2024 12:54:49","01/02/2024 12:54:49"
"MULTCHOICE","False",,,,"801644",,"416019","2329",,"O fornecedor deverá informar em 5 dias úteis a todos os bancos de dados para a retirada da negativação em nome do consumidor.","1","01/02/2024 12:58:40","01/02/2024 12:59:06"
"MULTCHOICE","False",,,,"801645",,"416019","2354",,"De relacionamento, de sensibilidade e do negócio.","1","01/02/2024 13:00:49","01/02/2024 13:00:49"
"MULTCHOICE","False",,,,"801646",,"416019","2324",,"Tarifa.","1","01/02/2024 13:04:46","01/02/2024 13:04:46"
"MULTCHOICE","False",,,,"801647",,"416120","2425",,"Tarifa.","1","01/02/2024 13:57:59","01/02/2024 13:57:59"
"MULTCHOICE","False",,,,"801648",,"416120","2436",,"Rotativas (exemplo : cheque especial) e pontuais (parcelas e prazo fixo).","1","01/02/2024 14:01:24","01/02/2024 14:01:24"
"MULTCHOICE","False",,,,"801649",,"416120","2452",,"Da tabela de juros e prazos a ser empregada nas operações de crédito direto ao consumidor e de arrendamento mercantil financeiro.","0","01/02/2024 14:10:37","01/02/2024 14:10:37"
"MULTCHOICE","False",,,,"801650",,"416120","2435",,"Não é necessário ser cliente da instituição, mas ter cadastro aprovado.","1","01/02/2024 14:11:13","01/02/2024 14:11:13"
"MULTCHOICE","False",,,,"801651",,"416120","2432",,"As signatárias devem manter, na sua publicidade de produtos de crédito, mensagem que oriente o consumidor ao uso irresponsável do crédito.","0","01/02/2024 14:12:17","01/02/2024 14:12:17"
"MULTCHOICE","False",,,,"801652",,"416120","2440",,"Realizar penhor de bens pessoais e recolher o FGTS.","1","01/02/2024 14:12:30","01/02/2024 14:12:30"
"MULTCHOICE","False",,,,"801653",,"415919","2454",,"Em local visível, apenas para colaboradores, no recinto das dependências das instituições e de seus correspondentes.","0","01/02/2024 14:58:25","01/02/2024 15:07:54"
"MULTCHOICE","False",,,,"801654",,"416121","2021",,"Tarifa.","1","01/02/2024 15:16:26","01/02/2024 15:16:26"
"MULTCHOICE","False",,,,"801655",,"416121","2050",,"Cinco dias úteis.","1","01/02/2024 15:16:57","01/02/2024 15:17:52"
"MULTCHOICE","False",,,,"801656",,"415919","2456",,"Um sistema de informações que alimenta as áreas de tecnologia e informática de uma companhia.","0","01/02/2024 15:39:21","01/02/2024 15:39:21"
"MULTCHOICE","False",,,,"801657",,"415919","2433",,"Legalidade; Moralidade; Comunicação ineficiente.","0","01/02/2024 15:46:11","01/02/2024 15:46:41"
"MULTCHOICE","False",,,,"801738",,"416221","14552",,"Gestão baseada em [i]cluster[/i], definição de régua por [i]cluster[/i], definição dos canais de cobrança.","1","02/02/2024 10:13:39","02/02/2024 10:13:39"
"MULTCHOICE","False",,,,"801739",,"416221","14445",,"Planejamento, produto, análise, concessão, manutenção, liquidação, cobrança.","1","02/02/2024 10:14:41","02/02/2024 10:14:41"
"MULTCHOICE","False",,,,"801740",,"416322","2358",,"FMI.","1","02/02/2024 15:42:17","02/02/2024 15:42:17"
"MULTCHOICE","False",,,,"801741",,"416322","2363",,"Efetuada total ou parcialmente, acarreta obrigatoriamente a redução proporcional dos juros e demais acréscimos.","1","02/02/2024 15:58:06","02/02/2024 15:58:06"
"MULTCHOICE","False",,,,"801742",,"416222","2042",,"Solicitar que a empresa de arrendamento mercantil assuma todas as despesas com o seguro do bem.","1","02/02/2024 16:07:01","02/02/2024 16:07:01"
"MULTCHOICE","False",,,,"801743",,"416222","2024",,"As entradas e saídas de valores (dinheiro) efetivadas no decorrer do tempo numa dada operação.","1","02/02/2024 16:08:25","02/02/2024 16:08:25"
"MULTCHOICE","False",,,,"801744",,"416222","2064",,"É dever informar mensalmente o Banco Central do Brasil sobre as reclamações recebidas.","0","02/02/2024 16:09:09","02/02/2024 16:09:09"
"MULTCHOICE","False",,,,"801745",,"416322","2382",,"Houver processo administrativo instaurado e tais exames sejam considerados indispensáveis pela autoridade administrativa competente.","1","02/02/2024 16:13:04","02/02/2024 16:13:04"
"MULTCHOICE","False",,,,"801746",,"416322","2361",,"Risco.","1","02/02/2024 16:13:38","02/02/2024 16:13:38"
"MULTCHOICE","False",,,,"801747",,"416322","2381",,"A inclusão de cláusula estipulando que o contratante será previamente informado da elevação respectiva, por meio do veículo de comunicação previsto contratualmente.","1","02/02/2024 16:16:05","02/02/2024 16:16:05"
"MULTCHOICE","False",,,,"801748",,"416222","2035",,"Rotativas (exemplo   :   cheque especial) e pontuais (parcelas e prazo fixo).","1","02/02/2024 16:17:49","02/02/2024 16:17:49"
"MULTCHOICE","False",,,,"801749",,"416322","2364",,"O fornecedor deverá informar em 10 dias úteis a todos os bancos de dados para a retirada da negativação em nome do consumidor.","0","02/02/2024 16:18:44","02/02/2024 16:18:44"
"MULTCHOICE","False",,,,"801750",,"416323","2040",,"Os titulares de benefícios de aposentadoria e pensão por morte pagos pelo INSS.","1","02/02/2024 16:23:05","02/02/2024 16:23:05"
"MULTCHOICE","False",,,,"801751",,"416323","2028",,"O fornecedor deverá informar em 5 dias úteis a todos os bancos de dados para a retirada da negativação em nome do consumidor.","1","02/02/2024 16:24:03","02/02/2024 16:24:03"
"MULTCHOICE","False",,,,"801752",,"416222","2028",,"O fornecedor deverá informar em 5 dias úteis a todos os bancos de dados para a retirada da negativação em nome do consumidor.","1","02/02/2024 16:31:21","02/02/2024 16:31:21"
"MULTCHOICE","False",,,,"801753",,"416423","2365",,"O Programa de autorregulação de crédito responsável estabelece diretrizes e procedimentos a serem observados nas etapas de oferta e contratação de crédito e tratamento dos superendividados.","1","02/02/2024 16:31:24","02/02/2024 16:31:58"
"MULTCHOICE","False",,,,"801754",,"416222","2032",,"Integridade, equidade, respeito ao consumidor, transparência, excelência, sustentabilidade e confiança.","1","02/02/2024 16:31:46","02/02/2024 16:31:46"
"MULTCHOICE","False",,,,"801755",,"416424","2020",,"FMI.","1","02/02/2024 16:32:12","02/02/2024 16:32:12"
"MULTCHOICE","False",,,,"801756",,"416424","2033",,"Usar crachá de identificação visível ao cliente, ser ético e apresentar os planos oferecidos por todas as instituições para o cliente ter a opção de escolha.","1","02/02/2024 16:33:17","02/02/2024 16:33:17"
"MULTCHOICE","False",,,,"801757",,"416423","2362",,"De todos os riscos, de modo detalhado, ainda que venha a perder o negócio.","1","02/02/2024 16:33:55","02/02/2024 16:33:55"
"MULTCHOICE","False",,,,"801758",,"416424","2051",,"Encaminhar resposta conclusiva para a demanda dos reclamantes, após dar adequado tratamento às reclamações recebidas.","1","02/02/2024 16:34:40","02/02/2024 16:34:40"
"MULTCHOICE","False",,,,"801759",,"416423","2369",,"Exercer opção de compra do bem pelo valor estabelecido.","0","02/02/2024 16:34:40","02/02/2024 16:34:40"
"MULTCHOICE","False",,,,"801760",,"416222","2048",,"Menor será o seu valor presente.","1","02/02/2024 16:34:57","02/02/2024 16:34:57"
"MULTCHOICE","False",,,,"801761",,"416423","2381",,"A inclusão de cláusula estipulando que o contratante será previamente informado da elevação respectiva, por meio do veículo de comunicação previsto contratualmente.","1","02/02/2024 16:35:19","02/02/2024 16:35:19"
"MULTCHOICE","False",,,,"801762",,"416323","2030",,"O primeiro requisito do atendimento é o conhecimento, pois possibilita segurança ao tratar com o cliente.","1","02/02/2024 16:35:50","02/02/2024 16:35:50"
"MULTCHOICE","False",,,,"801763",,"416424","2066",,"Sempre prefixados.","0","02/02/2024 16:36:06","02/02/2024 16:36:06"
"MULTCHOICE","False",,,,"801764",,"416424","2059",,"A inclusão de cláusula estipulando que o contratante será previamente informado da elevação respectiva, independentemente de previsão contratual.","0","02/02/2024 16:37:32","02/02/2024 16:38:02"
"MULTCHOICE","False",,,,"801765",,"416423","2370",,"Ter a opção de comprar o bem por um valor previamente estabelecido ao final do contrato.","1","02/02/2024 16:41:06","02/02/2024 16:41:06"
"MULTCHOICE","False",,,,"801766",,"416423","2383",,"O consumidor será informado sobre a resolução de sua demanda no prazo máximo de setenta e duas horas por correspondência ou por meio eletrônico, a seu critério.","0","02/02/2024 16:41:36","02/02/2024 16:41:36"
"MULTCHOICE","False",,,,"801767",,"416423","2380",,"Em local visível no recinto das dependências das instituições e de seus correspondentes.","1","02/02/2024 16:42:10","02/02/2024 16:42:10"
"MULTCHOICE","False",,,,"801768",,"416222","2036",,"Demonstrativo de pagamento de salário ou comprovante de benefício de aposentadoria/pensão, quando for o caso.","1","02/02/2024 16:42:18","02/02/2024 16:42:18"
"MULTCHOICE","False",,,,"801769",,"416323","2069",,"Aquisição.","1","02/02/2024 16:43:45","02/02/2024 16:43:45"
"MULTCHOICE","False",,,,"801770",,"416323","2060",,"Houver processo administrativo instaurado e tais exames sejam considerados indispensáveis pela autoridade administrativa competente.","1","02/02/2024 16:44:55","02/02/2024 16:44:55"
"MULTCHOICE","False",,,,"801771",,"416323","2027",,"Efetuada total ou parcialmente, acarreta obrigatoriamente a redução proporcional dos juros e demais acréscimos.","1","02/02/2024 16:45:55","02/02/2024 16:45:55"
"MULTCHOICE","False",,,,"801772",,"416423","2366",,"Usar crachá de identificação visível ao cliente, ser ético e apresentar os planos oferecidos por todas as instituições para o cliente ter a opção de escolha.","1","02/02/2024 16:49:58","02/02/2024 16:49:58"
"MULTCHOICE","False",,,,"801773",,"416222","2034",,"Não é necessário ser cliente da instituição, mas ter cadastro aprovado.","1","02/02/2024 16:50:23","02/02/2024 16:50:23"
"MULTCHOICE","False",,,,"801774",,"416222","2020",,"FMI.","1","02/02/2024 16:50:35","02/02/2024 16:50:35"
"MULTCHOICE","False",,,,"801775",,"416424","2022",,"Todas as modalidades de crédito e todas as formas de operações creditícias.","1","02/02/2024 16:52:12","02/02/2024 16:52:12"
"MULTCHOICE","False",,,,"801776",,"416222","2052",,"Comunicar informação falsa ou enganosa para agilizar o processo de análise de crédito do cliente.","0","02/02/2024 16:52:30","02/02/2024 16:52:30"
"MULTCHOICE","False",,,,"801777",,"416424","2032",,"Integridade, equidade, respeito ao consumidor, transparência, excelência, sustentabilidade e confiança.","1","02/02/2024 16:55:19","02/02/2024 16:55:25"
"MULTCHOICE","False",,,,"801778",,"416222","2033",,"Usar crachá de identificação visível ao cliente, ser ético e apresentar os planos oferecidos por todas as instituições para o cliente ter a opção de escolha.","1","02/02/2024 16:55:35","02/02/2024 16:55:35"
"MULTCHOICE","False",,,,"801779",,"416424","2055",,"De relacionamento, de sensibilidade e do negócio.","1","02/02/2024 16:56:16","02/02/2024 16:56:16"
"MULTCHOICE","False",,,,"801780",,"416424","2057",,"For observada a vigência do contrato para fins do empréstimo ou de financiamentos.","1","02/02/2024 16:58:40","02/02/2024 16:58:40"
"MULTCHOICE","False",,,,"801839",,"416221","14548",,"Maior retorno personalizando a forma de atuação na cobrança conforme os resultados das análises.","1","02/02/2024 10:15:05","02/02/2024 10:15:05"
"MULTCHOICE","False",,,,"801840",,"416221","14448",,"[i]Credit score [/i]é estático e[i] behaviour score [/i]é dinâmico.","1","02/02/2024 10:16:09","02/02/2024 10:16:09"
"MULTCHOICE","False",,,,"801841",,"416221","14444",,"[i]Rating[/i] de crédito.","1","02/02/2024 10:18:06","02/02/2024 10:18:06"
"MULTCHOICE","False",,,,"801842",,"416221","14243",,"Os indicadores dizem muito sobre a saúde financeira da empresa e sua capacidade de pagamento.","1","02/02/2024 10:18:38","02/02/2024 10:18:38"
"MULTCHOICE","False",,,,"801843",,"416322","2362",,"De todos os riscos, de modo detalhado, ainda que venha a perder o negócio.","1","02/02/2024 15:31:19","02/02/2024 15:31:19"
"MULTCHOICE","False",,,,"801844",,"416322","2367",,"Não é necessário ser cliente da instituição, mas ter cadastro aprovado.","1","02/02/2024 15:31:43","02/02/2024 15:31:43"
"MULTCHOICE","False",,,,"801845",,"416322","2384",,"Da padronização dos documentos a serem utilizados nos procedimentos de oferta e contratação de operações de crédito direto ao consumidor e de arrendamento mercantil financeiro.","1","02/02/2024 15:42:09","02/02/2024 15:42:09"
"MULTCHOICE","False",,,,"801846",,"416322","2386",,"Aquisição. ","1","02/02/2024 15:45:15","02/02/2024 15:45:15"
"MULTCHOICE","False",,,,"801847",,"416322","2387",,"Devolver o bem à empresa de arrendamento mercantil.","1","02/02/2024 15:45:35","02/02/2024 15:45:35"
"MULTCHOICE","False",,,,"801848",,"416322","2385",,"Sempre prefixados.","0","02/02/2024 15:48:15","02/02/2024 15:48:15"
"MULTCHOICE","False",,,,"801849",,"416322","2379",,"As Sociedade de Crédito, Financiamento e Investimento (Financeiras).","1","02/02/2024 15:48:34","02/02/2024 15:48:34"
"MULTCHOICE","False",,,,"801850",,"416322","2372",,"Realizar penhor de bens pessoais e recolher o FGTS.","1","02/02/2024 15:51:07","02/02/2024 16:14:39"
"MULTCHOICE","False",,,,"801851",,"416322","2365",,"O Programa de autorregulação de crédito responsável estabelece diretrizes e procedimentos a serem observados nas etapas de oferta e contratação de crédito e tratamento dos superendividados.","1","02/02/2024 15:55:00","02/02/2024 15:55:00"
"MULTCHOICE","False",,,,"801852",,"416322","2370",,"Ter a opção de comprar o bem por um valor previamente estabelecido ao final do contrato.","1","02/02/2024 15:58:28","02/02/2024 15:58:28"
"MULTCHOICE","False",,,,"801853",,"416222","2060",,"Houver processo administrativo instaurado e tais exames sejam considerados indispensáveis pela autoridade administrativa competente.","1","02/02/2024 16:06:02","02/02/2024 16:06:02"
"MULTCHOICE","False",,,,"801854",,"416322","2360",,"Investimento e financiamento.","1","02/02/2024 16:08:06","02/02/2024 16:08:06"
"MULTCHOICE","False",,,,"801855",,"416222","2039",,"Consignações voluntárias são os empréstimos autorizados pelo empregador para o empregado.","0","02/02/2024 16:14:37","02/02/2024 16:14:37"
"MULTCHOICE","False",,,,"801856",,"416222","2051",,"Encaminhar resposta conclusiva para a demanda dos reclamantes, após dar adequado tratamento às reclamações recebidas.","1","02/02/2024 16:15:18","02/02/2024 16:15:18"
"MULTCHOICE","False",,,,"801857",,"416222","2068",,"Por meio das normativas do INSS.","1","02/02/2024 16:15:39","02/02/2024 16:15:39"
"MULTCHOICE","False",,,,"801858",,"416222","2047",,"Somatário.","0","02/02/2024 16:16:28","02/02/2024 16:16:28"
"MULTCHOICE","False",,,,"801859",,"416222","2040",,"Os titulares de benefícios de aposentadoria e pensão por morte pagos pelo INSS.","1","02/02/2024 16:17:02","02/02/2024 16:17:02"
"MULTCHOICE","False",,,,"801860",,"416323","2056",,"A operação financeira tenha sido realizada pela própria instituição financeira ou pela sociedade de arrendamento mercantil a ela vinculada.","1","02/02/2024 16:17:15","02/02/2024 16:17:15"
"MULTCHOICE","False",,,,"801861",,"416323","2036",,"Demonstrativo de pagamento de salário ou comprovante de benefício de aposentadoria/pensão, quando for o caso.","1","02/02/2024 16:17:33","02/02/2024 16:17:33"
"MULTCHOICE","False",,,,"801862",,"416322","2377",,"Distinguir fatos de opiniões, pessoais ou de mercado, com relação aos produtos e serviços oferecidos aos clientes.","1","02/02/2024 16:17:35","02/02/2024 16:17:35"
"MULTCHOICE","False",,,,"801863",,"416323","2052",,"Distinguir fatos de opiniões, pessoais ou de mercado, com relação aos produtos e serviços oferecidos aos clientes.","1","02/02/2024 16:20:19","02/02/2024 16:20:19"
"MULTCHOICE","False",,,,"801864",,"416222","2045",,"da realização de operações de crédito mediante penhor civil de bens e a gestão dos recursos do FGTS. ","1","02/02/2024 16:26:17","02/02/2024 16:26:17"
"MULTCHOICE","False",,,,"801865",,"416323","2062",,"Financiamento do consumo das pessoas físicas e do capital de giro das empresas.","1","02/02/2024 16:26:18","02/02/2024 16:26:18"
"MULTCHOICE","False",,,,"801866",,"416222","2029",,"O resumo contratual (sumário executivo) da operação.","1","02/02/2024 16:29:20","02/02/2024 16:29:20"
"MULTCHOICE","False",,,,"801867",,"416222","2070",,"Devolver o bem à empresa de arrendamento mercantil.","1","02/02/2024 16:30:03","02/02/2024 16:30:03"
"MULTCHOICE","False",,,,"801868",,"416424","2023",,"Investimento e financiamento.","1","02/02/2024 16:31:43","02/02/2024 16:31:43"
"MULTCHOICE","False",,,,"801869",,"416323","2039",,"Instituição consignatária é a instituição autorizada a conceder empréstimo ou financiamento.","1","02/02/2024 16:32:19","02/02/2024 16:32:19"
"MULTCHOICE","False",,,,"801870",,"416423","2373",,"Capitalização.","1","02/02/2024 16:33:37","02/02/2024 16:33:37"
"MULTCHOICE","False",,,,"801871",,"416222","2055",,"De relacionamento, de sensibilidade e do negócio.","1","02/02/2024 16:33:41","02/02/2024 16:33:41"
"MULTCHOICE","False",,,,"801872",,"416323","2051",,"Encaminhar resposta conclusiva para a demanda dos reclamantes, após dar adequado tratamento às reclamações recebidas.","1","02/02/2024 16:34:29","02/02/2024 16:34:29"
"MULTCHOICE","False",,,,"801873",,"416423","2375",,"Verificar, sob avaliação da instituição financeira, o histórico do contratante, bem como se há negativação do nome do contratante.","0","02/02/2024 16:36:25","02/02/2024 16:36:46"
"MULTCHOICE","False",,,,"801874",,"416222","2023",,"Investimento e financiamento.","1","02/02/2024 16:36:44","02/02/2024 16:36:44"
"MULTCHOICE","False",,,,"801875",,"416222","2058",,"Em local visível no recinto das dependências das instituições e de seus correspondentes.","1","02/02/2024 16:37:07","02/02/2024 16:37:07"
"MULTCHOICE","False",,,,"801876",,"416323","2043",,"Ter a opção de comprar o bem por um valor previamente estabelecido ao final do contrato.","1","02/02/2024 16:40:17","02/02/2024 16:40:17"
"MULTCHOICE","False",,,,"801877",,"416323","2067",,"Responde como devedor principal e solidário da obrigação e o nome do empregado não pode ser inscrito em cadastro de inadimplente.","1","02/02/2024 16:41:10","02/02/2024 16:41:10"
"MULTCHOICE","False",,,,"801878",,"416424","2044",,"De forma clara e legível, o Custo Efetivo Total (CET), o referencial de remuneração e a taxa mensal e anual de juros.","1","02/02/2024 16:41:37","02/02/2024 16:41:37"
"MULTCHOICE","False",,,,"801879",,"416323","2059",,"A inclusão de cláusula estipulando que o contratante será previamente informado da elevação respectiva, por meio do veículo de comunicação previsto contratualmente.","1","02/02/2024 16:42:20","02/02/2024 16:42:20"
"MULTCHOICE","False",,,,"801880",,"416323","2042",,"Solicitar que a empresa de arrendamento mercantil assuma todas as despesas com o seguro do bem.","1","02/02/2024 16:44:31","02/02/2024 16:44:31"
"MULTCHOICE","False",,,,"801881",,"416323","2041",,"Financeiro e operacional.","1","02/02/2024 16:44:39","02/02/2024 16:44:39"
"MULTCHOICE","False",,,,"801882",,"416323","2026",,"De todos os riscos, de modo detalhado, ainda que venha a perder o negócio.","1","02/02/2024 16:46:15","02/02/2024 16:46:15"
"MULTCHOICE","False",,,,"801883",,"416424","2058",,"Em local visível no recinto das dependências das instituições e de seus correspondentes.","1","02/02/2024 16:46:59","02/02/2024 16:46:59"
"MULTCHOICE","False",,,,"801884",,"416423","2382",,"Houver processo administrativo instaurado e tais exames sejam considerados indispensáveis pela autoridade administrativa competente.","1","02/02/2024 16:47:02","02/02/2024 16:47:02"
"MULTCHOICE","False",,,,"801885",,"416222","2061",,"Semestral.","1","02/02/2024 16:47:05","02/02/2024 16:47:05"
"MULTCHOICE","False",,,,"801886",,"416423","2361",,"Risco.","1","02/02/2024 16:47:30","02/02/2024 16:47:30"
"MULTCHOICE","False",,,,"801887",,"416424","2050",,"Cinco dias úteis.","1","02/02/2024 16:48:28","02/02/2024 16:48:28"
"MULTCHOICE","False",,,,"801888",,"416222","2057",,"Nunca um temporário terá direito ao crédito consignado.","0","02/02/2024 16:50:01","02/02/2024 16:50:01"
"MULTCHOICE","False",,,,"801889",,"416423","2385",,"Normalmente prefixados, contudo, se previsto em contrato, podem ser pós-fixados.","1","02/02/2024 16:50:08","02/02/2024 16:50:08"
"MULTCHOICE","False",,,,"801890",,"416424","2037",,"Cadastral.","1","02/02/2024 16:51:46","02/02/2024 16:51:46"
"MULTCHOICE","False",,,,"801891",,"416424","2052",,"Distinguir fatos de opiniões, pessoais ou de mercado, com relação aos produtos e serviços oferecidos aos clientes.","1","02/02/2024 16:54:20","02/02/2024 16:54:20"
"MULTCHOICE","False",,,,"801892",,"416424","2029",,"O resumo contratual (sumário executivo) da operação.","1","02/02/2024 16:54:55","02/02/2024 16:54:55"
"MULTCHOICE","False",,,,"801893",,"416424","2031",,"O Programa de autorregulação de crédito responsável estabelece diretrizes e procedimentos a serem observados nas etapas de oferta e contratação de crédito e tratamento dos superendividados.","1","02/02/2024 16:56:47","02/02/2024 16:56:47"
"MULTCHOICE","False",,,,"801894",,"416424","2045",,"da realização de operações de crédito mediante penhor civil de bens e a gestão dos recursos do FGTS. ","1","02/02/2024 16:57:34","02/02/2024 16:57:34"
"MULTCHOICE","False",,,,"801895",,"416424","2065",,"Da tabela de juros e prazos a ser empregada nas operações de crédito direto ao consumidor e de arrendamento mercantil financeiro.","0","02/02/2024 16:59:42","02/02/2024 16:59:51"
"MULTCHOICE","False",,,,"801896",,"416424","2070",,"Devolver o bem à empresa de arrendamento mercantil.","1","02/02/2024 17:00:41","02/02/2024 17:00:41"
"MULTCHOICE","False",,,,"801897",,"416424","2034",,"Não é necessário ser cliente da instituição, mas ter cadastro aprovado.","1","02/02/2024 17:01:08","02/02/2024 17:01:08"
"MULTCHOICE","False",,,,"801940",,"416221","14547",,"Modelo de avaliação de crédito baseado no julgamento humano, experiência e sensibilidade do analista.","1","02/02/2024 10:15:48","02/02/2024 10:15:48"
"MULTCHOICE","False",,,,"801941",,"416221","14345",,"O atraso de uma operação de crédito pode agravar o rating em outras operações dentro de um mesmo CPF/CNPJ ou Grupo Econômico.","1","02/02/2024 10:16:54","02/02/2024 10:16:54"
"MULTCHOICE","False",,,,"801942",,"416221","14450",,"Devedor crônico.","1","02/02/2024 10:17:21","02/02/2024 10:17:21"
"MULTCHOICE","False",,,,"801943",,"416221","14545",,"Identificar, avaliar, controlar, mitigar, monitorar.","1","02/02/2024 10:17:57","02/02/2024 10:17:57"
"MULTCHOICE","False",,,,"801944",,"416322","2383",,"A cobrança será suspensa imediatamente, salvo se o fornecedor indicar o contrato e comprovar que o valor é efetivamente devido.","1","02/02/2024 15:33:16","02/02/2024 15:33:16"
"MULTCHOICE","False",,,,"801945",,"416322","2359",,"Tarifa.","1","02/02/2024 15:34:19","02/02/2024 15:34:19"
"MULTCHOICE","False",,,,"801946",,"416322","2371",,"De forma clara e legível, o Custo Efetivo Total (CET), o referencial de remuneração e a taxa mensal e anual de juros.","1","02/02/2024 15:37:40","02/02/2024 15:39:02"
"MULTCHOICE","False",,,,"801947",,"416322","2376",,"Cinco dias úteis.","1","02/02/2024 15:59:39","02/02/2024 15:59:39"
"MULTCHOICE","False",,,,"801948",,"416322","2366",,"Usar crachá de identificação visível ao cliente, ser ético e apresentar os planos oferecidos por todas as instituições para o cliente ter a opção de escolha.","1","02/02/2024 16:01:53","02/02/2024 16:01:53"
"MULTCHOICE","False",,,,"801949",,"416322","2380",,"Em local visível, apenas para colaboradores, no recinto das dependências das instituições e de seus correspondentes.","0","02/02/2024 16:03:15","02/02/2024 16:03:15"
"MULTCHOICE","False",,,,"801950",,"416323","2066",,"Normalmente prefixados, contudo, se previsto em contrato, podem ser pós-fixados.","1","02/02/2024 16:07:24","02/02/2024 16:07:24"
"MULTCHOICE","False",,,,"801951",,"416322","2373",,"Somatário.","0","02/02/2024 16:11:07","02/02/2024 16:11:07"
"MULTCHOICE","False",,,,"801952",,"416322","2378",,"O objetivo está em prestar esclarecimentos imediatos à referida equipe, sobre seus produtos e serviços e deve atender também às demandas dos seus clientes e usuários ao contratado.","1","02/02/2024 16:12:13","02/02/2024 16:12:13"
"MULTCHOICE","False",,,,"801953",,"416323","2025",,"Risco.","1","02/02/2024 16:12:16","02/02/2024 16:12:16"
"MULTCHOICE","False",,,,"801954",,"416323","2054",,"As Sociedade de Crédito, Financiamento e Investimento (Financeiras).","1","02/02/2024 16:12:40","02/02/2024 16:12:40"
"MULTCHOICE","False",,,,"801955",,"416323","2047",,"Capitalização.","1","02/02/2024 16:13:47","02/02/2024 16:13:47"
"MULTCHOICE","False",,,,"801956",,"416323","2049",,"Verificar a adequação da oferta de crédito realizada ao perfil econômico e a capacidade de pagamento do consumidor contratante.","1","02/02/2024 16:14:30","02/02/2024 16:14:30"
"MULTCHOICE","False",,,,"801957",,"416323","2045",,"da realização de operações de crédito mediante penhor civil de bens e a gestão dos recursos do FGTS. ","1","02/02/2024 16:14:44","02/02/2024 16:14:44"
"MULTCHOICE","False",,,,"801958",,"416323","2023",,"Investimento e financiamento.","1","02/02/2024 16:17:46","02/02/2024 16:17:46"
"MULTCHOICE","False",,,,"801959",,"416323","2024",,"As entradas e saídas de valores (dinheiro) efetivadas no decorrer do tempo numa dada operação.","1","02/02/2024 16:18:37","02/02/2024 16:18:37"
"MULTCHOICE","False",,,,"801960",,"416323","2029",,"O resumo contratual (sumário executivo) da operação.","1","02/02/2024 16:19:18","02/02/2024 16:19:18"
"MULTCHOICE","False",,,,"801961",,"416323","2046",,"A fabricação de papel moeda.","1","02/02/2024 16:20:29","02/02/2024 16:20:29"
"MULTCHOICE","False",,,,"801962",,"416323","2044",,"De forma clara e legível, o Custo Efetivo Total (CET), o referencial de remuneração e a taxa mensal e anual de juros.","1","02/02/2024 16:21:19","02/02/2024 16:21:19"
"MULTCHOICE","False",,,,"801963",,"416222","2065",,"Da padronização dos documentos a serem utilizados nos procedimentos de oferta e contratação de operações de crédito direto ao consumidor e de arrendamento mercantil financeiro.","1","02/02/2024 16:21:31","02/02/2024 16:21:31"
"MULTCHOICE","False",,,,"801964",,"416323","2020",,"FMI.","1","02/02/2024 16:25:21","02/02/2024 16:25:21"
"MULTCHOICE","False",,,,"801965",,"416222","2062",,"Financiamento do consumo das pessoas físicas e do capital de giro das empresas.","1","02/02/2024 16:25:26","02/02/2024 16:25:26"
"MULTCHOICE","False",,,,"801966",,"416222","2025",,"Risco.","1","02/02/2024 16:26:44","02/02/2024 16:26:44"
"MULTCHOICE","False",,,,"801967",,"416323","2022",,"Todas as modalidades de crédito e todas as formas de operações creditícias.","1","02/02/2024 16:27:05","02/02/2024 16:27:05"
"MULTCHOICE","False",,,,"801968",,"416323","2032",,"Integridade, equidade, respeito ao consumidor, transparência, excelência, sustentabilidade e confiança.","1","02/02/2024 16:27:25","02/02/2024 16:27:25"
"MULTCHOICE","False",,,,"801969",,"416222","2054",,"As Sociedade de Crédito, Financiamento e Investimento (Financeiras).","1","02/02/2024 16:30:49","02/02/2024 16:30:49"
"MULTCHOICE","False",,,,"801970",,"416323","2053",,"O objetivo está em prestar esclarecimentos imediatos à referida equipe, sobre seus produtos e serviços e deve atender também às demandas dos seus clientes e usuários ao contratado.","1","02/02/2024 16:30:53","02/02/2024 16:30:53"
"MULTCHOICE","False",,,,"801971",,"416323","2038",,"Do valor total financiado e a taxa mensal e anual de juros.","1","02/02/2024 16:31:21","02/02/2024 16:31:21"
"MULTCHOICE","False",,,,"801972",,"416424","2041",,"Financeiro e operacional.","1","02/02/2024 16:31:25","02/02/2024 16:31:25"
"MULTCHOICE","False",,,,"801973",,"416222","2030",,"O primeiro requisito do atendimento é o conhecimento, pois possibilita segurança ao tratar com o cliente.","1","02/02/2024 16:32:14","02/02/2024 16:32:14"
"MULTCHOICE","False",,,,"801974",,"416424","2069",,"Mercado.","0","02/02/2024 16:33:34","02/02/2024 16:33:34"
"MULTCHOICE","False",,,,"801975",,"416323","2034",,"Não é necessário ser cliente da instituição, mas ter cadastro aprovado.","1","02/02/2024 16:36:55","02/02/2024 16:36:55"
"MULTCHOICE","False",,,,"801976",,"416423","2360",,"Planejamento estratégico e clima organizacional.","0","02/02/2024 16:37:44","02/02/2024 16:37:44"
"MULTCHOICE","False",,,,"801977",,"416423","2358",,"Banco do Brasil.","0","02/02/2024 16:37:54","02/02/2024 16:38:00"
"MULTCHOICE","False",,,,"801978",,"416222","2026",,"De todos os riscos, de modo detalhado, ainda que venha a perder o negócio.","1","02/02/2024 16:38:16","02/02/2024 16:38:16"
"MULTCHOICE","False",,,,"801979",,"416323","2055",,"De relacionamento, de sensibilidade e do negócio.","1","02/02/2024 16:38:27","02/02/2024 16:38:27"
"MULTCHOICE","False",,,,"801980",,"416423","2371",,"De forma clara e legível, o Custo Efetivo Total (CET), o referencial de remuneração e a taxa mensal e anual de juros.","1","02/02/2024 16:38:32","02/02/2024 16:38:49"
"MULTCHOICE","False",,,,"801981",,"416424","2027",,"Efetuada total ou parcialmente, acarreta obrigatoriamente a redução proporcional dos juros e demais acréscimos.","1","02/02/2024 16:38:33","02/02/2024 16:38:33"
"MULTCHOICE","False",,,,"801982",,"416222","2022",,"Todas as modalidades de crédito e todas as formas de operações creditícias.","1","02/02/2024 16:38:48","02/02/2024 16:38:48"
"MULTCHOICE","False",,,,"801983",,"416424","2060",,"Houver denúncia de qualquer cliente que se sinta logrado.","0","02/02/2024 16:39:05","02/02/2024 16:39:05"
"MULTCHOICE","False",,,,"801984",,"416323","2031",,"O Programa de autorregulação de crédito responsável estabelece diretrizes e procedimentos a serem observados nas etapas de oferta e contratação de crédito e tratamento dos superendividados.","1","02/02/2024 16:39:25","02/02/2024 16:39:25"
"MULTCHOICE","False",,,,"801985",,"416423","2386",,"Mercado.","0","02/02/2024 16:39:29","02/02/2024 16:39:29"
"MULTCHOICE","False",,,,"801986",,"416423","2379",,"As Sociedade de Crédito, Financiamento e Investimento (Financeiras).","1","02/02/2024 16:40:01","02/02/2024 16:40:01"
"MULTCHOICE","False",,,,"801987",,"416323","2037",,"Cadastral.","1","02/02/2024 16:41:42","02/02/2024 16:41:42"
"MULTCHOICE","False",,,,"801988",,"416424","2068",,"Por meio das Resoluções do Banco Central do Brasil.","0","02/02/2024 16:42:55","02/02/2024 16:42:55"
"MULTCHOICE","False",,,,"801989",,"416423","2376",,"Cinco dias úteis.","1","02/02/2024 16:43:01","02/02/2024 16:43:01"
"MULTCHOICE","False",,,,"801990",,"416323","2021",,"Tarifa.","1","02/02/2024 16:43:01","02/02/2024 16:43:01"
"MULTCHOICE","False",,,,"801991",,"416222","2031",,"O Programa de autorregulação de crédito responsável estabelece diretrizes e procedimentos a serem observados nas etapas de oferta e contratação de crédito e tratamento dos superendividados.","1","02/02/2024 16:43:08","02/02/2024 16:43:08"
"MULTCHOICE","False",,,,"801992",,"416423","2368",,"Financeiro e operacional. ","1","02/02/2024 16:43:22","02/02/2024 16:43:22"
"MULTCHOICE","False",,,,"801993",,"416222","2053",,"O objetivo está em prestar esclarecimentos imediatos à referida equipe, sobre seus produtos e serviços e deve atender também às demandas dos seus clientes e usuários ao contratado.","1","02/02/2024 16:43:43","02/02/2024 16:43:43"
"MULTCHOICE","False",,,,"801994",,"416423","2387",,"Solicitar, via processo administrativo, junto à receita federal, a devolução de impostos e taxas pagos durante o uso do bem.","0","02/02/2024 16:43:44","02/02/2024 16:45:03"
"MULTCHOICE","False",,,,"801995",,"416424","2053",,"O objetivo está em prestar esclarecimentos imediatos à referida equipe, sobre seus produtos e serviços e deve atender também às demandas dos seus clientes e usuários ao contratado.","1","02/02/2024 16:44:08","02/02/2024 16:44:08"
"MULTCHOICE","False",,,,"801996",,"416424","2028",,"O fornecedor deverá informar em 5 dias úteis a todos os bancos de dados para a retirada da negativação em nome do consumidor.","1","02/02/2024 16:45:58","02/02/2024 16:46:05"
"MULTCHOICE","False",,,,"801997",,"416423","2364",,"O fornecedor deverá informar em 10 dias úteis a todos os bancos de dados para a retirada da negativação em nome do consumidor.","0","02/02/2024 16:46:02","02/02/2024 16:46:25"
"MULTCHOICE","False",,,,"801998",,"416424","2035",,"Rotativas (exemplo   :   cheque especial) e pontuais (parcelas e prazo fixo).","1","02/02/2024 16:47:48","02/02/2024 16:47:48"
"MULTCHOICE","False",,,,"801999",,"416424","2056",,"A operação financeira tenha sido realizada pela própria instituição financeira ou pela sociedade de arrendamento mercantil a ela vinculada.","1","02/02/2024 16:50:24","02/02/2024 16:50:39"
"MULTCHOICE","False",,,,"802000",,"416424","2038",,"Do valor total financiado e a taxa mensal e anual de juros.","1","02/02/2024 16:52:33","02/02/2024 16:52:33"
"MULTCHOICE","False",,,,"802001",,"416424","2042",,"Solicitar que a empresa de arrendamento mercantil assuma todas as despesas com o seguro do bem.","1","02/02/2024 16:59:18","02/02/2024 16:59:18"
"MULTCHOICE","False",,,,"802002",,"416424","2026",,"De todos os riscos, de modo detalhado, ainda que venha a perder o negócio.","1","02/02/2024 17:02:18","02/02/2024 17:02:18"
"MULTCHOICE","False",,,,"802041",,"416322","2369",,"Solicitar que a empresa de arrendamento mercantil assuma todas as despesas com o seguro do bem.","1","02/02/2024 15:49:17","02/02/2024 15:49:17"
"MULTCHOICE","False",,,,"802042",,"416322","2374",,"Menor será o seu valor presente.","1","02/02/2024 15:52:15","02/02/2024 15:52:15"
"MULTCHOICE","False",,,,"802043",,"416322","2368",,"Financeiro e operacional. ","1","02/02/2024 16:00:43","02/02/2024 16:00:43"
"MULTCHOICE","False",,,,"802044",,"416323","2035",,"Rotativas (exemplo   :   cheque especial) e pontuais (parcelas e prazo fixo).","1","02/02/2024 16:09:06","02/02/2024 16:09:06"
"MULTCHOICE","False",,,,"802045",,"416222","2027",,"Efetuada total ou parcialmente, acarreta obrigatoriamente a redução proporcional dos juros e demais acréscimos.","1","02/02/2024 16:09:56","02/02/2024 16:09:56"
"MULTCHOICE","False",,,,"802046",,"416322","2375",,"Investigar, com base nas informações declaradas e disponíveis nos bancos de dados, eventual negativação do contratante para lhe vedar acesso ao crédito.","0","02/02/2024 16:10:44","02/02/2024 16:10:44"
"MULTCHOICE","False",,,,"802047",,"416222","2067",,"Responde como devedor principal e solidário da obrigação e o nome do empregado não pode ser inscrito em cadastro de inadimplente.","1","02/02/2024 16:10:45","02/02/2024 16:10:45"
"MULTCHOICE","False",,,,"802048",,"416323","2064",,"É dever da ouvidoria quanto às reclamações recebidas.","1","02/02/2024 16:11:33","02/02/2024 16:11:33"
"MULTCHOICE","False",,,,"802049",,"416222","2069",,"Aquisição.","1","02/02/2024 16:13:36","02/02/2024 16:13:36"
"MULTCHOICE","False",,,,"802050",,"416222","2049",,"Verificar a adequação da oferta de crédito realizada ao perfil econômico e a capacidade de pagamento do consumidor contratante.","1","02/02/2024 16:22:11","02/02/2024 16:22:11"
"MULTCHOICE","False",,,,"802051",,"416323","2068",,"Por meio das normativas do INSS.","1","02/02/2024 16:22:38","02/02/2024 16:22:38"
"MULTCHOICE","False",,,,"802052",,"416222","2056",,"O somatório dos descontos e/ou retenções consignados para pagamento de empréstimo pessoal não exceda, a qualquer momento, a trinta por cento do valor do benefício.","0","02/02/2024 16:23:32","02/02/2024 16:23:32"
"MULTCHOICE","False",,,,"802053",,"416323","2070",,"Devolver o bem à empresa de arrendamento mercantil.","1","02/02/2024 16:24:39","02/02/2024 16:24:39"
"MULTCHOICE","False",,,,"802054",,"416323","2033",,"Usar crachá de identificação visível ao cliente, ser ético e apresentar os planos oferecidos por todas as instituições para o cliente ter a opção de escolha.","1","02/02/2024 16:25:14","02/02/2024 16:25:14"
"MULTCHOICE","False",,,,"802055",,"416323","2065",,"Da padronização dos documentos a serem utilizados nos procedimentos de oferta e contratação de operações de crédito direto ao consumidor e de arrendamento mercantil financeiro.","1","02/02/2024 16:29:34","02/02/2024 16:29:34"
"MULTCHOICE","False",,,,"802056",,"416323","2050",,"Cinco dias úteis.","1","02/02/2024 16:29:52","02/02/2024 16:29:52"
"MULTCHOICE","False",,,,"802057",,"416323","2061",,"Semestral.","1","02/02/2024 16:31:46","02/02/2024 16:31:46"
"MULTCHOICE","False",,,,"802058",,"416424","2036",,"Demonstrativo de pagamento de salário ou comprovante de benefício de aposentadoria/pensão, quando for o caso.","1","02/02/2024 16:32:02","02/02/2024 16:32:02"
"MULTCHOICE","False",,,,"802059",,"416424","2061",,"Mensal.","0","02/02/2024 16:32:28","02/02/2024 16:32:28"
"MULTCHOICE","False",,,,"802060",,"416222","2046",,"A fabricação de papel moeda.","1","02/02/2024 16:32:30","02/02/2024 16:32:30"
"MULTCHOICE","False",,,,"802061",,"416424","2025",,"Risco.","1","02/02/2024 16:32:46","02/02/2024 16:32:46"
"MULTCHOICE","False",,,,"802062",,"416423","2377",,"Distinguir fatos de opiniões, pessoais ou de mercado, com relação aos produtos e serviços oferecidos aos clientes.","1","02/02/2024 16:33:05","02/02/2024 16:33:05"
"MULTCHOICE","False",,,,"802063",,"416222","2021",,"Tarifa.","1","02/02/2024 16:33:06","02/02/2024 16:33:06"
"MULTCHOICE","False",,,,"802064",,"416323","2048",,"Menor será o seu valor presente.","1","02/02/2024 16:33:56","02/02/2024 16:33:56"
"MULTCHOICE","False",,,,"802065",,"416424","2021",,"Tarifa.","1","02/02/2024 16:34:05","02/02/2024 16:34:16"
"MULTCHOICE","False",,,,"802066",,"416222","2037",,"Cadastral.","1","02/02/2024 16:34:15","02/02/2024 16:34:15"
"MULTCHOICE","False",,,,"802067",,"416424","2039",,"Instituição consignatária é a instituição autorizada a conceder empréstimo ou financiamento.","1","02/02/2024 16:35:04","02/02/2024 16:35:04"
"MULTCHOICE","False",,,,"802068",,"416424","2063",,"O consumidor será informado sobre a resolução de sua demanda no prazo máximo de setenta e duas horas por correspondência ou por meio eletrônico, a seu critério.","0","02/02/2024 16:35:43","02/02/2024 16:35:43"
"MULTCHOICE","False",,,,"802069",,"416222","2066",,"Normalmente prefixados, contudo, se previsto em contrato, podem ser pós-fixados.","1","02/02/2024 16:35:43","02/02/2024 16:35:43"
"MULTCHOICE","False",,,,"802070",,"416424","2067",,"É o único responsável pelo pagamento e o empregado deve solicitar o estorno dos descontos efetuados.","0","02/02/2024 16:36:36","02/02/2024 16:36:36"
"MULTCHOICE","False",,,,"802071",,"416423","2372",,"Realizar o financiamento do setor habitacional.","0","02/02/2024 16:37:17","02/02/2024 16:37:23"
"MULTCHOICE","False",,,,"802072",,"416423","2359",,"Tarifa.","1","02/02/2024 16:40:26","02/02/2024 16:40:38"
"MULTCHOICE","False",,,,"802073",,"416323","2063",,"A cobrança será suspensa imediatamente, salvo se o fornecedor indicar o contrato e comprovar que o valor é efetivamente devido.","1","02/02/2024 16:43:25","02/02/2024 16:43:25"
"MULTCHOICE","False",,,,"802074",,"416424","2040",,"Os titulares de benefícios de aposentadoria e pensão por morte pagos pelo INSS.","1","02/02/2024 16:45:03","02/02/2024 16:45:03"
"MULTCHOICE","False",,,,"802075",,"416323","2058",,"Em local visível no recinto das dependências das instituições e de seus correspondentes.","1","02/02/2024 16:45:14","02/02/2024 16:45:14"
"MULTCHOICE","False",,,,"802076",,"416423","2363",,"Efetuada total ou parcialmente, acarreta obrigatoriamente a redução proporcional dos juros e demais acréscimos.","1","02/02/2024 16:45:34","02/02/2024 16:45:34"
"MULTCHOICE","False",,,,"802077",,"416423","2367",,"Não é necessário ser cliente da instituição, mas ter cadastro aprovado.","1","02/02/2024 16:48:18","02/02/2024 16:48:18"
"MULTCHOICE","False",,,,"802078",,"416423","2374",,"Menor será o seu valor presente.","1","02/02/2024 16:48:37","02/02/2024 16:48:37"
"MULTCHOICE","False",,,,"802079",,"416423","2384",,"Da padronização dos documentos a serem utilizados nos procedimentos de oferta e contratação de operações de crédito direto ao consumidor e de arrendamento mercantil financeiro.","1","02/02/2024 16:49:12","02/02/2024 16:49:20"
"MULTCHOICE","False",,,,"802080",,"416222","2059",,"A inclusão de cláusula estipulando que o contratante será previamente informado da elevação respectiva, por meio do veículo de comunicação previsto contratualmente.","1","02/02/2024 16:49:32","02/02/2024 16:49:32"
"MULTCHOICE","False",,,,"802081",,"416423","2378",,"O objetivo está em prestar esclarecimentos imediatos à referida equipe, sobre seus produtos e serviços e deve atender também às demandas dos seus clientes e usuários ao contratado.","1","02/02/2024 16:51:01","02/02/2024 16:51:01"
"MULTCHOICE","False",,,,"802082",,"416424","2024",,"As entradas e saídas de valores (dinheiro) efetivadas no decorrer do tempo numa dada operação.","1","02/02/2024 16:51:03","02/02/2024 16:51:03"
"MULTCHOICE","False",,,,"802083",,"416424","2062",,"Financiamento do consumo das pessoas físicas e do capital de giro das empresas.","1","02/02/2024 16:51:22","02/02/2024 16:51:22"
"MULTCHOICE","False",,,,"802084",,"416222","2044",,"De forma clara e legível, o Custo Efetivo Total (CET), o referencial de remuneração e a taxa mensal e anual de juros.","1","02/02/2024 16:51:47","02/02/2024 16:51:47"
"MULTCHOICE","False",,,,"802085",,"416222","2041",,"Financeiro e operacional.","1","02/02/2024 16:52:55","02/02/2024 16:52:55"
"MULTCHOICE","False",,,,"802086",,"416424","2046",,"A fabricação de papel moeda.","1","02/02/2024 16:53:00","02/02/2024 16:53:11"
"MULTCHOICE","False",,,,"802087",,"416424","2030",,"O primeiro requisito do atendimento é o conhecimento, pois possibilita segurança ao tratar com o cliente.","1","02/02/2024 16:53:43","02/02/2024 16:53:43"
"MULTCHOICE","False",,,,"802088",,"416222","2050",,"Dez dias úteis.","0","02/02/2024 16:53:52","02/02/2024 16:53:52"
"MULTCHOICE","False",,,,"802089",,"416222","2063",,"A cobrança será suspensa imediatamente, salvo se o fornecedor indicar o contrato e comprovar que o valor é efetivamente devido.","1","02/02/2024 16:54:59","02/02/2024 16:54:59"
"MULTCHOICE","False",,,,"802090",,"416222","2043",,"Ter a opção de comprar o bem por um valor previamente estabelecido ao final do contrato.","1","02/02/2024 16:55:19","02/02/2024 16:55:19"
"MULTCHOICE","False",,,,"802091",,"416424","2047",,"Capitalização.","1","02/02/2024 16:57:22","02/02/2024 16:57:22"
"MULTCHOICE","False",,,,"802092",,"416424","2048",,"Menor será o seu valor presente.","1","02/02/2024 16:58:00","02/02/2024 16:58:00"
"MULTCHOICE","False",,,,"802093",,"416424","2054",,"As Sociedade de Crédito, Financiamento e Investimento (Financeiras).","1","02/02/2024 16:58:53","02/02/2024 16:58:53"
"MULTCHOICE","False",,,,"802094",,"416424","2043",,"Ter a opção de comprar o bem por um valor previamente estabelecido ao final do contrato.","1","02/02/2024 17:00:14","02/02/2024 17:00:14"
"MULTCHOICE","False",,,,"802095",,"416424","2064",,"É dever informar mensalmente o Banco Central do Brasil sobre as reclamações recebidas.","0","02/02/2024 17:01:40","02/02/2024 17:01:40"
"MULTCHOICE","False",,,,"802142",,"416524","2352",,"Por meio das Resoluções do Banco Central do Brasil.","0","03/02/2024 08:20:35","03/02/2024 08:20:35"
"MULTCHOICE","False",,,,"802143",,"416524","2348",,"A cobrança será suspensa imediatamente, salvo se o fornecedor indicar o contrato e comprovar que o valor é efetivamente devido.","1","03/02/2024 08:21:27","03/02/2024 08:21:27"
"MULTCHOICE","False",,,,"802144",,"416524","2337",,"(i) CMN - Conselho Monetário Nacional; (ii) Banco Central.","1","03/02/2024 08:38:10","03/02/2024 08:38:10"
"MULTCHOICE","False",,,,"802145",,"416524","2325",,"Logística e produção.","0","03/02/2024 08:38:39","03/02/2024 08:38:39"
"MULTCHOICE","False",,,,"802146",,"416524","2328",,"Efetuada total ou parcialmente, acarreta obrigatoriamente a redução proporcional dos juros e demais acréscimos.","1","03/02/2024 08:39:50","03/02/2024 08:39:50"
"MULTCHOICE","False",,,,"802147",,"416524","2334",,"Instituição consignatária é a instituição autorizada a conceder empréstimo ou financiamento.","1","03/02/2024 08:40:18","03/02/2024 08:40:18"
"MULTCHOICE","False",,,,"802148",,"416524","2341",,"Cinco dias úteis.","1","03/02/2024 08:40:44","03/02/2024 08:40:44"
"MULTCHOICE","False",,,,"802149",,"416525","2057",,"For observada a vigência do contrato para fins do empréstimo ou de financiamentos.","1","03/02/2024 14:10:48","03/02/2024 14:10:48"
"MULTCHOICE","False",,,,"802150",,"416525","2029",,"O resumo contratual (sumário executivo) da operação.","1","03/02/2024 14:17:50","03/02/2024 14:17:50"
"MULTCHOICE","False",,,,"802151",,"416525","2060",,"Houver indícios de crime contra o Sistema Financeiro Monetário, dispensando inclusive a necessidade de inquérito policial.","0","03/02/2024 14:23:58","03/02/2024 14:23:58"
"MULTCHOICE","False",,,,"802152",,"416525","2028",,"O fornecedor deverá informar em 5 dias úteis a todos os bancos de dados para a retirada da negativação em nome do consumidor.","1","03/02/2024 14:24:56","03/02/2024 14:24:56"
"MULTCHOICE","False",,,,"802153",,"416525","2021",,"Tarifa.","1","03/02/2024 14:25:23","03/02/2024 14:25:23"
"MULTCHOICE","False",,,,"802154",,"416525","2058",,"Em local visível no recinto das dependências das instituições e de seus correspondentes.","1","03/02/2024 14:25:57","03/02/2024 14:25:57"
"MULTCHOICE","False",,,,"802155",,"416626","14549",,"Ocasional, crônico, negligente e mau pagador.","1","03/02/2024 17:01:15","03/02/2024 17:01:15"
"MULTCHOICE","False",,,,"802156",,"416626","14446",,"Definir políticas de controle específicas por instituição conforme os volumes de provisão.","0","03/02/2024 17:02:56","03/02/2024 17:02:56"
"MULTCHOICE","False",,,,"802157",,"416626","14246",,"Atuar com disciplina no ciclo de crédito.","1","03/02/2024 17:04:29","03/02/2024 17:04:29"
"MULTCHOICE","False",,,,"802158",,"416626","14445",,"Planejamento, produto, análise, concessão, manutenção, liquidação, cobrança.","1","03/02/2024 17:05:29","03/02/2024 17:05:29"
"MULTCHOICE","False",,,,"802159",,"416626","14546",,"Evitar os riscos operando apenas com clientes [i]rating [/i]AA.","0","03/02/2024 17:06:39","03/02/2024 17:06:39"
"MULTCHOICE","False",,,,"802160",,"416626","14550",,"Quando o atraso acontece devido a uma situação passageira ou por esquecimento.","1","03/02/2024 17:07:14","03/02/2024 17:07:14"
"MULTCHOICE","False",,,,"802161",,"416626","14247",,"Pode ser resumido como a definição de um ciclo de gestão de crédito.","0","03/02/2024 17:07:43","03/02/2024 17:07:43"
"MULTCHOICE","False",,,,"802162",,"416626","14548",,"Maior retorno personalizando a forma de atuação na cobrança conforme os resultados das análises.","1","03/02/2024 17:08:04","03/02/2024 17:08:04"
"MULTCHOICE","False",,,,"802163",,"416626","14443",,"Modelo estatístico baseado em dados cadastrais utilizado na iniciação do crédito.","1","03/02/2024 17:09:54","03/02/2024 17:09:54"
"MULTCHOICE","False",,,,"802164",,"416526","14548",,"Maior retorno personalizando a forma de atuação na cobrança conforme os resultados das análises.","1","03/02/2024 17:18:31","03/02/2024 17:18:31"
"MULTCHOICE","False",,,,"802165",,"416627","2336",,"De forma clara e legível, o Custo Efetivo Total (CET), o referencial de remuneração e a taxa mensal e anual de juros.","1","03/02/2024 17:38:24","03/02/2024 18:29:07"
"MULTCHOICE","False",,,,"802166",,"416627","2343",,"O objetivo está em prestar esclarecimentos imediatos à referida equipe, sobre seus produtos e serviços e deve atender também às demandas dos seus clientes e usuários ao contratado.","1","03/02/2024 17:39:04","03/02/2024 17:39:04"
"MULTCHOICE","False",,,,"802167",,"416627","2324",,"Tarifa.","1","03/02/2024 17:53:11","03/02/2024 17:53:11"
"MULTCHOICE","False",,,,"802168",,"416627","2327",,"De todos os riscos, de modo detalhado, ainda que venha a perder o negócio.","1","03/02/2024 17:54:00","03/02/2024 17:54:00"
"MULTCHOICE","False",,,,"802169",,"416627","2334",,"Consignações voluntárias são os empréstimos autorizados pelo empregador para o empregado.","0","03/02/2024 18:09:06","03/02/2024 18:09:06"
"MULTCHOICE","False",,,,"802170",,"416627","2353",,"Transformação de moeda estrangeira em nacional e vice-versa.","0","03/02/2024 18:17:45","03/02/2024 18:17:45"
"MULTCHOICE","False",,,,"802171",,"416627","2348",,"A cobrança será suspensa imediatamente, salvo se o fornecedor indicar o contrato e comprovar que o valor é efetivamente devido.","1","03/02/2024 18:22:01","03/02/2024 18:22:10"
"MULTCHOICE","False",,,,"802172",,"416726","2334",,"Mutuário é o empregador, a pessoa jurídica definida pela legislação trabalhista.","0","03/02/2024 18:50:15","03/02/2024 18:50:54"
"MULTCHOICE","False",,,,"802173",,"416726","2355",,"Encaminhar as reclamações recebidas às respectivas agências de atendimento habitual competente, após prestar esclarecimentos.","0","03/02/2024 19:29:08","03/02/2024 19:29:08"
"MULTCHOICE","False",,,,"802243",,"416524","2354",,"De parentesco, de sensibilidade e médica.","0","03/02/2024 08:22:19","03/02/2024 08:22:19"
"MULTCHOICE","False",,,,"802244",,"416524","2327",,"De nenhum risco, salvo quando veiculado pela política do Correspondente com o qual você tem vínculo.","0","03/02/2024 08:23:00","03/02/2024 08:23:00"
"MULTCHOICE","False",,,,"802245",,"416524","2346",,"Se houver um avalista para a operação.","0","03/02/2024 08:29:26","03/02/2024 08:29:26"
"MULTCHOICE","False",,,,"802246",,"416524","2336",,"De forma clara e legível, o Custo Efetivo Total (CET), o referencial de remuneração e a taxa mensal e anual de juros.","1","03/02/2024 08:41:34","03/02/2024 08:41:34"
"MULTCHOICE","False",,,,"802247",,"416524","2339",,"Maior credibilidade terá seu cálculo.","0","03/02/2024 08:43:28","03/02/2024 08:43:28"
"MULTCHOICE","False",,,,"802248",,"416525","2070",,"Devolver o bem à empresa de arrendamento mercantil.","1","03/02/2024 13:36:39","03/02/2024 13:36:39"
"MULTCHOICE","False",,,,"802249",,"416525","2027",,"Efetuada total ou parcialmente, acarreta obrigatoriamente a redução proporcional dos juros e demais acréscimos.","1","03/02/2024 13:44:36","03/02/2024 13:44:36"
"MULTCHOICE","False",,,,"802250",,"416525","2067",,"Responde como devedor principal e solidário da obrigação e o nome do empregado não pode ser inscrito em cadastro de inadimplente.","1","03/02/2024 13:47:05","03/02/2024 13:47:05"
"MULTCHOICE","False",,,,"802251",,"416525","2068",,"Por meio das Resoluções do Banco Central do Brasil.","0","03/02/2024 13:52:30","03/02/2024 13:52:30"
"MULTCHOICE","False",,,,"802252",,"416525","2039",,"Instituição consignatária é a instituição autorizada a conceder empréstimo ou financiamento.","1","03/02/2024 13:53:37","03/02/2024 13:53:37"
"MULTCHOICE","False",,,,"802253",,"416525","2026",,"De todos os riscos, de modo detalhado, ainda que venha a perder o negócio.","1","03/02/2024 13:54:18","03/02/2024 13:54:18"
"MULTCHOICE","False",,,,"802254",,"416525","2022",,"Todas as modalidades de crédito e todas as formas de operações creditícias.","1","03/02/2024 13:55:47","03/02/2024 13:55:47"
"MULTCHOICE","False",,,,"802255",,"416525","2049",,"Verificar a adequação da oferta de crédito realizada ao perfil econômico e a capacidade de pagamento do consumidor contratante.","1","03/02/2024 14:01:22","03/02/2024 14:01:22"
"MULTCHOICE","False",,,,"802256",,"416525","2062",,"Financiamento do consumo das pessoas físicas e do capital de giro das empresas.","1","03/02/2024 14:04:53","03/02/2024 14:04:56"
"MULTCHOICE","False",,,,"802257",,"416525","2031",,"O Programa de autorregulação de crédito responsável estabelece diretrizes e procedimentos a serem observados nas etapas de oferta e contratação de crédito e tratamento dos superendividados.","1","03/02/2024 14:08:09","03/02/2024 14:08:09"
"MULTCHOICE","False",,,,"802258",,"416525","2048",,"Menor será o seu valor presente.","1","03/02/2024 14:13:10","03/02/2024 14:13:10"
"MULTCHOICE","False",,,,"802259",,"416525","2056",,"A operação financeira tenha sido realizada pela própria instituição financeira ou pela sociedade de arrendamento mercantil a ela vinculada.","1","03/02/2024 14:15:17","03/02/2024 14:15:17"
"MULTCHOICE","False",,,,"802260",,"416525","2064",,"É dever da ouvidoria quanto às reclamações recebidas.","1","03/02/2024 14:17:04","03/02/2024 14:17:04"
"MULTCHOICE","False",,,,"802261",,"416525","2033",,"Usar crachá de identificação visível ao cliente, ser ético e apresentar os planos oferecidos por todas as instituições para o cliente ter a opção de escolha.","1","03/02/2024 14:18:50","03/02/2024 14:18:50"
"MULTCHOICE","False",,,,"802262",,"416525","2044",,"De forma clara e legível, o Custo Efetivo Total (CET), o referencial de remuneração e a taxa mensal e anual de juros.","1","03/02/2024 14:20:20","03/02/2024 14:20:20"
"MULTCHOICE","False",,,,"802263",,"416525","2059",,"A inclusão de cláusula estipulando que o contratante será previamente informado da elevação respectiva, independentemente de previsão contratual.","0","03/02/2024 14:23:03","03/02/2024 14:23:03"
"MULTCHOICE","False",,,,"802264",,"416525","2035",,"Rotativas (exemplo   :   cheque especial) e pontuais (parcelas e prazo fixo).","1","03/02/2024 14:36:24","03/02/2024 14:36:24"
"MULTCHOICE","False",,,,"802265",,"416525","2065",,"Da tabela de juros e prazos a ser empregada nas operações de crédito direto ao consumidor e de arrendamento mercantil financeiro.","0","03/02/2024 14:37:12","03/02/2024 14:37:12"
"MULTCHOICE","False",,,,"802266",,"416625","2327",,"De todos os riscos, de modo detalhado, ainda que venha a perder o negócio.","1","03/02/2024 15:45:30","03/02/2024 15:45:30"
"MULTCHOICE","False",,,,"802267",,"416625","2329",,"O fornecedor deverá informar em 5 dias úteis a todos os bancos de dados para a retirada da negativação em nome do consumidor.","1","03/02/2024 15:46:22","03/02/2024 15:46:22"
"MULTCHOICE","False",,,,"802268",,"416625","2336",,"De forma clara e legível, o Custo Efetivo Total (CET), o referencial de remuneração e a taxa mensal e anual de juros.","1","03/02/2024 15:46:31","03/02/2024 15:46:31"
"MULTCHOICE","False",,,,"802269",,"416625","2356",,"O processo de empacotamento de produtos acabados numa linha de produção.","0","03/02/2024 15:46:32","03/02/2024 15:46:32"
"MULTCHOICE","False",,,,"802270",,"416625","2332",,"É obrigatório ser cliente da instituição e possuir cadastro aprovado previamente.","0","03/02/2024 15:46:34","03/02/2024 15:46:34"
"MULTCHOICE","False",,,,"802271",,"416625","2341",,"Cinco dias corridos.","0","03/02/2024 15:46:36","03/02/2024 15:46:36"
"MULTCHOICE","False",,,,"802272",,"416625","2338",,"Equalização.","0","03/02/2024 15:46:37","03/02/2024 15:46:37"
"MULTCHOICE","False",,,,"802273",,"416625","2326",,"Desprendimento.","0","03/02/2024 15:46:39","03/02/2024 15:46:39"
"MULTCHOICE","False",,,,"802274",,"416625","2346",,"For observada a vigência do contrato para fins do empréstimo ou de financiamentos.","1","03/02/2024 15:46:40","03/02/2024 15:46:40"
"MULTCHOICE","False",,,,"802275",,"416625","2348",,"A cobrança será suspensa imediatamente, salvo se o fornecedor indicar o contrato e comprovar que o valor é efetivamente devido.","1","03/02/2024 15:46:44","03/02/2024 15:46:44"
"MULTCHOICE","False",,,,"802276",,"416625","2354",,"De parentesco, psicológica e setorial.","0","03/02/2024 15:46:45","03/02/2024 15:46:45"
"MULTCHOICE","False",,,,"802277",,"416625","2340",,"Verificar, sob avaliação da instituição financeira, o histórico do contratante, bem como se há negativação do nome do contratante.","0","03/02/2024 15:46:46","03/02/2024 15:46:46"
"MULTCHOICE","False",,,,"802278",,"416625","2330",,"As signatárias devem manter, na sua publicidade de produtos de crédito, mensagem que oriente o consumidor ao uso irresponsável do crédito.","0","03/02/2024 15:46:49","03/02/2024 15:46:49"
"MULTCHOICE","False",,,,"802279",,"416625","2351",,"É corresponsável pelo pagamento e ambos os nomes podem ser inscritos em cadastro de inadimplente.","0","03/02/2024 15:46:57","03/02/2024 15:46:57"
"MULTCHOICE","False",,,,"802280",,"416625","2337",,"(i) CMN - Conselho Monetário Nacional; (ii) Banco Central.","1","03/02/2024 15:47:00","03/02/2024 15:47:00"
"MULTCHOICE","False",,,,"802281",,"416625","2350",,"Normalmente prefixados, contudo, se previsto em contrato, podem ser pós-fixados.","1","03/02/2024 15:47:03","03/02/2024 15:47:03"
"MULTCHOICE","False",,,,"802282",,"416625","2339",,"Menor será o seu valor presente.","1","03/02/2024 15:47:04","03/02/2024 15:47:04"
"MULTCHOICE","False",,,,"802283",,"416625","2353",,"Transformação de moeda estrangeira em nacional e vice-versa.","0","03/02/2024 15:47:06","03/02/2024 15:47:06"
"MULTCHOICE","False",,,,"802284",,"416625","2347",,"Houver indícios de crime contra o Sistema Financeiro Monetário, dispensando inclusive a necessidade de inquérito policial.","0","03/02/2024 15:47:07","03/02/2024 15:47:07"
"MULTCHOICE","False",,,,"802285",,"416625","2355",,"Encaminhar resposta conclusiva para a demanda dos reclamantes, após dar adequado tratamento às reclamações recebidas.","1","03/02/2024 15:47:08","03/02/2024 15:47:08"
"MULTCHOICE","False",,,,"802286",,"416625","2357",,"Todas as modalidades de crédito e todas as formas de operações creditícias.","1","03/02/2024 15:47:14","03/02/2024 15:47:14"
"MULTCHOICE","False",,,,"802287",,"416625","2342",,"Manifestar opinião que prejudique a imagem de qualquer instituição que atue no mercado financeiro.","0","03/02/2024 15:47:18","03/02/2024 15:47:18"
"MULTCHOICE","False",,,,"802288",,"416625","2345",,"O desconto, seu valor e o respectivo número de prestações a consignar sejam expressamente autorizados pelo próprio titular do benefício.","0","03/02/2024 15:47:22","03/02/2024 15:47:22"
"MULTCHOICE","False",,,,"802289",,"416625","2334",,"Instituição consignatária é a instituição autorizada a conceder empréstimo ou financiamento.","1","03/02/2024 15:47:25","03/02/2024 15:47:25"
"MULTCHOICE","False",,,,"802290",,"416625","2333",,"Da autorização do INSS para a contratação do crédito.","0","03/02/2024 15:47:29","03/02/2024 15:47:29"
"MULTCHOICE","False",,,,"802291",,"416625","2324",,"Tarifa.","1","03/02/2024 15:47:32","03/02/2024 15:47:32"
"MULTCHOICE","False",,,,"802292",,"416626","14553",,"Que a empresa contabiliza prejuízos acumulados.","0","03/02/2024 17:08:53","03/02/2024 17:08:53"
"MULTCHOICE","False",,,,"802293",,"416526","14553",,"Que a empresa contabiliza prejuízos acumulados.","0","03/02/2024 17:12:42","03/02/2024 17:12:42"
"MULTCHOICE","False",,,,"802294",,"416627","2335",,"Os titulares de benefícios de aposentadoria e pensão por morte pagos pelo INSS.","1","03/02/2024 17:50:55","03/02/2024 17:50:55"
"MULTCHOICE","False",,,,"802295",,"416627","2325",,"Investimento e financiamento. ","1","03/02/2024 17:51:15","03/02/2024 17:51:15"
"MULTCHOICE","False",,,,"802296",,"416627","2344",,"As Sociedades de Arrendamento Mercantil.","0","03/02/2024 18:10:42","03/02/2024 18:10:42"
"MULTCHOICE","False",,,,"802297",,"416627","2351",,"É corresponsável pelo pagamento e ambos os nomes podem ser inscritos em cadastro de inadimplente.","0","03/02/2024 18:13:03","03/02/2024 18:13:03"
"MULTCHOICE","False",,,,"802298",,"416627","2339",,"Menor será o seu valor presente.","1","03/02/2024 18:13:31","03/02/2024 18:13:31"
"MULTCHOICE","False",,,,"802299",,"416627","2357",,"Todas as modalidades de crédito e as formas de operação creditícia, com exceção da prestação de garantias.","0","03/02/2024 18:15:07","03/02/2024 18:28:15"
"MULTCHOICE","False",,,,"802300",,"416627","2349",,"Da tabela de juros e prazos a ser empregada nas operações de crédito direto ao consumidor e de arrendamento mercantil financeiro.","0","03/02/2024 18:27:27","03/02/2024 18:27:27"
"MULTCHOICE","False",,,,"802301",,"416726","2330",,"A consulta e o registro das informações pessoais do consumidor poderão ser feitas ilimitadamente.","0","03/02/2024 18:39:38","03/02/2024 18:40:12"
"MULTCHOICE","False",,,,"802302",,"416726","2346",,"For observada a vigência do contrato para fins do empréstimo ou de financiamentos.","1","03/02/2024 19:00:21","03/02/2024 19:00:41"
"MULTCHOICE","False",,,,"802303",,"416726","2338",,"Capitalização.","1","03/02/2024 19:06:01","03/02/2024 19:06:01"
"MULTCHOICE","False",,,,"802304",,"416726","2356",,"As entradas e saídas de valores (dinheiro) efetivadas no decorrer do tempo numa dada operação.","1","03/02/2024 19:18:37","03/02/2024 19:18:37"
"MULTCHOICE","False",,,,"802344",,"416524","2349",,"Das regras determinadas pela CVM para abertura de capital de empresas concessionárias de veículos.","0","03/02/2024 08:23:45","03/02/2024 08:23:45"
"MULTCHOICE","False",,,,"802345",,"416524","2356",,"As entradas e saídas de valores (dinheiro) efetivadas no decorrer do tempo numa dada operação.","1","03/02/2024 08:35:34","03/02/2024 08:35:34"
"MULTCHOICE","False",,,,"802346",,"416524","2344",,"As Sociedade de Crédito, Financiamento e Investimento (Financeiras).","1","03/02/2024 08:36:01","03/02/2024 08:36:01"
"MULTCHOICE","False",,,,"802347",,"416524","2333",,"Do valor total financiado e a taxa mensal e anual de juros.","1","03/02/2024 08:36:27","03/02/2024 08:36:27"
"MULTCHOICE","False",,,,"802348",,"416524","2353",,"Alocação eficiente dos recursos escassos da economia e servir como “termômetro” do nível de atividade econômica.","0","03/02/2024 08:37:18","03/02/2024 08:37:18"
"MULTCHOICE","False",,,,"802349",,"416525","2047",,"Somatário.","0","03/02/2024 13:41:19","03/02/2024 14:32:16"
"MULTCHOICE","False",,,,"802350",,"416525","2036",,"Demonstrativo de pagamento de salário ou comprovante de benefício de aposentadoria/pensão, quando for o caso.","1","03/02/2024 13:45:29","03/02/2024 13:45:29"
"MULTCHOICE","False",,,,"802351",,"416525","2025",,"Risco.","1","03/02/2024 13:50:30","03/02/2024 13:50:30"
"MULTCHOICE","False",,,,"802352",,"416525","2042",,"Solicitar que a empresa de arrendamento mercantil assuma todas as despesas com o seguro do bem.","1","03/02/2024 13:56:54","03/02/2024 13:56:54"
"MULTCHOICE","False",,,,"802353",,"416525","2045",,"da realização de operações de crédito mediante penhor civil de bens e a gestão dos recursos do FGTS. ","1","03/02/2024 14:03:55","03/02/2024 14:03:55"
"MULTCHOICE","False",,,,"802354",,"416525","2041",,"Financeiro e operacional.","1","03/02/2024 14:09:53","03/02/2024 14:09:53"
"MULTCHOICE","False",,,,"802355",,"416525","2024",,"As entradas e saídas de valores (dinheiro) efetivadas no decorrer do tempo numa dada operação.","1","03/02/2024 14:27:13","03/02/2024 14:27:13"
"MULTCHOICE","False",,,,"802356",,"416525","2069",,"Mercado.","0","03/02/2024 14:29:42","03/02/2024 14:29:42"
"MULTCHOICE","False",,,,"802357",,"416525","2034",,"Não é necessário ser cliente da instituição, mas ter cadastro aprovado.","1","03/02/2024 14:30:20","03/02/2024 14:30:20"
"MULTCHOICE","False",,,,"802358",,"416525","2051",,"Encaminhar resposta conclusiva para a demanda dos reclamantes, após dar adequado tratamento às reclamações recebidas.","1","03/02/2024 14:31:27","03/02/2024 14:31:27"
"MULTCHOICE","False",,,,"802359",,"416525","2037",,"Cadastral.","1","03/02/2024 14:32:44","03/02/2024 14:32:44"
"MULTCHOICE","False",,,,"802360",,"416525","2061",,"Mensal.","0","03/02/2024 14:33:09","03/02/2024 14:33:37"
"MULTCHOICE","False",,,,"802361",,"416525","2055",,"De relacionamento, de sensibilidade e do negócio.","1","03/02/2024 14:34:38","03/02/2024 14:34:38"
"MULTCHOICE","False",,,,"802362",,"416625","2325",,"Investimento e financiamento. ","1","03/02/2024 15:44:58","03/02/2024 15:44:58"
"MULTCHOICE","False",,,,"802363",,"416625","2323",,"BNDES.","0","03/02/2024 15:46:42","03/02/2024 15:46:42"
"MULTCHOICE","False",,,,"802364",,"416625","2352",,"Por meio das normativas do INSS.","1","03/02/2024 15:46:51","03/02/2024 15:46:51"
"MULTCHOICE","False",,,,"802365",,"416625","2349",,"Da padronização dos documentos a serem utilizados nos procedimentos de oferta e contratação de operações de crédito direto ao consumidor e de arrendamento mercantil financeiro.","1","03/02/2024 15:46:55","03/02/2024 15:46:55"
"MULTCHOICE","False",,,,"802366",,"416526","14345",,"O atraso de uma operação de crédito pode agravar o rating em outras operações dentro de um mesmo CPF/CNPJ ou Grupo Econômico.","1","03/02/2024 17:15:11","03/02/2024 17:15:11"
"MULTCHOICE","False",,,,"802367",,"416526","14241",,"Caráter, Capacidade, Capital, Colateral, Condições e Conglomerado. ","1","03/02/2024 17:15:30","03/02/2024 17:15:30"
"MULTCHOICE","False",,,,"802368",,"416526","14552",,"Gestão baseada em individualidade, aplicação de régua por [i]cluster[/i], definição dos canais de cobrança.","0","03/02/2024 17:16:07","03/02/2024 17:16:07"
"MULTCHOICE","False",,,,"802369",,"416526","14449",,"Mostra a soma dos valores obtidos com as vendas de produtos e serviços. ","0","03/02/2024 17:18:10","03/02/2024 17:18:10"
"MULTCHOICE","False",,,,"802370",,"416526","14245",,"[b]Atraso:[/b] operação vencida entre 15 e 90 dias- [b]Inadimplência:[/b] operação vencida acima de 90 dias.","1","03/02/2024 17:19:07","03/02/2024 17:19:07"
"MULTCHOICE","False",,,,"802371",,"416627","2350",,"Sempre prefixados.","0","03/02/2024 17:29:14","03/02/2024 17:29:14"
"MULTCHOICE","False",,,,"802372",,"416627","2352",,"Por meio das normativas do INSS.","1","03/02/2024 17:29:33","03/02/2024 17:29:33"
"MULTCHOICE","False",,,,"802373",,"416627","2337",,"(i) CMN - Conselho Monetário Nacional; (ii) Banco Central.","1","03/02/2024 17:31:24","03/02/2024 17:31:24"
"MULTCHOICE","False",,,,"802374",,"416627","2329",,"O fornecedor deverá informar em 5 dias úteis a todos os bancos de dados para a retirada da negativação em nome do consumidor.","1","03/02/2024 17:31:47","03/02/2024 17:31:47"
"MULTCHOICE","False",,,,"802375",,"416627","2354",,"De relacionamento, médica e de aversão a risco.","0","03/02/2024 17:32:52","03/02/2024 17:32:52"
"MULTCHOICE","False",,,,"802376",,"416627","2323",,"FMI.","1","03/02/2024 17:46:03","03/02/2024 17:46:03"
"MULTCHOICE","False",,,,"802377",,"416627","2326",,"Risco.","1","03/02/2024 18:02:14","03/02/2024 18:02:14"
"MULTCHOICE","False",,,,"802378",,"416627","2347",,"Forem detectados indícios de falhas, incorreções ou omissões pela instituição financeira junto ao BNDES.","0","03/02/2024 18:11:24","03/02/2024 18:11:24"
"MULTCHOICE","False",,,,"802379",,"416627","2330",,"A publicidade de produtos de crédito não precisa indicar necessariamente os meios colocados à disposição do consumidor para orientações.","0","03/02/2024 18:18:14","03/02/2024 18:18:14"
"MULTCHOICE","False",,,,"802380",,"416627","2342",,"Distinguir fatos de opiniões, pessoais ou de mercado, com relação aos produtos e serviços oferecidos aos clientes.","1","03/02/2024 18:19:41","03/02/2024 18:19:41"
"MULTCHOICE","False",,,,"802381",,"416627","2356",,"O cálculo do lucro de uma determinada operação.","0","03/02/2024 18:23:12","03/02/2024 18:23:12"
"MULTCHOICE","False",,,,"802382",,"416726","2323",,"FMI.","1","03/02/2024 18:43:13","03/02/2024 18:43:13"
"MULTCHOICE","False",,,,"802383",,"416726","2340",,"Verificar a adequação da oferta de crédito realizada ao perfil econômico e a capacidade de pagamento do consumidor contratante.","1","03/02/2024 18:44:49","03/02/2024 18:44:49"
"MULTCHOICE","False",,,,"802384",,"416726","2335",,"Os titulares de benefícios de aposentadoria e pensão por morte pagos pelo INSS.","1","03/02/2024 18:53:05","03/02/2024 18:53:05"
"MULTCHOICE","False",,,,"802385",,"416726","2331",,"Usar crachá de identificação visível ao cliente, ser ético e apresentar os planos oferecidos por todas as instituições para o cliente ter a opção de escolha.","1","03/02/2024 18:53:51","03/02/2024 18:53:51"
"MULTCHOICE","False",,,,"802386",,"416726","2341",,"Cinco dias úteis.","1","03/02/2024 18:54:38","03/02/2024 18:54:38"
"MULTCHOICE","False",,,,"802387",,"416726","2342",,"Distinguir fatos de opiniões, pessoais ou de mercado, com relação aos produtos e serviços oferecidos aos clientes.","1","03/02/2024 18:55:40","03/02/2024 18:55:40"
"MULTCHOICE","False",,,,"802388",,"416726","2352",,"Por meio das Resoluções do Banco Central do Brasil.","0","03/02/2024 18:58:25","03/02/2024 18:58:29"
"MULTCHOICE","False",,,,"802389",,"416726","2350",,"Sempre prefixados.","0","03/02/2024 19:12:57","03/02/2024 19:12:57"
"MULTCHOICE","False",,,,"802390",,"416726","2325",,"Investimento e financiamento. ","1","03/02/2024 19:15:54","03/02/2024 19:15:54"
"MULTCHOICE","False",,,,"802391",,"416726","2344",,"As Sociedade de Crédito, Financiamento e Investimento (Financeiras).","1","03/02/2024 19:20:02","03/02/2024 19:20:02"
"MULTCHOICE","False",,,,"802445",,"416524","2345",,"A operação financeira tenha sido realizada pela própria instituição financeira ou pela sociedade de arrendamento mercantil a ela vinculada.","1","03/02/2024 08:25:36","03/02/2024 08:25:36"
"MULTCHOICE","False",,,,"802446",,"416524","2331",,"Usar crachá de identificação visível ao cliente, ser ético e apresentar os planos oferecidos por todas as instituições para o cliente ter a opção de escolha.","1","03/02/2024 08:26:33","03/02/2024 08:26:33"
"MULTCHOICE","False",,,,"802447",,"416524","2329",,"O fornecedor deverá informar em 5 dias úteis a todos os bancos de dados para a retirada da negativação em nome do consumidor.","1","03/02/2024 08:27:00","03/02/2024 08:27:00"
"MULTCHOICE","False",,,,"802448",,"416524","2335",,"Os titulares de benefícios de aposentadoria e pensão por morte pagos pelo INSS.","1","03/02/2024 08:28:02","03/02/2024 08:28:02"
"MULTCHOICE","False",,,,"802449",,"416524","2326",,"Risco.","1","03/02/2024 08:28:33","03/02/2024 08:28:33"
"MULTCHOICE","False",,,,"802450",,"416524","2357",,"Todas as modalidades de crédito e todas as formas de operações creditícias.","1","03/02/2024 08:29:00","03/02/2024 08:29:00"
"MULTCHOICE","False",,,,"802451",,"416524","2351",,"É corresponsável pelo pagamento e ambos os nomes podem ser inscritos em cadastro de inadimplente.","0","03/02/2024 08:30:47","03/02/2024 08:30:47"
"MULTCHOICE","False",,,,"802452",,"416524","2355",,"Encaminhar resposta conclusiva para a demanda dos reclamantes, após dar adequado tratamento às reclamações recebidas.","1","03/02/2024 08:32:21","03/02/2024 08:32:21"
"MULTCHOICE","False",,,,"802453",,"416524","2342",,"Distinguir fatos de opiniões, pessoais ou de mercado, com relação aos produtos e serviços oferecidos aos clientes.","1","03/02/2024 08:33:39","03/02/2024 08:33:39"
"MULTCHOICE","False",,,,"802454",,"416524","2343",,"O objetivo está em prestar esclarecimentos imediatos à referida equipe, sobre seus produtos e serviços e deve atender também às demandas dos seus clientes e usuários ao contratado.","1","03/02/2024 08:34:38","03/02/2024 08:34:38"
"MULTCHOICE","False",,,,"802455",,"416524","2340",,"Verificar a adequação da oferta de crédito realizada ao perfil econômico e a capacidade de pagamento do consumidor contratante.","1","03/02/2024 08:42:50","03/02/2024 08:42:50"
"MULTCHOICE","False",,,,"802456",,"416524","2330",,"As signatárias devem manter, na sua publicidade de produtos de crédito, mensagem que oriente o consumidor ao uso irresponsável do crédito.","0","03/02/2024 08:44:09","03/02/2024 08:44:09"
"MULTCHOICE","False",,,,"802457",,"416524","2338",,"Equalização.","0","03/02/2024 08:44:24","03/02/2024 08:44:24"
"MULTCHOICE","False",,,,"802458",,"416525","2052",,"Manifestar opinião que prejudique a imagem de qualquer instituição que atue no mercado financeiro.","0","03/02/2024 13:38:08","03/02/2024 13:38:08"
"MULTCHOICE","False",,,,"802459",,"416525","2054",,"As Sociedade de Crédito, Financiamento e Investimento (Financeiras).","1","03/02/2024 13:39:06","03/02/2024 13:39:06"
"MULTCHOICE","False",,,,"802460",,"416525","2032",,"Integridade, equidade, respeito ao consumidor, transparência, excelência, sustentabilidade e confiança.","1","03/02/2024 13:39:56","03/02/2024 13:39:56"
"MULTCHOICE","False",,,,"802461",,"416525","2066",,"Sempre prefixados.","0","03/02/2024 13:42:58","03/02/2024 13:42:58"
"MULTCHOICE","False",,,,"802462",,"416525","2023",,"Investimento e financiamento.","1","03/02/2024 13:43:32","03/02/2024 13:43:32"
"MULTCHOICE","False",,,,"802463",,"416525","2040",,"Os titulares de benefícios de aposentadoria e pensão por morte pagos pelo INSS.","1","03/02/2024 13:48:06","03/02/2024 13:48:06"
"MULTCHOICE","False",,,,"802464",,"416525","2038",,"Do valor total financiado e a taxa mensal e anual de juros.","1","03/02/2024 13:49:03","03/02/2024 13:49:03"
"MULTCHOICE","False",,,,"802465",,"416525","2043",,"Ter a opção de comprar o bem por um valor previamente estabelecido ao final do contrato.","1","03/02/2024 13:59:01","03/02/2024 13:59:01"
"MULTCHOICE","False",,,,"802466",,"416525","2030",,"O primeiro requisito do atendimento é o conhecimento, pois possibilita segurança ao tratar com o cliente.","1","03/02/2024 13:59:53","03/02/2024 13:59:53"
"MULTCHOICE","False",,,,"802467",,"416525","2053",,"O objetivo está em prestar esclarecimentos imediatos à referida equipe, sobre seus produtos e serviços e deve atender também às demandas dos seus clientes e usuários ao contratado.","1","03/02/2024 14:09:17","03/02/2024 14:09:17"
"MULTCHOICE","False",,,,"802468",,"416525","2046",,"A fabricação de papel moeda.","1","03/02/2024 14:10:14","03/02/2024 14:10:14"
"MULTCHOICE","False",,,,"802469",,"416525","2020",,"FMI.","1","03/02/2024 14:27:33","03/02/2024 14:27:33"
"MULTCHOICE","False",,,,"802470",,"416525","2063",,"A cobrança será suspensa imediatamente, salvo se o fornecedor indicar o contrato e comprovar que o valor é efetivamente devido.","1","03/02/2024 14:28:35","03/02/2024 14:28:35"
"MULTCHOICE","False",,,,"802471",,"416526","14343",,"[i]Collection score.[/i]","1","03/02/2024 17:13:09","03/02/2024 17:13:09"
"MULTCHOICE","False",,,,"802472",,"416526","14551",,"Liquidez corrente.","1","03/02/2024 17:13:56","03/02/2024 17:13:56"
"MULTCHOICE","False",,,,"802473",,"416526","14545",,"Identificar, avaliar, controlar, mitigar, monitorar.","1","03/02/2024 17:14:11","03/02/2024 17:14:11"
"MULTCHOICE","False",,,,"802474",,"416627","2333",,"Da autorização do INSS para a contratação do crédito.","0","03/02/2024 17:55:35","03/02/2024 17:55:35"
"MULTCHOICE","False",,,,"802475",,"416627","2328",,"Efetuada total ou parcialmente, acarreta obrigatoriamente a redução proporcional dos juros e demais acréscimos.","1","03/02/2024 17:56:48","03/02/2024 17:56:48"
"MULTCHOICE","False",,,,"802476",,"416627","2332",,"Não é necessário ser cliente da instituição, mas ter cadastro aprovado.","1","03/02/2024 18:00:13","03/02/2024 18:00:13"
"MULTCHOICE","False",,,,"802477",,"416627","2338",,"Capitalização.","1","03/02/2024 18:15:59","03/02/2024 18:15:59"
"MULTCHOICE","False",,,,"802478",,"416627","2355",,"Encaminhar as reclamações recebidas às respectivas agências de atendimento habitual competente, após prestar esclarecimentos.","0","03/02/2024 18:17:33","03/02/2024 18:17:33"
"MULTCHOICE","False",,,,"802479",,"416726","2332",,"Não é necessário ser cliente da instituição, mas ter cadastro aprovado.","1","03/02/2024 18:42:06","03/02/2024 18:42:06"
"MULTCHOICE","False",,,,"802480",,"416726","2333",,"Da autorização do INSS para a contratação do crédito.","0","03/02/2024 18:42:25","03/02/2024 18:42:25"
"MULTCHOICE","False",,,,"802481",,"416726","2339",,"Menor será o seu valor presente.","1","03/02/2024 18:47:42","03/02/2024 18:47:42"
"MULTCHOICE","False",,,,"802482",,"416726","2324",,"Tarifa.","1","03/02/2024 18:57:40","03/02/2024 18:57:40"
"MULTCHOICE","False",,,,"802483",,"416726","2327",,"De todos os riscos, com moderação, para tentar não perder o negócio.","0","03/02/2024 19:01:26","03/02/2024 19:01:26"
"MULTCHOICE","False",,,,"802484",,"416726","2343",,"O objetivo está em prestar esclarecimentos imediatos à referida equipe, sobre seus produtos e serviços e deve atender também às demandas dos seus clientes e usuários ao contratado.","1","03/02/2024 19:10:21","03/02/2024 19:10:21"
"MULTCHOICE","False",,,,"802485",,"416726","2329",,"O fornecedor deverá informar em 5 dias úteis a todos os bancos de dados para a retirada da negativação em nome do consumidor.","1","03/02/2024 19:22:04","03/02/2024 19:22:04"
"MULTCHOICE","False",,,,"802486",,"416726","2347",,"Forem detectados indícios de falhas, incorreções ou omissões pela instituição financeira junto ao BNDES.","0","03/02/2024 19:24:05","03/02/2024 19:24:19"
"MULTCHOICE","False",,,,"802487",,"416726","2351",,"É corresponsável pelo pagamento e ambos os nomes podem ser inscritos em cadastro de inadimplente.","0","03/02/2024 19:24:45","03/02/2024 19:24:45"
"MULTCHOICE","False",,,,"802488",,"416726","2337",,"(i) CMN - Conselho Monetário Nacional; (ii) Banco Central.","1","03/02/2024 19:25:23","03/02/2024 19:25:23"
"MULTCHOICE","False",,,,"802489",,"416726","2354",,"De relacionamento, médica e de aversão a risco.","0","03/02/2024 19:25:53","03/02/2024 19:25:53"
"MULTCHOICE","False",,,,"802490",,"416726","2345",,"A operação financeira tenha sido realizada pela própria instituição financeira ou pela sociedade de arrendamento mercantil a ela vinculada.","1","03/02/2024 19:26:43","03/02/2024 19:26:43"
"MULTCHOICE","False",,,,"802491",,"416726","2357",,"Todas as modalidades de crédito e todas as formas de operações creditícias.","1","03/02/2024 19:27:58","03/02/2024 19:27:58"
"MULTCHOICE","False",,,,"802492",,"416726","2349",,"Dos impostos e taxas incidentes nas operações de crédito direto ao consumidor e de arrendamento mercantil financeiro.","0","03/02/2024 19:31:36","03/02/2024 19:31:36"
"MULTCHOICE","False",,,,"802546",,"416827","9898",,"A venda do seu imóvel para um comprador.","1","04/02/2024 11:01:15","04/02/2024 11:01:15"
"MULTCHOICE","False",,,,"802547",,"416827","9910",,"Apenas as alternativas II e III estão corretas.","1","04/02/2024 12:00:29","04/02/2024 12:00:29"
"MULTCHOICE","False",,,,"802548",,"416928","9898",,"A venda do seu imóvel para um comprador.","1","04/02/2024 12:02:32","04/02/2024 12:02:32"
"MULTCHOICE","False",,,,"802549",,"416928","9899",,"Concessionária que compra um carro para vender na loja.","1","04/02/2024 12:02:44","04/02/2024 12:02:44"
"MULTCHOICE","False",,,,"802550",,"416928","9900",,"A harmonia dos interesses dos participantes das relações de consumo deve compatibilizar a proteção do consumidor.","1","04/02/2024 12:03:10","04/02/2024 12:03:10"
"MULTCHOICE","False",,,,"802551",,"416928","9922",,"Apenas as assertivas I e IV estão corretas.","1","04/02/2024 15:17:20","04/02/2024 15:17:20"
"MULTCHOICE","False",,,,"802552",,"416828","2061",,"Mensal.","0","04/02/2024 18:51:32","04/02/2024 18:51:32"
"MULTCHOICE","False",,,,"802553",,"416828","2040",,"Os titulares de benefícios de aposentadoria e pensão por morte pagos pelo INSS.","1","04/02/2024 18:52:04","04/02/2024 18:52:04"
"MULTCHOICE","False",,,,"802554",,"416828","2046",,"Expedir normas gerais de contabilidade e estatística a serem observadas pelas instituições financeiras.","0","04/02/2024 18:53:35","04/02/2024 18:53:35"
"MULTCHOICE","False",,,,"802555",,"416828","2032",,"Integridade, equidade, respeito ao consumidor, transparência, excelência, sustentabilidade e confiança.","1","04/02/2024 18:54:08","04/02/2024 18:54:08"
"MULTCHOICE","False",,,,"802556",,"416828","2038",,"Do valor total financiado e a taxa mensal e anual de juros.","1","04/02/2024 18:54:27","04/02/2024 18:54:29"
"MULTCHOICE","False",,,,"802557",,"416828","2060",,"Houver indícios de crime contra o Sistema Financeiro Monetário, dispensando inclusive a necessidade de inquérito policial.","0","04/02/2024 18:55:18","04/02/2024 18:55:18"
"MULTCHOICE","False",,,,"802558",,"416828","2036",,"Demonstrativo de pagamento de salário ou comprovante de benefício de aposentadoria/pensão, quando for o caso.","1","04/02/2024 18:55:34","04/02/2024 18:55:34"
"MULTCHOICE","False",,,,"802559",,"416828","2049",,"Verificar a adequação da oferta de crédito realizada ao perfil econômico e a capacidade de pagamento do consumidor contratante.","1","04/02/2024 18:56:01","04/02/2024 18:56:01"
"MULTCHOICE","False",,,,"802560",,"416828","2022",,"Todas as modalidades de crédito e todas as formas de operações creditícias.","1","04/02/2024 18:56:35","04/02/2024 18:56:35"
"MULTCHOICE","False",,,,"802561",,"416828","2042",,"Renovar o contrato pelo valor estabelecido.","0","04/02/2024 18:57:00","04/02/2024 18:57:22"
"MULTCHOICE","False",,,,"802562",,"416828","2027",,"Efetuada total ou parcialmente, acarreta obrigatoriamente a redução proporcional dos juros e demais acréscimos.","1","04/02/2024 18:58:02","04/02/2024 18:58:02"
"MULTCHOICE","False",,,,"802563",,"416828","2064",,"É dever informar mensalmente o Banco Central do Brasil sobre as reclamações recebidas.","0","04/02/2024 19:05:13","04/02/2024 19:05:13"
"MULTCHOICE","False",,,,"802564",,"416828","2055",,"De relacionamento, de sensibilidade e do negócio.","1","04/02/2024 19:05:40","04/02/2024 19:05:40"
"MULTCHOICE","False",,,,"802565",,"416828","2035",,"Leasing e Financiamento de Veículo.","0","04/02/2024 19:05:57","04/02/2024 19:05:57"
"MULTCHOICE","False",,,,"802566",,"416828","2043",,"Ter a opção de comprar o bem por um valor previamente estabelecido ao final do contrato.","1","04/02/2024 19:06:17","04/02/2024 19:06:17"
"MULTCHOICE","False",,,,"802567",,"416828","2068",,"Por meio das normativas do INSS.","1","04/02/2024 19:06:46","04/02/2024 19:06:46"
"MULTCHOICE","False",,,,"802568",,"416828","2030",,"Quem atende deve estar atento o tempo todo, salvo quando houver sobrecarga de trabalho.","0","04/02/2024 19:12:44","04/02/2024 19:12:44"
"MULTCHOICE","False",,,,"802569",,"416828","2028",,"O fornecedor deverá informar em 5 dias úteis a todos os bancos de dados para a retirada da negativação em nome do consumidor.","1","04/02/2024 19:17:51","04/02/2024 19:17:51"
"MULTCHOICE","False",,,,"802570",,"416829","2029",,"O resumo contratual (sumário executivo) da operação.","1","04/02/2024 20:46:30","04/02/2024 20:46:30"
"MULTCHOICE","False",,,,"802571",,"417029","2060",,"Houver indícios de crime contra o Sistema Financeiro Monetário, dispensando inclusive a necessidade de inquérito policial.","0","04/02/2024 20:59:35","04/02/2024 20:59:35"
"MULTCHOICE","False",,,,"802572",,"417029","2049",,"Verificar a adequação da oferta de crédito realizada ao perfil econômico e a capacidade de pagamento do consumidor contratante.","1","04/02/2024 21:01:14","04/02/2024 21:01:14"
"MULTCHOICE","False",,,,"802573",,"416829","2024",,"As entradas e saídas de valores (dinheiro) efetivadas no decorrer do tempo numa dada operação.","1","04/02/2024 21:07:47","04/02/2024 21:07:47"
"MULTCHOICE","False",,,,"802574",,"416829","2028",,"O fornecedor deverá informar em 5 dias úteis a todos os bancos de dados para a retirada da negativação em nome do consumidor.","1","04/02/2024 21:10:27","04/02/2024 21:10:27"
"MULTCHOICE","False",,,,"802575",,"417029","2027",,"Efetuada parcialmente, não acarreta a redução proporcional dos juros","0","04/02/2024 21:16:29","04/02/2024 21:16:29"
"MULTCHOICE","False",,,,"802576",,"417029","2026",,"De todos os riscos, de modo detalhado, ainda que venha a perder o negócio.","1","04/02/2024 21:17:08","04/02/2024 21:17:08"
"MULTCHOICE","False",,,,"802577",,"417029","2028",,"O fornecedor deverá informar em 5 dias úteis a todos os bancos de dados para a retirada da negativação em nome do consumidor.","1","04/02/2024 21:18:27","04/02/2024 21:18:27"
"MULTCHOICE","False",,,,"802578",,"417029","2042",,"Solicitar que a empresa de arrendamento mercantil assuma todas as despesas com o seguro do bem.","1","04/02/2024 21:20:05","04/02/2024 21:20:05"
"MULTCHOICE","False",,,,"802579",,"417029","2044",,"O referencial de remuneração, o Custo Efetivo Total (CET) e o limite de crédito disponível.","0","04/02/2024 21:21:00","04/02/2024 21:21:00"
"MULTCHOICE","False",,,,"802580",,"417029","2029",,"O resumo contratual (sumário executivo) da operação.","1","04/02/2024 21:21:37","04/02/2024 21:21:37"
"MULTCHOICE","False",,,,"802581",,"417029","2058",,"Em local visível, apenas para colaboradores, no recinto das dependências das instituições e de seus correspondentes.","0","04/02/2024 21:21:53","04/02/2024 21:21:53"
"MULTCHOICE","False",,,,"802582",,"417029","2034",,"Não é necessário ser cliente da instituição, mas ter cadastro aprovado.","1","04/02/2024 21:22:15","04/02/2024 21:22:15"
"MULTCHOICE","False",,,,"802583",,"417029","2064",,"É dever da ouvidoria quanto às reclamações recebidas.","1","04/02/2024 21:23:04","04/02/2024 21:23:04"
"MULTCHOICE","False",,,,"802584",,"417029","2050",,"Cinco dias corridos.","0","04/02/2024 21:23:28","04/02/2024 21:23:28"
"MULTCHOICE","False",,,,"802585",,"417029","2046",,"Zelar pela liquidez e solvência das instituições financeiras.","0","04/02/2024 21:24:11","04/02/2024 21:24:11"
"MULTCHOICE","False",,,,"802586",,"417029","2043",,"Ter a opção de comprar o bem por um valor previamente estabelecido ao final do contrato.","1","04/02/2024 21:30:17","04/02/2024 21:30:17"
"MULTCHOICE","False",,,,"802587",,"417029","2033",,"Mostrar seu crachá quando lhe for pedido pelo cliente.","0","04/02/2024 21:30:48","04/02/2024 21:30:48"
"MULTCHOICE","False",,,,"802588",,"417029","2053",,"O objetivo está em prestar esclarecimentos imediatos à referida equipe, sobre seus produtos e serviços e deve atender também às demandas dos seus clientes e usuários ao contratado.","1","04/02/2024 21:32:20","04/02/2024 21:32:20"
"MULTCHOICE","False",,,,"802589",,"417029","2045",,"da realização de operações de crédito mediante penhor civil de bens e a gestão dos recursos do FGTS. ","1","04/02/2024 21:35:35","04/02/2024 21:36:35"
"MULTCHOICE","False",,,,"802590",,"417029","2020",,"FMI.","1","04/02/2024 21:36:50","04/02/2024 21:36:50"
"MULTCHOICE","False",,,,"802591",,"416829","2063",,"A cobrança será suspensa imediatamente, salvo se o fornecedor indicar o contrato e comprovar que o valor é efetivamente devido.","1","04/02/2024 21:53:32","04/02/2024 21:53:32"
"MULTCHOICE","False",,,,"802592",,"416829","2070",,"Devolver o bem à empresa de arrendamento mercantil.","1","04/02/2024 21:57:45","04/02/2024 21:57:45"
"MULTCHOICE","False",,,,"802593",,"416829","2065",,"Dos impostos e taxas incidentes nas operações de crédito direto ao consumidor e de arrendamento mercantil financeiro.","0","04/02/2024 22:21:20","04/02/2024 22:21:20"
"MULTCHOICE","False",,,,"802594",,"416829","2061",,"Mensal.","0","04/02/2024 22:25:27","04/02/2024 22:25:27"
"MULTCHOICE","False",,,,"802595",,"416829","2025",,"Risco.","1","04/02/2024 22:26:24","04/02/2024 22:26:24"
"MULTCHOICE","False",,,,"802596",,"416829","2039",,"Instituição consignatária é a instituição autorizada a conceder empréstimo ou financiamento.","1","04/02/2024 22:27:19","04/02/2024 22:27:19"
"MULTCHOICE","False",,,,"802647",,"416827","9899",,"Concessionária que compra um carro para vender na loja.","1","04/02/2024 11:04:22","04/02/2024 11:04:22"
"MULTCHOICE","False",,,,"802648",,"416827","9900",,"A harmonia dos interesses dos participantes das relações de consumo deve compatibilizar a proteção do consumidor.","1","04/02/2024 11:07:09","04/02/2024 11:07:13"
"MULTCHOICE","False",,,,"802649",,"416827","9904",,"É correto afirmar que o fabricante, o produtor, o construtor, nacional ou estrangeiro, e o importador respondem, se houver prova de culpa, pela reparação dos danos causados aos consumidores por defeitos relativos à prestação dos serviços.","0","04/02/2024 11:35:35","04/02/2024 11:40:41"
"MULTCHOICE","False",,,,"802650",,"416827","9907",,"Poderão as partes convencionar a ampliação deste prazo de trinta dias não podendo ser superior a noventa dias.","1","04/02/2024 11:54:11","04/02/2024 11:54:11"
"MULTCHOICE","False",,,,"802651",,"416827","9908",,"Na oferta de crédito, avaliar, de forma responsável, as condições de crédito do consumidor, mediante análise das informações disponíveis em bancos de dados de proteção ao crédito, observado o disposto no CDC apenas.","0","04/02/2024 11:56:22","04/02/2024 11:56:22"
"MULTCHOICE","False",,,,"802652",,"416827","9909",,"Cinco anos a pretensão à reparação pelos danos causados por fato do produto ou serviço, iniciando-se a contagem do prazo a partir do conhecimento do dano e de sua autoria.","1","04/02/2024 11:57:43","04/02/2024 11:57:43"
"MULTCHOICE","False",,,,"802653",,"416928","9901",,"A anulação das cláusulas contratuais que estabeleçam prestações desproporcionais ou sua revisão em razão de fatos supervenientes que as tornem excessivamente onerosas.","1","04/02/2024 12:03:44","04/02/2024 12:03:44"
"MULTCHOICE","False",,,,"802654",,"416928","9903",,"É correto afirmar que o produto é defeituoso quando não oferece a segurança que dele legitimamente se espera, independente da época que foi colocado em circulação.","1","04/02/2024 12:06:01","04/02/2024 12:06:01"
"MULTCHOICE","False",,,,"802655",,"416928","9904",,"É correto afirmar que o fabricante, o produtor, o construtor, nacional ou estrangeiro, e o importador respondem, se houver prova de culpa, pela reparação dos danos causados aos consumidores por defeitos relativos à prestação dos serviços.","0","04/02/2024 12:08:03","04/02/2024 12:08:03"
"MULTCHOICE","False",,,,"802656",,"416928","9905",,"Podemos afirmar que é a impossibilidade manifesta de o consumidor pessoa natural, de boa-fé, pagar a totalidade de suas dívidas de consumo, exigíveis e vincendas, sem comprometer seu mínimo existencial, nos termos da regulamentação.","1","04/02/2024 12:09:00","04/02/2024 12:09:00"
"MULTCHOICE","False",,,,"802657",,"416928","9906",,"Levando-se em consideração as circunstâncias relevantes, como pela adoção de novas técnicas.","1","04/02/2024 12:09:21","04/02/2024 12:09:21"
"MULTCHOICE","False",,,,"802658",,"416928","9907",,"Poderão as partes convencionar a ampliação deste prazo de trinta dias não podendo ser superior a noventa dias.","1","04/02/2024 12:10:53","04/02/2024 12:10:53"
"MULTCHOICE","False",,,,"802659",,"416928","9908",,"Na oferta de crédito, avaliar, de forma responsável, as condições de crédito do consumidor, mediante análise das informações disponíveis em bancos de dados de proteção ao crédito, observado o disposto no CDC apenas.","0","04/02/2024 12:11:39","04/02/2024 12:11:39"
"MULTCHOICE","False",,,,"802660",,"416928","9909",,"Cinco anos a pretensão à reparação pelos danos causados por fato do produto ou serviço, iniciando-se a contagem do prazo a partir do conhecimento do dano e de sua autoria.","1","04/02/2024 12:12:40","04/02/2024 12:12:40"
"MULTCHOICE","False",,,,"802661",,"416928","9910",,"Apenas as alternativas II e III estão corretas.","1","04/02/2024 12:15:45","04/02/2024 12:15:45"
"MULTCHOICE","False",,,,"802662",,"416928","9911",,"A informação I desrespeita as Resoluções.","1","04/02/2024 12:16:47","04/02/2024 12:22:29"
"MULTCHOICE","False",,,,"802663",,"416928","9912",,"Todas as afirmativas estão corretas.","0","04/02/2024 12:25:58","04/02/2024 12:25:58"
"MULTCHOICE","False",,,,"802664",,"416928","9914",,"O Pacote de Serviços Z é o mais completo, mas não inclui os serviços vinculados ao cartão de crédito.","0","04/02/2024 12:31:41","04/02/2024 12:31:41"
"MULTCHOICE","False",,,,"802665",,"416928","9919",,"Manter serviço adequado e eficaz de atendimento presencial, que possibilite ao consumidor a resolução de demandas referentes a informação, dúvida, reclamação, suspensão ou cancelamento do contrato.","1","04/02/2024 12:51:58","04/02/2024 12:51:58"
"MULTCHOICE","False",,,,"802666",,"416928","9920",,"O atendimento deve ser prestado a todos os consumidores que demandarem suas agências no período em que estiverem abertas para o público externo, sendo permitida a cobrança de valores para recebimento no guichê de caixa de títulos e boletos de cobrança de cedência de outros bancos.","1","04/02/2024 15:07:02","04/02/2024 15:13:00"
"MULTCHOICE","False",,,,"802667",,"416828","2065",,"Da padronização dos documentos a serem utilizados nos procedimentos de oferta e contratação de operações de crédito direto ao consumidor e de arrendamento mercantil financeiro.","1","04/02/2024 18:50:19","04/02/2024 18:50:19"
"MULTCHOICE","False",,,,"802668",,"416828","2070",,"Devolver o bem à empresa de arrendamento mercantil.","1","04/02/2024 18:53:16","04/02/2024 18:53:16"
"MULTCHOICE","False",,,,"802669",,"416828","2041",,"Financeiro e operacional.","1","04/02/2024 18:54:51","04/02/2024 18:54:51"
"MULTCHOICE","False",,,,"802670",,"416828","2059",,"A inclusão de cláusula estipulando que o contratante será previamente informado da elevação respectiva, por meio do veículo de comunicação previsto contratualmente.","1","04/02/2024 18:58:37","04/02/2024 18:58:37"
"MULTCHOICE","False",,,,"802671",,"416828","2062",,"Financiamento do consumo das pessoas físicas e do capital de giro das empresas.","1","04/02/2024 19:00:59","04/02/2024 19:00:59"
"MULTCHOICE","False",,,,"802672",,"416828","2023",,"Investimento e financiamento.","1","04/02/2024 19:01:13","04/02/2024 19:01:13"
"MULTCHOICE","False",,,,"802673",,"416828","2026",,"De todos os riscos, de modo detalhado, ainda que venha a perder o negócio.","1","04/02/2024 19:01:32","04/02/2024 19:01:32"
"MULTCHOICE","False",,,,"802674",,"416828","2033",,"Usar crachá de identificação visível ao cliente, ser ético e apresentar os planos oferecidos por todas as instituições para o cliente ter a opção de escolha.","1","04/02/2024 19:01:57","04/02/2024 19:01:57"
"MULTCHOICE","False",,,,"802675",,"416828","2034",,"Não é necessário ser cliente da instituição, mas ter cadastro aprovado.","1","04/02/2024 19:02:20","04/02/2024 19:02:20"
"MULTCHOICE","False",,,,"802676",,"416828","2024",,"As entradas e saídas de valores (dinheiro) efetivadas no decorrer do tempo numa dada operação.","1","04/02/2024 19:02:57","04/02/2024 19:02:57"
"MULTCHOICE","False",,,,"802677",,"416828","2020",,"Conselho Monetário Nacional.","0","04/02/2024 19:03:09","04/02/2024 19:03:09"
"MULTCHOICE","False",,,,"802678",,"416828","2039",,"Instituição consignatária é a instituição autorizada a conceder empréstimo ou financiamento.","1","04/02/2024 19:04:17","04/02/2024 19:04:17"
"MULTCHOICE","False",,,,"802679",,"416828","2031",,"O Programa de autorregulação de crédito responsável estabelece diretrizes e procedimentos a serem observados nas etapas de oferta e contratação de crédito e tratamento dos superendividados.","1","04/02/2024 19:07:20","04/02/2024 19:07:20"
"MULTCHOICE","False",,,,"802680",,"416828","2047",,"Capitalização.","1","04/02/2024 19:07:57","04/02/2024 19:07:57"
"MULTCHOICE","False",,,,"802681",,"416828","2050",,"Cinco dias úteis.","1","04/02/2024 19:08:20","04/02/2024 19:08:37"
"MULTCHOICE","False",,,,"802682",,"416828","2048",,"Menor será o seu valor presente.","1","04/02/2024 19:13:30","04/02/2024 19:13:30"
"MULTCHOICE","False",,,,"802683",,"416828","2066",,"Sempre prefixados.","0","04/02/2024 19:13:51","04/02/2024 19:13:51"
"MULTCHOICE","False",,,,"802684",,"416828","2045",,"do financiamento do setor habitacional. ","0","04/02/2024 19:14:01","04/02/2024 19:14:01"
"MULTCHOICE","False",,,,"802685",,"416828","2037",,"De cenários.","0","04/02/2024 19:14:51","04/02/2024 19:14:58"
"MULTCHOICE","False",,,,"802686",,"417029","2031",,"O Programa de autorregulação de crédito responsável estabelece diretrizes e procedimentos a serem observados nas etapas de oferta e contratação de crédito e tratamento dos superendividados.","1","04/02/2024 20:53:08","04/02/2024 20:53:08"
"MULTCHOICE","False",,,,"802687",,"417029","2032",,"Integridade, equidade, respeito ao consumidor, transparência, excelência, sustentabilidade e confiança.","1","04/02/2024 20:53:23","04/02/2024 20:53:23"
"MULTCHOICE","False",,,,"802688",,"416829","2046",,"A fabricação de papel moeda.","1","04/02/2024 20:54:09","04/02/2024 20:54:09"
"MULTCHOICE","False",,,,"802689",,"416829","2067",,"Responde como devedor principal e solidário da obrigação e o nome do empregado não pode ser inscrito em cadastro de inadimplente.","1","04/02/2024 21:01:21","04/02/2024 21:01:21"
"MULTCHOICE","False",,,,"802690",,"417029","2047",,"Somatário.","0","04/02/2024 21:02:40","04/02/2024 21:02:40"
"MULTCHOICE","False",,,,"802691",,"417029","2025",,"Risco.","1","04/02/2024 21:03:07","04/02/2024 21:03:07"
"MULTCHOICE","False",,,,"802692",,"417029","2056",,"A operação financeira tenha sido realizada pela própria instituição financeira ou pela sociedade de arrendamento mercantil a ela vinculada.","1","04/02/2024 21:04:07","04/02/2024 21:06:07"
"MULTCHOICE","False",,,,"802693",,"416829","2027",,"Efetuada total ou parcialmente, acarreta obrigatoriamente a redução proporcional dos juros e demais acréscimos.","1","04/02/2024 21:04:59","04/02/2024 21:04:59"
"MULTCHOICE","False",,,,"802694",,"417029","2065",,"Da padronização dos documentos a serem utilizados nos procedimentos de oferta e contratação de operações de crédito direto ao consumidor e de arrendamento mercantil financeiro.","1","04/02/2024 21:07:04","04/02/2024 21:07:04"
"MULTCHOICE","False",,,,"802695",,"417029","2052",,"Distinguir fatos de opiniões, pessoais ou de mercado, com relação aos produtos e serviços oferecidos aos clientes.","1","04/02/2024 21:07:39","04/02/2024 21:07:39"
"MULTCHOICE","False",,,,"802696",,"417029","2030",,"O primeiro requisito do atendimento é o conhecimento, pois possibilita segurança ao tratar com o cliente.","1","04/02/2024 21:08:09","04/02/2024 21:08:09"
"MULTCHOICE","False",,,,"802697",,"417029","2036",,"Demonstrativo de pagamento de salário ou comprovante de benefício de aposentadoria/pensão, quando for o caso.","1","04/02/2024 21:13:29","04/02/2024 21:13:29"
"MULTCHOICE","False",,,,"802698",,"416829","2069",,"Aquisição.","1","04/02/2024 21:19:21","04/02/2024 21:19:21"
"MULTCHOICE","False",,,,"802699",,"416829","2054",,"Os Bancos de investimento.","0","04/02/2024 21:23:04","04/02/2024 21:23:04"
"MULTCHOICE","False",,,,"802700",,"417029","2021",,"Tarifa.","1","04/02/2024 21:24:29","04/02/2024 21:24:29"
"MULTCHOICE","False",,,,"802701",,"417029","2059",,"A inclusão de cláusula estipulando que o contratante será previamente informado da elevação respectiva, independentemente de previsão contratual.","0","04/02/2024 21:25:14","04/02/2024 21:25:14"
"MULTCHOICE","False",,,,"802702",,"417029","2023",,"Investimento e financiamento.","1","04/02/2024 21:27:12","04/02/2024 21:27:12"
"MULTCHOICE","False",,,,"802703",,"417029","2057",,"Nunca um temporário terá direito ao crédito consignado.","0","04/02/2024 21:32:43","04/02/2024 21:32:43"
"MULTCHOICE","False",,,,"802704",,"417029","2022",,"Todas as modalidades de crédito e todas as formas de operações creditícias.","1","04/02/2024 21:33:09","04/02/2024 21:33:09"
"MULTCHOICE","False",,,,"802705",,"417029","2040",,"Os titulares de benefícios de aposentadoria e pensão por morte pagos pelo INSS.","1","04/02/2024 21:37:39","04/02/2024 21:37:39"
"MULTCHOICE","False",,,,"802706",,"417029","2037",,"Cadastral.","1","04/02/2024 21:38:07","04/02/2024 21:38:07"
"MULTCHOICE","False",,,,"802707",,"416829","2068",,"Por meio das normativas do INSS.","1","04/02/2024 22:12:49","04/02/2024 22:12:49"
"MULTCHOICE","False",,,,"802708",,"416829","2044",,"De forma clara e legível, o Custo Efetivo Total (CET), o referencial de remuneração e a taxa mensal e anual de juros.","1","04/02/2024 22:13:48","04/02/2024 22:13:48"
"MULTCHOICE","False",,,,"802709",,"416829","2032",,"Integridade, equidade, respeito ao consumidor, transparência, excelência, sustentabilidade e confiança.","1","04/02/2024 22:22:29","04/02/2024 22:22:29"
"MULTCHOICE","False",,,,"802710",,"416829","2026",,"De todos os riscos, de modo detalhado, ainda que venha a perder o negócio.","1","04/02/2024 22:24:49","04/02/2024 22:24:49"
"MULTCHOICE","False",,,,"802748",,"416827","9901",,"A anulação das cláusulas contratuais que estabeleçam prestações desproporcionais ou sua revisão em razão de fatos supervenientes que as tornem excessivamente onerosas.","1","04/02/2024 11:12:18","04/02/2024 11:12:18"
"MULTCHOICE","False",,,,"802749",,"416827","9903",,"É correto afirmar que o produto é defeituoso quando não oferece a segurança que dele legitimamente se espera, independente da época que foi colocado em circulação.","1","04/02/2024 11:22:11","04/02/2024 11:30:06"
"MULTCHOICE","False",,,,"802750",,"416928","9902",,"O fornecedor de produtos e serviços que, posteriormente à sua introdução no mercado de consumo, tiver conhecimento da periculosidade que apresentem, deverá comunicar o fato imediatamente às autoridades competentes e aos consumidores, mediante anúncios publicitários.","1","04/02/2024 12:04:33","04/02/2024 12:04:33"
"MULTCHOICE","False",,,,"802751",,"416928","9913",,"Todas as clausulas são abusivas.","1","04/02/2024 12:27:43","04/02/2024 12:27:43"
"MULTCHOICE","False",,,,"802752",,"416928","9917",,"Admite-se o substabelecimento do contrato de correspondente, em um único nível, desde que o contrato inicial preveja essa possibilidade e as condições para sua efetivação, entre as quais a anuência da instituição contratante, com exceção das atividades de atendimento em operações de câmbio.","1","04/02/2024 12:43:40","04/02/2024 12:43:40"
"MULTCHOICE","False",,,,"802753",,"416828","2021",,"Tarifa.","1","04/02/2024 19:12:58","04/02/2024 19:12:58"
"MULTCHOICE","False",,,,"802754",,"416828","2054",,"As Sociedades de Arrendamento Mercantil.","0","04/02/2024 19:16:06","04/02/2024 19:16:06"
"MULTCHOICE","False",,,,"802755",,"416828","2056",,"A operação financeira tenha sido realizada pela própria instituição financeira ou pela sociedade de arrendamento mercantil a ela vinculada.","1","04/02/2024 19:16:51","04/02/2024 19:16:51"
"MULTCHOICE","False",,,,"802756",,"417029","2066",,"Normalmente prefixados, contudo, se previsto em contrato, podem ser pós-fixados.","1","04/02/2024 20:50:11","04/02/2024 20:50:11"
"MULTCHOICE","False",,,,"802757",,"416829","2041",,"Financeiro e operacional.","1","04/02/2024 20:50:12","04/02/2024 20:50:12"
"MULTCHOICE","False",,,,"802758",,"416829","2043",,"Ter a opção de comprar o bem por um valor previamente estabelecido ao final do contrato.","1","04/02/2024 20:58:09","04/02/2024 20:58:09"
"MULTCHOICE","False",,,,"802759",,"416829","2023",,"Investimento e financiamento.","1","04/02/2024 21:01:44","04/02/2024 21:01:44"
"MULTCHOICE","False",,,,"802760",,"416829","2057",,"For observada a vigência do contrato para fins do empréstimo ou de financiamentos.","1","04/02/2024 21:12:01","04/02/2024 21:12:01"
"MULTCHOICE","False",,,,"802761",,"416829","2033",,"Usar crachá de identificação visível ao cliente, ser ético e apresentar os planos oferecidos por todas as instituições para o cliente ter a opção de escolha.","1","04/02/2024 21:12:52","04/02/2024 21:12:52"
"MULTCHOICE","False",,,,"802762",,"417029","2055",,"De relacionamento, de sensibilidade e do negócio.","1","04/02/2024 21:13:06","04/02/2024 21:13:06"
"MULTCHOICE","False",,,,"802763",,"416829","2047",,"Somatário.","0","04/02/2024 21:16:53","04/02/2024 21:16:53"
"MULTCHOICE","False",,,,"802764",,"416829","2037",,"Cadastral.","1","04/02/2024 21:20:06","04/02/2024 21:20:06"
"MULTCHOICE","False",,,,"802765",,"416829","2052",,"Distinguir fatos de opiniões, pessoais ou de mercado, com relação aos produtos e serviços oferecidos aos clientes.","1","04/02/2024 21:22:41","04/02/2024 21:22:41"
"MULTCHOICE","False",,,,"802766",,"416829","2022",,"Todas as modalidades de crédito e todas as formas de operações creditícias.","1","04/02/2024 21:23:55","04/02/2024 21:23:55"
"MULTCHOICE","False",,,,"802767",,"417029","2067",,"Não pode ser cobrado nem ter seu nome inscrito como inadimplente por empréstimo feito por seu empregado.","0","04/02/2024 21:29:29","04/02/2024 21:29:29"
"MULTCHOICE","False",,,,"802768",,"416829","2034",,"É obrigatório ser cliente da instituição e possuir cadastro aprovado previamente.","0","04/02/2024 21:30:45","04/02/2024 21:30:45"
"MULTCHOICE","False",,,,"802769",,"417029","2068",,"Por meio das Resoluções do Banco Central do Brasil.","0","04/02/2024 21:31:05","04/02/2024 21:31:32"
"MULTCHOICE","False",,,,"802770",,"417029","2041",,"Financeiro e operacional.","1","04/02/2024 21:33:18","04/02/2024 21:33:18"
"MULTCHOICE","False",,,,"802771",,"416829","2064",,"É dever da ouvidoria quanto às reclamações recebidas.","1","04/02/2024 21:37:22","04/02/2024 21:37:22"
"MULTCHOICE","False",,,,"802772",,"417029","2070",,"Devolver o bem à empresa de arrendamento mercantil.","1","04/02/2024 21:40:43","04/02/2024 21:40:43"
"MULTCHOICE","False",,,,"802773",,"417029","2024",,"As entradas e saídas de valores (dinheiro) efetivadas no decorrer do tempo numa dada operação.","1","04/02/2024 21:41:05","04/02/2024 21:41:05"
"MULTCHOICE","False",,,,"802774",,"416829","2049",,"Verificar, sob avaliação da instituição financeira autorizada, eventual insolvência do contratante para privá-lo de crédito.","0","04/02/2024 21:48:34","04/02/2024 21:48:34"
"MULTCHOICE","False",,,,"802775",,"416829","2066",,"Sempre prefixados.","0","04/02/2024 22:03:43","04/02/2024 22:03:43"
"MULTCHOICE","False",,,,"802776",,"416829","2030",,"O primeiro requisito do atendimento é o conhecimento, pois possibilita segurança ao tratar com o cliente.","1","04/02/2024 22:04:18","04/02/2024 22:04:18"
"MULTCHOICE","False",,,,"802777",,"416829","2056",,"O somatório dos descontos e/ou retenções consignados para pagamento de empréstimo pessoal não exceda, a qualquer momento, a trinta por cento do valor do benefício.","0","04/02/2024 22:05:24","04/02/2024 22:05:24"
"MULTCHOICE","False",,,,"802778",,"416829","2050",,"Cinco dias úteis.","1","04/02/2024 22:06:25","04/02/2024 22:06:25"
"MULTCHOICE","False",,,,"802779",,"416829","2031",,"O Programa de autorregulação de crédito responsável estabelece diretrizes e procedimentos a serem observados nas etapas de oferta e contratação de crédito e tratamento dos superendividados.","1","04/02/2024 22:08:47","04/02/2024 22:08:47"
"MULTCHOICE","False",,,,"802780",,"416829","2060",,"Houver indícios de crime contra o Sistema Financeiro Monetário, dispensando inclusive a necessidade de inquérito policial.","0","04/02/2024 22:09:46","04/02/2024 22:09:46"
"MULTCHOICE","False",,,,"802781",,"416829","2048",,"Menor será o seu valor presente.","1","04/02/2024 22:24:03","04/02/2024 22:24:03"
"MULTCHOICE","False",,,,"802782",,"416829","2058",,"Em local visível no recinto das dependências das instituições e de seus correspondentes.","1","04/02/2024 22:25:49","04/02/2024 22:25:49"
"MULTCHOICE","False",,,,"802849",,"416827","9902",,"O fornecedor de produtos e serviços que, posteriormente à sua introdução no mercado de consumo, tiver conhecimento da periculosidade que apresentem, deverá comunicar o fato imediatamente às autoridades competentes e aos consumidores, mediante anúncios publicitários.","1","04/02/2024 11:17:25","04/02/2024 11:17:25"
"MULTCHOICE","False",,,,"802850",,"416827","9905",,"Podemos afirmar que é a impossibilidade manifesta de o consumidor pessoa natural, de boa-fé, pagar a totalidade de suas dívidas de consumo, exigíveis e vincendas, sem comprometer seu mínimo existencial, nos termos da regulamentação.","1","04/02/2024 11:42:46","04/02/2024 11:42:46"
"MULTCHOICE","False",,,,"802851",,"416827","9906",,"Levando-se em consideração as circunstâncias relevantes, como pela adoção de novas técnicas.","1","04/02/2024 11:48:16","04/02/2024 11:48:16"
"MULTCHOICE","False",,,,"802852",,"416928","9915",,"A proposta do Cartão de Crédito Diferenciado prevê a cobrança de eventual serviço prioritário.","0","04/02/2024 12:34:01","04/02/2024 12:34:01"
"MULTCHOICE","False",,,,"802853",,"416928","9916",,"O fornecedor deverá confirmar imediatamente o recebimento da aceitação da oferta.","0","04/02/2024 12:37:19","04/02/2024 12:37:27"
"MULTCHOICE","False",,,,"802854",,"416928","9918",,"Apenas as assertivas I e II estão corretas.","1","04/02/2024 12:49:10","04/02/2024 12:49:10"
"MULTCHOICE","False",,,,"802855",,"416928","9921",,"Para os fins deste Decreto, compreende-se por SAC o serviço de atendimento realizado por diversos canais integrados dos fornecedores de serviços regulados com a finalidade de dar tratamento às demandas dos consumidores, tais como informação, dúvida, reclamação, contestação, suspensão ou cancelamento de contratos e de serviços.","1","04/02/2024 15:13:41","04/02/2024 15:13:41"
"MULTCHOICE","False",,,,"802856",,"416828","2051",,"Encaminhar as reclamações recebidas às respectivas agências de atendimento habitual competente, após prestar esclarecimentos.","0","04/02/2024 18:59:12","04/02/2024 18:59:37"
"MULTCHOICE","False",,,,"802857",,"416828","2067",,"Não pode ser cobrado nem ter seu nome inscrito como inadimplente por empréstimo feito por seu empregado.","0","04/02/2024 19:00:17","04/02/2024 19:00:17"
"MULTCHOICE","False",,,,"802858",,"416828","2063",,"A cobrança será suspensa imediatamente, salvo se o fornecedor indicar o contrato e comprovar que o valor é efetivamente devido.","1","04/02/2024 19:03:46","04/02/2024 19:03:46"
"MULTCHOICE","False",,,,"802859",,"416828","2044",,"De forma clara e legível, o Custo Efetivo Total (CET), o referencial de remuneração e a taxa mensal e anual de juros.","1","04/02/2024 19:09:25","04/02/2024 19:09:25"
"MULTCHOICE","False",,,,"802860",,"416828","2025",,"Risco.","1","04/02/2024 19:09:45","04/02/2024 19:09:45"
"MULTCHOICE","False",,,,"802861",,"416828","2057",,"Nunca um temporário terá direito ao crédito consignado.","0","04/02/2024 19:11:04","04/02/2024 19:11:04"
"MULTCHOICE","False",,,,"802862",,"416828","2058",,"Em local visível, apenas para colaboradores, no recinto das dependências das instituições e de seus correspondentes.","0","04/02/2024 19:11:33","04/02/2024 19:11:33"
"MULTCHOICE","False",,,,"802863",,"416828","2029",,"O resumo contratual (sumário executivo) da operação.","1","04/02/2024 19:11:56","04/02/2024 19:11:56"
"MULTCHOICE","False",,,,"802864",,"416828","2069",,"Mercado.","0","04/02/2024 19:15:17","04/02/2024 19:15:17"
"MULTCHOICE","False",,,,"802865",,"416828","2053",,"O objetivo está em prestar esclarecimentos imediatos à referida equipe, sobre seus produtos e serviços e deve atender também às demandas dos seus clientes e usuários ao contratado.","1","04/02/2024 19:15:42","04/02/2024 19:15:42"
"MULTCHOICE","False",,,,"802866",,"416829","2045",,"da realização de operações de crédito mediante penhor civil de bens e a gestão dos recursos do FGTS. ","1","04/02/2024 20:35:50","04/02/2024 20:37:25"
"MULTCHOICE","False",,,,"802867",,"416829","2040",,"Os titulares de benefícios de aposentadoria e pensão por morte pagos pelo INSS.","1","04/02/2024 20:47:50","04/02/2024 20:47:50"
"MULTCHOICE","False",,,,"802868",,"416829","2059",,"A inclusão de cláusula estipulando que o contratante será previamente informado da elevação respectiva, independentemente de previsão contratual.","0","04/02/2024 20:48:50","04/02/2024 20:48:50"
"MULTCHOICE","False",,,,"802869",,"417029","2048",,"Menor será o seu valor presente.","1","04/02/2024 20:54:52","04/02/2024 20:54:52"
"MULTCHOICE","False",,,,"802870",,"417029","2063",,"A cobrança será suspensa imediatamente, mas caso ela seja procedente será cobrada em dobro.","0","04/02/2024 20:59:02","04/02/2024 20:59:02"
"MULTCHOICE","False",,,,"802871",,"416829","2021",,"Tarifa.","1","04/02/2024 21:11:08","04/02/2024 21:11:08"
"MULTCHOICE","False",,,,"802872",,"417029","2035",,"Leasing e Financiamento de Veículo.","0","04/02/2024 21:25:42","04/02/2024 21:25:42"
"MULTCHOICE","False",,,,"802873",,"416829","2062",,"Financiamento do consumo das pessoas físicas e do capital de giro das empresas.","1","04/02/2024 21:32:38","04/02/2024 21:32:38"
"MULTCHOICE","False",,,,"802874",,"417029","2051",,"Encaminhar resposta conclusiva para a demanda dos reclamantes, após dar adequado tratamento às reclamações recebidas.","1","04/02/2024 21:33:56","04/02/2024 21:33:56"
"MULTCHOICE","False",,,,"802875",,"417029","2039",,"Instituição consignatária é a instituição autorizada a conceder empréstimo ou financiamento.","1","04/02/2024 21:34:35","04/02/2024 21:34:35"
"MULTCHOICE","False",,,,"802876",,"417029","2054",,"As Sociedade de Crédito, Financiamento e Investimento (Financeiras).","1","04/02/2024 21:35:12","04/02/2024 21:35:12"
"MULTCHOICE","False",,,,"802877",,"417029","2062",,"Financiamento do consumo das pessoas físicas e do capital de giro das empresas.","1","04/02/2024 21:37:16","04/02/2024 21:37:16"
"MULTCHOICE","False",,,,"802878",,"417029","2069",,"Mercado.","0","04/02/2024 21:38:51","04/02/2024 21:38:51"
"MULTCHOICE","False",,,,"802879",,"417029","2038",,"Do valor total financiado e a taxa mensal e anual de juros.","1","04/02/2024 21:39:14","04/02/2024 21:39:14"
"MULTCHOICE","False",,,,"802880",,"416829","2035",,"Leasing e Financiamento de Veículo.","0","04/02/2024 21:39:46","04/02/2024 21:39:46"
"MULTCHOICE","False",,,,"802881",,"416829","2036",,"Demonstrativo de pagamento de salário ou comprovante de benefício de aposentadoria/pensão, quando for o caso.","1","04/02/2024 21:54:11","04/02/2024 21:54:11"
"MULTCHOICE","False",,,,"802882",,"416829","2038",,"Do valor total financiado e a taxa mensal e anual de juros.","1","04/02/2024 22:10:49","04/02/2024 22:10:49"
"MULTCHOICE","False",,,,"802950",,"417231","2368",,"Financeiro e operacional. ","1","05/02/2024 16:09:12","05/02/2024 16:09:12"
"MULTCHOICE","False",,,,"802951",,"417231","2369",,"Solicitar que a empresa de arrendamento mercantil assuma todas as despesas com o seguro do bem.","1","05/02/2024 16:10:50","05/02/2024 16:10:50"
"MULTCHOICE","False",,,,"802952",,"417231","2376",,"Cinco dias úteis.","1","05/02/2024 16:13:03","05/02/2024 16:13:03"
"MULTCHOICE","False",,,,"802953",,"417231","2373",,"Somatário.","0","05/02/2024 16:26:30","05/02/2024 16:26:30"
"MULTCHOICE","False",,,,"802954",,"417231","2370",,"Ter a opção de comprar o bem por um valor previamente estabelecido ao final do contrato.","1","05/02/2024 16:27:02","05/02/2024 16:27:02"
"MULTCHOICE","False",,,,"802955",,"417231","2363",,"Efetuada total ou parcialmente, acarreta obrigatoriamente a redução proporcional dos juros e demais acréscimos.","1","05/02/2024 16:29:05","05/02/2024 16:32:48"
"MULTCHOICE","False",,,,"802956",,"417231","2385",,"Sempre prefixados.","0","05/02/2024 16:33:07","05/02/2024 16:33:07"
"MULTCHOICE","False",,,,"802957",,"417232","9899",,"Concessionária que compra um carro para vender na loja.","1","05/02/2024 16:33:08","05/02/2024 16:33:08"
"MULTCHOICE","False",,,,"802958",,"417231","2374",,"Menor será o seu valor presente.","1","05/02/2024 16:37:12","05/02/2024 16:37:12"
"MULTCHOICE","False",,,,"802959",,"417231","2359",,"Tarifa.","1","05/02/2024 16:37:43","05/02/2024 16:37:43"
"MULTCHOICE","False",,,,"802960",,"417231","2360",,"Investimento e financiamento.","1","05/02/2024 16:40:57","05/02/2024 16:40:57"
"MULTCHOICE","False",,,,"802961",,"417231","2380",,"Em local visível no recinto das dependências das instituições e de seus correspondentes.","1","05/02/2024 16:41:14","05/02/2024 16:41:14"
"MULTCHOICE","False",,,,"802962",,"417232","9916",,"O fornecedor deverá confirmar imediatamente o recebimento da aceitação da oferta.","0","05/02/2024 16:52:01","05/02/2024 16:52:01"
"MULTCHOICE","False",,,,"802963",,"417232","9922",,"Apenas as assertivas I e IV estão corretas.","1","05/02/2024 16:56:26","05/02/2024 16:56:26"
"MULTCHOICE","False",,,,"802964",,"417232","9924",,"O consumidor deve ser sempre informado sobre a solução de sua demanda e, necessariamente, a instituição financeira deve enviar, por correspondência ou meio eletrônico, a critério do consumidor, a comprovação dessa solução, em linguagem clara, objetiva e que aborde todos os pontos da demanda.","0","05/02/2024 16:57:13","05/02/2024 16:57:13"
"MULTCHOICE","False",,,,"802965",,"417233","2058",,"Em local visível no recinto das dependências das instituições e de seus correspondentes.","1","05/02/2024 20:08:25","05/02/2024 20:08:25"
"MULTCHOICE","False",,,,"802966",,"417233","2036",,"Demonstrativo de pagamento de salário ou comprovante de benefício de aposentadoria/pensão, quando for o caso.","1","05/02/2024 20:09:16","05/02/2024 20:09:16"
"MULTCHOICE","False",,,,"802967",,"417233","2068",,"Nos convênios celebrados entre instituições securitárias e INSS.","0","05/02/2024 20:09:49","05/02/2024 20:09:49"
"MULTCHOICE","False",,,,"802968",,"417233","2023",,"Investimento e financiamento.","1","05/02/2024 20:10:05","05/02/2024 20:10:05"
"MULTCHOICE","False",,,,"802969",,"417233","2022",,"Todas as modalidades de crédito e todas as formas de operações creditícias.","1","05/02/2024 20:10:47","05/02/2024 20:10:47"
"MULTCHOICE","False",,,,"802970",,"417233","2051",,"Encaminhar resposta conclusiva para a demanda dos reclamantes, após dar adequado tratamento às reclamações recebidas.","1","05/02/2024 20:11:41","05/02/2024 20:11:41"
"MULTCHOICE","False",,,,"802971",,"417233","2069",,"Mercado.","0","05/02/2024 20:12:02","05/02/2024 20:12:02"
"MULTCHOICE","False",,,,"802972",,"417233","2043",,"Ter a opção de comprar o bem por um valor previamente estabelecido ao final do contrato.","1","05/02/2024 20:12:27","05/02/2024 20:12:27"
"MULTCHOICE","False",,,,"802973",,"417233","2054",,"As Sociedade de Crédito, Financiamento e Investimento (Financeiras).","1","05/02/2024 20:12:50","05/02/2024 20:12:50"
"MULTCHOICE","False",,,,"802974",,"417233","2055",,"De relacionamento, de sensibilidade e do negócio.","1","05/02/2024 20:14:22","05/02/2024 20:14:22"
"MULTCHOICE","False",,,,"802975",,"417233","2034",,"Não é necessário ser cliente da instituição, mas ter cadastro aprovado.","1","05/02/2024 20:14:50","05/02/2024 20:14:50"
"MULTCHOICE","False",,,,"802976",,"417233","2032",,"Integridade, equidade, respeito ao consumidor, transparência, excelência, sustentabilidade e confiança.","1","05/02/2024 20:18:19","05/02/2024 20:18:19"
"MULTCHOICE","False",,,,"802977",,"417233","2053",,"Tem o objetivo de facilitar o ajuste dos valores que eles devem informar ao BNDES duas vezes por mês.","0","05/02/2024 20:19:44","05/02/2024 20:19:44"
"MULTCHOICE","False",,,,"802978",,"417233","2035",,"Rotativas (exemplo   :   cheque especial) e pontuais (parcelas e prazo fixo).","1","05/02/2024 20:20:24","05/02/2024 20:20:24"
"MULTCHOICE","False",,,,"802979",,"417233","2025",,"Risco.","1","05/02/2024 20:20:55","05/02/2024 20:20:55"
"MULTCHOICE","False",,,,"802980",,"417233","2067",,"Responde como devedor principal e solidário da obrigação e o nome do empregado não pode ser inscrito em cadastro de inadimplente.","1","05/02/2024 20:25:28","05/02/2024 20:25:28"
"MULTCHOICE","False",,,,"802981",,"417233","2042",,"Solicitar que a empresa de arrendamento mercantil assuma todas as despesas com o seguro do bem.","1","05/02/2024 20:27:45","05/02/2024 20:27:45"
"MULTCHOICE","False",,,,"802982",,"417233","2039",,"Instituição consignatária é a instituição autorizada a conceder empréstimo ou financiamento.","1","05/02/2024 20:37:05","05/02/2024 20:37:05"
"MULTCHOICE","False",,,,"802983",,"417234","14546",,"Acompanhar o cenário econômico e compreender os fatores que influenciam. ","1","05/02/2024 20:55:26","05/02/2024 20:55:26"
"MULTCHOICE","False",,,,"802984",,"417234","14443",,"Modelo estatístico baseado em dados cadastrais utilizado na iniciação do crédito.","1","05/02/2024 20:56:02","05/02/2024 20:56:02"
"MULTCHOICE","False",,,,"802985",,"417234","14244",,"Apontamentos cadastrais, atrasos, piora do [i]rating[/i].","1","05/02/2024 20:56:20","05/02/2024 20:56:20"
"MULTCHOICE","False",,,,"802986",,"417234","14243",,"Os indicadores dizem muito sobre a saúde financeira da empresa e sua capacidade de pagamento.","1","05/02/2024 20:57:01","05/02/2024 20:57:01"
"MULTCHOICE","False",,,,"802987",,"417131","2345",,"A operação financeira tenha sido realizada pela própria instituição financeira ou pela sociedade de arrendamento mercantil a ela vinculada.","1","05/02/2024 22:04:05","05/02/2024 22:05:34"
"MULTCHOICE","False",,,,"802988",,"417131","2332",,"É obrigatório ser cliente da instituição e possuir cadastro aprovado previamente.","0","05/02/2024 22:05:51","05/02/2024 22:05:51"
"MULTCHOICE","False",,,,"802989",,"417131","2326",,"Risco.","1","05/02/2024 22:06:22","05/02/2024 22:06:22"
"MULTCHOICE","False",,,,"802990",,"417131","2351",,"Responde como devedor principal e solidário da obrigação e o nome do empregado não pode ser inscrito em cadastro de inadimplente.","1","05/02/2024 22:06:38","05/02/2024 22:06:52"
"MULTCHOICE","False",,,,"802991",,"417131","2327",,"De todos os riscos, de modo detalhado, ainda que venha a perder o negócio.","1","05/02/2024 22:10:44","05/02/2024 22:10:51"
"MULTCHOICE","False",,,,"802992",,"417131","2356",,"As entradas e saídas de valores (dinheiro) efetivadas no decorrer do tempo numa dada operação.","1","05/02/2024 22:13:54","05/02/2024 22:13:54"
"MULTCHOICE","False",,,,"802993",,"417131","2330",,"O Programa de autorregulação de crédito responsável estabelece diretrizes e procedimentos a serem observados nas etapas de oferta e contratação de crédito e tratamento dos superendividados.","1","05/02/2024 22:16:48","05/02/2024 22:16:48"
"MULTCHOICE","False",,,,"802994",,"417131","2343",,"O objetivo está em prestar esclarecimentos imediatos à referida equipe, sobre seus produtos e serviços e deve atender também às demandas dos seus clientes e usuários ao contratado.","1","05/02/2024 22:19:31","05/02/2024 22:19:31"
"MULTCHOICE","False",,,,"802995",,"417131","2323",,"FMI.","1","05/02/2024 22:21:38","05/02/2024 22:21:38"
"MULTCHOICE","False",,,,"802996",,"417132","2059",,"A inclusão de cláusula estipulando que o contratante será previamente informado da elevação respectiva, independentemente de previsão contratual.","0","05/02/2024 22:51:42","05/02/2024 22:52:26"
"MULTCHOICE","False",,,,"802997",,"417132","2022",,"Todas as modalidades de crédito e as formas de operação creditícia, com exceção de aceites.","0","05/02/2024 22:52:41","05/02/2024 22:52:57"
"MULTCHOICE","False",,,,"802998",,"417132","2065",,"Da tabela de juros e prazos a ser empregada nas operações de crédito direto ao consumidor e de arrendamento mercantil financeiro.","0","05/02/2024 22:53:50","05/02/2024 22:54:12"
"MULTCHOICE","False",,,,"802999",,"417132","2055",,"De relacionamento, de sensibilidade e do negócio.","1","05/02/2024 22:58:57","05/02/2024 22:58:57"
"MULTCHOICE","False",,,,"803000",,"417132","2050",,"Cinco dias úteis.","1","05/02/2024 23:00:16","05/02/2024 23:00:16"
"MULTCHOICE","False",,,,"803001",,"417132","2064",,"É dever da ouvidoria guardar por mais de 10 anos o histórico das reclamações recebidas.","0","05/02/2024 23:02:10","05/02/2024 23:02:13"
"MULTCHOICE","False",,,,"803002",,"417132","2060",,"Houver indícios de crime contra o Sistema Financeiro Monetário, dispensando inclusive a necessidade de inquérito policial.","0","05/02/2024 23:03:00","05/02/2024 23:03:00"
"MULTCHOICE","False",,,,"803003",,"417132","2040",,"Os titulares de benefícios de aposentadoria e pensão por morte pagos pelo INSS.","1","05/02/2024 23:10:00","05/02/2024 23:10:00"
"MULTCHOICE","False",,,,"803004",,"417132","2041",,"Financeiro e operacional.","1","05/02/2024 23:15:35","05/02/2024 23:15:35"
"MULTCHOICE","False",,,,"803005",,"417132","2052",,"Comunicar informação falsa ou enganosa para agilizar o processo de análise de crédito do cliente.","0","05/02/2024 23:24:11","05/02/2024 23:24:11"
"MULTCHOICE","False",,,,"803051",,"417231","2371",,"De forma clara e legível, o Custo Efetivo Total (CET), o referencial de remuneração e a taxa mensal e anual de juros.","1","05/02/2024 16:09:53","05/02/2024 16:09:53"
"MULTCHOICE","False",,,,"803052",,"417231","2361",,"Risco.","1","05/02/2024 16:11:48","05/02/2024 16:11:48"
"MULTCHOICE","False",,,,"803053",,"417231","2372",,"Realizar o financiamento do setor habitacional.","0","05/02/2024 16:12:25","05/02/2024 16:12:25"
"MULTCHOICE","False",,,,"803054",,"417231","2362",,"De todos os riscos, de modo detalhado, ainda que venha a perder o negócio.","1","05/02/2024 16:24:31","05/02/2024 16:24:31"
"MULTCHOICE","False",,,,"803055",,"417231","2379",,"As Sociedades de Arrendamento Mercantil.","0","05/02/2024 16:24:53","05/02/2024 16:28:20"
"MULTCHOICE","False",,,,"803056",,"417231","2387",,"Desfrutar do bem gratuitamente até o fim de sua vida útil.","0","05/02/2024 16:28:33","05/02/2024 16:32:15"
"MULTCHOICE","False",,,,"803057",,"417232","9898",,"A venda do seu imóvel para um comprador.","1","05/02/2024 16:32:15","05/02/2024 16:32:15"
"MULTCHOICE","False",,,,"803058",,"417231","2378",,"O objetivo está em prestar esclarecimentos imediatos à referida equipe, sobre seus produtos e serviços e deve atender também às demandas dos seus clientes e usuários ao contratado.","1","05/02/2024 16:39:10","05/02/2024 16:39:10"
"MULTCHOICE","False",,,,"803059",,"417232","9904",,"É correto afirmar que o fabricante, o produtor, o construtor, nacional ou estrangeiro, e o importador respondem, se houver prova de culpa, pela reparação dos danos causados aos consumidores por defeitos relativos à prestação dos serviços.","0","05/02/2024 16:39:36","05/02/2024 16:39:47"
"MULTCHOICE","False",,,,"803060",,"417232","9905",,"Podemos afirmar que é a impossibilidade manifesta de o consumidor de pagar as suas dívidas de consumo, independente de serem decorrentes de relação de consumo, inclusive operações de crédito, compras a prazo e serviços de prestação continuada.","0","05/02/2024 16:40:41","05/02/2024 16:40:41"
"MULTCHOICE","False",,,,"803061",,"417232","9911",,"A informação I desrespeita as Resoluções.","1","05/02/2024 16:46:54","05/02/2024 16:46:58"
"MULTCHOICE","False",,,,"803062",,"417232","9913",,"Todas as clausulas são abusivas.","1","05/02/2024 16:48:39","05/02/2024 16:48:39"
"MULTCHOICE","False",,,,"803063",,"417232","9914",,"O Pacote de Serviços Z é o mais completo, mas não inclui os serviços vinculados ao cartão de crédito.","0","05/02/2024 16:49:43","05/02/2024 16:49:43"
"MULTCHOICE","False",,,,"803064",,"417232","9918",,"Apenas as assertivas I e III estão corretas.","0","05/02/2024 16:53:52","05/02/2024 16:53:52"
"MULTCHOICE","False",,,,"803065",,"417232","9921",,"Para os fins deste Decreto, compreende-se por SAC o serviço de atendimento telefônico das prestadoras de serviços regulados que tenham como finalidade resolver as demandas dos consumidores sobre informação, dúvida, reclamação, contratação, suspensão ou cancelamento de contratos e de serviços.","0","05/02/2024 16:54:58","05/02/2024 16:54:58"
"MULTCHOICE","False",,,,"803066",,"417232","9923",,"O pedido de cancelamento será permitido e assegurado ao consumidor por todos os meios disponíveis para a contratação do serviço, sem aplicação de multas decorrentes de cláusulas contratuais.","0","05/02/2024 16:56:42","05/02/2024 16:56:42"
"MULTCHOICE","False",,,,"803067",,"417232","9925",,"Uma vez tomadas tais ações pelo consumidor, no prazo a ele informado, os efeitos do cancelamento serão válidos desde o momento da efetivação, conforme assinalado no protocolo a ele fornecido.","0","05/02/2024 16:57:44","05/02/2024 16:57:44"
"MULTCHOICE","False",,,,"803068",,"417232","9926",,"A ouvidoria não pode estar vinculada a componente organizacional da unidade responsável pela gestão de marketing.","1","05/02/2024 16:58:07","05/02/2024 16:58:07"
"MULTCHOICE","False",,,,"803069",,"417232","9927",,"Apenas as assertivas II e III estão corretas.","0","05/02/2024 16:58:46","05/02/2024 16:58:46"
"MULTCHOICE","False",,,,"803070",,"417233","2062",,"Financiamento do consumo das pessoas físicas e do capital de giro das empresas.","1","05/02/2024 20:00:28","05/02/2024 20:00:28"
"MULTCHOICE","False",,,,"803071",,"417233","2050",,"Cinco dias úteis.","1","05/02/2024 20:00:51","05/02/2024 20:00:51"
"MULTCHOICE","False",,,,"803072",,"417233","2040",,"Os titulares de benefícios de aposentadoria e pensão por morte pagos pelo INSS.","1","05/02/2024 20:01:34","05/02/2024 20:01:34"
"MULTCHOICE","False",,,,"803073",,"417233","2052",,"Distinguir fatos de opiniões, pessoais ou de mercado, com relação aos produtos e serviços oferecidos aos clientes.","1","05/02/2024 20:15:53","05/02/2024 20:15:53"
"MULTCHOICE","False",,,,"803074",,"417233","2056",,"A operação financeira tenha sido realizada pela própria instituição financeira ou pela sociedade de arrendamento mercantil a ela vinculada.","1","05/02/2024 20:22:58","05/02/2024 20:22:58"
"MULTCHOICE","False",,,,"803075",,"417233","2029",,"O resumo contratual (sumário executivo) da operação.","1","05/02/2024 20:23:23","05/02/2024 20:23:23"
"MULTCHOICE","False",,,,"803076",,"417233","2060",,"Houver indícios de crime contra o Sistema Financeiro Monetário, dispensando inclusive a necessidade de inquérito policial.","0","05/02/2024 20:24:33","05/02/2024 20:24:33"
"MULTCHOICE","False",,,,"803077",,"417233","2031",,"As signatárias devem manter, na sua publicidade de produtos de crédito, mensagem que oriente o consumidor ao uso irresponsável do crédito.","0","05/02/2024 20:30:52","05/02/2024 20:30:52"
"MULTCHOICE","False",,,,"803078",,"417233","2065",,"Dos impostos e taxas incidentes nas operações de crédito direto ao consumidor e de arrendamento mercantil financeiro.","0","05/02/2024 20:33:44","05/02/2024 20:33:44"
"MULTCHOICE","False",,,,"803079",,"417233","2044",,"De forma clara e legível, o Custo Efetivo Total (CET), o referencial de remuneração e a taxa mensal e anual de juros.","1","05/02/2024 20:34:45","05/02/2024 20:34:45"
"MULTCHOICE","False",,,,"803080",,"417234","14247",,"É a probabilidade de se ter um resultado diferente do esperado.","1","05/02/2024 20:58:40","05/02/2024 20:58:40"
"MULTCHOICE","False",,,,"803081",,"417234","14449",,"Indica a capacidade de agregar valor a partir do capital próprio.","0","05/02/2024 20:59:07","05/02/2024 20:59:07"
"MULTCHOICE","False",,,,"803082",,"417131","2336",,"De forma clara e legível, o limite de crédito disponível e a taxa mensal de juros.","0","05/02/2024 21:49:47","05/02/2024 21:49:47"
"MULTCHOICE","False",,,,"803083",,"417131","2331",,"Usar crachá de identificação visível ao cliente, ser ético e apresentar os planos oferecidos por todas as instituições para o cliente ter a opção de escolha.","1","05/02/2024 22:09:31","05/02/2024 22:09:39"
"MULTCHOICE","False",,,,"803084",,"417131","2342",,"Distinguir fatos de opiniões, pessoais ou de mercado, com relação aos produtos e serviços oferecidos aos clientes.","1","05/02/2024 22:17:08","05/02/2024 22:17:16"
"MULTCHOICE","False",,,,"803085",,"417131","2334",,"Instituição consignatária é a instituição autorizada a conceder empréstimo ou financiamento.","1","05/02/2024 22:20:14","05/02/2024 22:20:14"
"MULTCHOICE","False",,,,"803086",,"417131","2355",,"Encaminhar resposta conclusiva para a demanda dos reclamantes, após dar adequado tratamento às reclamações recebidas.","1","05/02/2024 22:21:00","05/02/2024 22:21:00"
"MULTCHOICE","False",,,,"803087",,"417131","2340",,"Verificar a adequação da oferta de crédito realizada ao perfil econômico e a capacidade de pagamento do consumidor contratante.","1","05/02/2024 22:21:25","05/02/2024 22:21:25"
"MULTCHOICE","False",,,,"803088",,"417131","2324",,"Tarifa.","1","05/02/2024 22:22:05","05/02/2024 22:22:05"
"MULTCHOICE","False",,,,"803089",,"417131","2329",,"O fornecedor deverá informar em 5 dias úteis a todos os bancos de dados para a retirada da negativação em nome do consumidor.","1","05/02/2024 22:23:32","05/02/2024 22:23:32"
"MULTCHOICE","False",,,,"803090",,"417131","2347",,"Houver processo administrativo instaurado e tais exames sejam considerados indispensáveis pela autoridade administrativa competente.","1","05/02/2024 22:24:05","05/02/2024 22:24:05"
"MULTCHOICE","False",,,,"803091",,"417132","2051",,"Encaminhar as reclamações recebidas às respectivas agências de atendimento habitual competente, após prestar esclarecimentos.","0","05/02/2024 22:55:09","05/02/2024 22:55:09"
"MULTCHOICE","False",,,,"803092",,"417132","2054",,"As Sociedade de Crédito, Financiamento e Investimento (Financeiras).","1","05/02/2024 22:55:31","05/02/2024 22:55:31"
"MULTCHOICE","False",,,,"803093",,"417132","2057",,"For observada a vigência do contrato para fins do empréstimo ou de financiamentos.","1","05/02/2024 22:55:57","05/02/2024 22:55:57"
"MULTCHOICE","False",,,,"803094",,"417132","2053",,"O objetivo está em prestar esclarecimentos imediatos à referida equipe, sobre seus produtos e serviços e deve atender também às demandas dos seus clientes e usuários ao contratado.","1","05/02/2024 22:56:32","05/02/2024 22:56:32"
"MULTCHOICE","False",,,,"803095",,"417132","2036",,"Demonstrativo de pagamento de salário ou comprovante de benefício de aposentadoria/pensão, quando for o caso.","1","05/02/2024 22:58:07","05/02/2024 22:58:07"
"MULTCHOICE","False",,,,"803096",,"417132","2027",,"Efetuada total ou parcialmente, acarreta obrigatoriamente a redução proporcional dos juros e demais acréscimos.","1","05/02/2024 22:58:13","05/02/2024 22:58:13"
"MULTCHOICE","False",,,,"803097",,"417132","2056",,"O somatório dos descontos e/ou retenções consignados para pagamento de empréstimo pessoal não exceda, a qualquer momento, a trinta por cento do valor do benefício.","0","05/02/2024 23:08:24","05/02/2024 23:08:24"
"MULTCHOICE","False",,,,"803098",,"417132","2048",,"Menor será o seu valor presente.","1","05/02/2024 23:08:47","05/02/2024 23:08:47"
"MULTCHOICE","False",,,,"803099",,"417132","2043",,"Ter a opção de comprar o bem por um valor previamente estabelecido ao final do contrato.","1","05/02/2024 23:09:14","05/02/2024 23:09:14"
"MULTCHOICE","False",,,,"803100",,"417132","2032",,"Integridade, equidade, respeito ao consumidor, transparência, excelência, sustentabilidade e confiança.","1","05/02/2024 23:10:37","05/02/2024 23:10:37"
"MULTCHOICE","False",,,,"803101",,"417132","2021",,"Tarifa.","1","05/02/2024 23:11:17","05/02/2024 23:11:17"
"MULTCHOICE","False",,,,"803102",,"417132","2020",,"FMI.","1","05/02/2024 23:11:37","05/02/2024 23:11:37"
"MULTCHOICE","False",,,,"803103",,"417132","2061",,"Mensal.","0","05/02/2024 23:12:07","05/02/2024 23:12:07"
"MULTCHOICE","False",,,,"803104",,"417132","2039",,"Mutuário é o empregador, a pessoa jurídica definida pela legislação trabalhista.","0","05/02/2024 23:13:00","05/02/2024 23:13:00"
"MULTCHOICE","False",,,,"803105",,"417132","2049",,"Verificar a adequação da oferta de crédito realizada ao perfil econômico e a capacidade de pagamento do consumidor contratante.","1","05/02/2024 23:14:15","05/02/2024 23:14:15"
"MULTCHOICE","False",,,,"803106",,"417132","2024",,"As entradas e saídas de valores (dinheiro) efetivadas no decorrer do tempo numa dada operação.","1","05/02/2024 23:14:42","05/02/2024 23:14:42"
"MULTCHOICE","False",,,,"803107",,"417132","2063",,"O consumidor será informado sobre a resolução de sua demanda no prazo máximo de setenta e duas horas por correspondência ou por meio eletrônico, a seu critério.","0","05/02/2024 23:16:17","05/02/2024 23:16:30"
"MULTCHOICE","False",,,,"803108",,"417132","2066",,"Extraídos da Tabela SAC.","0","05/02/2024 23:16:51","05/02/2024 23:16:51"
"MULTCHOICE","False",,,,"803109",,"417132","2046",,"A fabricação de papel moeda.","1","05/02/2024 23:17:04","05/02/2024 23:17:31"
"MULTCHOICE","False",,,,"803110",,"417132","2044",,"De forma clara e legível, o Custo Efetivo Total (CET), o referencial de remuneração e a taxa mensal e anual de juros.","1","05/02/2024 23:25:15","05/02/2024 23:25:15"
"MULTCHOICE","False",,,,"803111",,"417132","2070",,"Devolver o bem à empresa de arrendamento mercantil.","1","05/02/2024 23:25:58","05/02/2024 23:25:58"
"MULTCHOICE","False",,,,"803112",,"417132","2034",,"Não é necessário ser cliente da instituição, mas ter cadastro aprovado.","1","05/02/2024 23:30:18","05/02/2024 23:30:18"
"MULTCHOICE","False",,,,"803113",,"417132","2047",,"Somatário.","0","05/02/2024 23:30:33","05/02/2024 23:31:06"
"MULTCHOICE","False",,,,"803152",,"417231","2375",,"Investigar, com base nas informações declaradas e disponíveis nos bancos de dados, eventual negativação do contratante para lhe vedar acesso ao crédito.","0","05/02/2024 16:13:24","05/02/2024 16:23:53"
"MULTCHOICE","False",,,,"803153",,"417231","2381",,"A inclusão de cláusula estipulando que o contratante será previamente informado da elevação respectiva, independentemente de previsão contratual.","0","05/02/2024 16:35:46","05/02/2024 16:35:46"
"MULTCHOICE","False",,,,"803154",,"417231","2366",,"Usar crachá de identificação visível ao cliente, ser ético e apresentar os planos oferecidos por todas as instituições para o cliente ter a opção de escolha.","1","05/02/2024 16:39:48","05/02/2024 16:39:48"
"MULTCHOICE","False",,,,"803155",,"417231","2383",,"O consumidor será informado sobre a resolução de sua demanda no prazo máximo de setenta e duas horas por correspondência ou por meio eletrônico, a seu critério.","0","05/02/2024 16:42:11","05/02/2024 16:42:11"
"MULTCHOICE","False",,,,"803156",,"417231","2382",,"Houver processo administrativo instaurado e tais exames sejam considerados indispensáveis pela autoridade administrativa competente.","1","05/02/2024 16:42:25","05/02/2024 16:43:14"
"MULTCHOICE","False",,,,"803157",,"417232","9907",,"Não sendo o vício sanado no prazo máximo de trinta dias, pode o consumidor exigir a substituição do produto por outro da mesma espécie.","0","05/02/2024 16:42:31","05/02/2024 16:43:06"
"MULTCHOICE","False",,,,"803158",,"417232","9912",,"Todas as afirmativas estão corretas.","0","05/02/2024 16:47:30","05/02/2024 16:47:30"
"MULTCHOICE","False",,,,"803159",,"417232","9919",,"Manter serviço adequado e eficaz de atendimento presencial, que possibilite ao consumidor a resolução de demandas referentes a informação, dúvida, reclamação, suspensão ou cancelamento do contrato.","1","05/02/2024 16:54:23","05/02/2024 16:54:23"
"MULTCHOICE","False",,,,"803160",,"417232","9920",,"O atendimento prioritário para pessoas com deficiência ou com mobilidade reduzida, temporária ou definitiva, idosos, com idade igual ou superior a 60 (sessenta) anos, gestantes, lactantes e pessoas acompanhadas por criança de colo deve disponibilizar guichê de caixa para atendimento preferencial.","0","05/02/2024 16:54:32","05/02/2024 16:54:32"
"MULTCHOICE","False",,,,"803161",,"417233","2063",,"A cobrança será suspensa imediatamente, salvo se o fornecedor indicar o contrato e comprovar que o valor é efetivamente devido.","1","05/02/2024 20:02:31","05/02/2024 20:02:31"
"MULTCHOICE","False",,,,"803162",,"417233","2033",,"Usar crachá de identificação visível ao cliente, ser ético e apresentar os planos oferecidos por todas as instituições para o cliente ter a opção de escolha.","1","05/02/2024 20:03:05","05/02/2024 20:03:05"
"MULTCHOICE","False",,,,"803163",,"417233","2024",,"As entradas e saídas de valores (dinheiro) efetivadas no decorrer do tempo numa dada operação.","1","05/02/2024 20:03:49","05/02/2024 20:03:49"
"MULTCHOICE","False",,,,"803164",,"417233","2048",,"Menor será o seu valor presente.","1","05/02/2024 20:04:56","05/02/2024 20:04:56"
"MULTCHOICE","False",,,,"803165",,"417233","2027",,"Efetuada total ou parcialmente, acarreta obrigatoriamente a redução proporcional dos juros e demais acréscimos.","1","05/02/2024 20:06:06","05/02/2024 20:06:06"
"MULTCHOICE","False",,,,"803166",,"417233","2030",,"O primeiro requisito do atendimento é o conhecimento, pois possibilita segurança ao tratar com o cliente.","1","05/02/2024 20:06:58","05/02/2024 20:06:58"
"MULTCHOICE","False",,,,"803167",,"417233","2057",,"For observada a vigência do contrato para fins do empréstimo ou de financiamentos.","1","05/02/2024 20:07:22","05/02/2024 20:07:22"
"MULTCHOICE","False",,,,"803168",,"417233","2045",,"da realização de operações de crédito mediante penhor civil de bens e a gestão dos recursos do FGTS. ","1","05/02/2024 20:23:38","05/02/2024 20:23:38"
"MULTCHOICE","False",,,,"803169",,"417233","2061",,"Mensal.","0","05/02/2024 20:28:39","05/02/2024 20:28:39"
"MULTCHOICE","False",,,,"803170",,"417233","2037",,"Cadastral.","1","05/02/2024 20:37:28","05/02/2024 20:37:28"
"MULTCHOICE","False",,,,"803171",,"417234","14547",,"Modelo de avaliação de crédito baseado no julgamento humano, experiência e sensibilidade do analista.","1","05/02/2024 20:57:21","05/02/2024 20:57:21"
"MULTCHOICE","False",,,,"803172",,"417234","14553",,"Que a empresa contabiliza prejuízos acumulados.","0","05/02/2024 21:00:07","05/02/2024 21:00:07"
"MULTCHOICE","False",,,,"803173",,"417131","2346",,"Nunca um temporário terá direito ao crédito consignado.","0","05/02/2024 21:50:07","05/02/2024 21:50:07"
"MULTCHOICE","False",,,,"803174",,"417131","2339",,"Menor será o seu valor presente.","1","05/02/2024 21:52:54","05/02/2024 21:53:14"
"MULTCHOICE","False",,,,"803175",,"417131","2328",,"Efetuada total ou parcialmente, acarreta obrigatoriamente a redução proporcional dos juros e demais acréscimos.","1","05/02/2024 21:54:18","05/02/2024 21:54:22"
"MULTCHOICE","False",,,,"803176",,"417131","2353",,"Financiamento do consumo das pessoas físicas e do capital de giro das empresas.","1","05/02/2024 22:08:35","05/02/2024 22:08:35"
"MULTCHOICE","False",,,,"803177",,"417131","2325",,"Investimento e financiamento. ","1","05/02/2024 22:16:11","05/02/2024 22:16:11"
"MULTCHOICE","False",,,,"803178",,"417131","2341",,"Quinze dias úteis.","0","05/02/2024 22:16:29","05/02/2024 22:16:29"
"MULTCHOICE","False",,,,"803179",,"417132","2033",,"Usar crachá de identificação visível ao cliente, ser ético e apresentar os planos oferecidos por todas as instituições para o cliente ter a opção de escolha.","1","05/02/2024 23:22:23","05/02/2024 23:22:23"
"MULTCHOICE","False",,,,"803180",,"417132","2058",,"Em local visível no recinto das dependências das instituições e de seus correspondentes.","1","05/02/2024 23:22:58","05/02/2024 23:22:58"
"MULTCHOICE","False",,,,"803181",,"417132","2026",,"De todos os riscos, de modo detalhado, ainda que venha a perder o negócio.","1","05/02/2024 23:29:23","05/02/2024 23:29:44"
"MULTCHOICE","False",,,,"803253",,"417231","2365",,"As signatárias devem manter, na sua publicidade de produtos de crédito, mensagem que oriente o consumidor ao uso irresponsável do crédito.","0","05/02/2024 16:26:00","05/02/2024 16:26:00"
"MULTCHOICE","False",,,,"803254",,"417231","2367",,"Não é necessário ser cliente da instituição, mas ter cadastro aprovado.","1","05/02/2024 16:33:29","05/02/2024 16:33:29"
"MULTCHOICE","False",,,,"803255",,"417232","9900",,"As ações governamentais devem proteger provisoriamente o consumidor.","0","05/02/2024 16:34:13","05/02/2024 16:34:13"
"MULTCHOICE","False",,,,"803256",,"417231","2377",,"Distinguir fatos de opiniões, pessoais ou de mercado, com relação aos produtos e serviços oferecidos aos clientes.","1","05/02/2024 16:34:17","05/02/2024 16:34:17"
"MULTCHOICE","False",,,,"803257",,"417232","9901",,"A anulação das cláusulas contratuais que estabeleçam prestações desproporcionais ou sua revisão em razão de fatos supervenientes que as tornem excessivamente onerosas.","1","05/02/2024 16:34:59","05/02/2024 16:34:59"
"MULTCHOICE","False",,,,"803258",,"417231","2364",,"O fornecedor deverá informar em 5 dias úteis a todos os bancos de dados para a retirada da negativação em nome do consumidor.","1","05/02/2024 16:36:36","05/02/2024 16:36:36"
"MULTCHOICE","False",,,,"803259",,"417232","9902",,"O fornecedor de produtos e serviços potencialmente nocivos ou perigosos à saúde ou segurança podem informar, de maneira ostensiva e adequada, a respeito da sua nocividade ou periculosidade.","0","05/02/2024 16:37:17","05/02/2024 16:37:17"
"MULTCHOICE","False",,,,"803260",,"417232","9903",,"É correto afirmar que o produto é defeituoso quando não oferece a segurança que dele legitimamente se espera, independente da época que foi colocado em circulação.","1","05/02/2024 16:39:11","05/02/2024 16:39:11"
"MULTCHOICE","False",,,,"803261",,"417231","2384",,"Da padronização dos documentos a serem utilizados nos procedimentos de oferta e contratação de operações de crédito direto ao consumidor e de arrendamento mercantil financeiro.","1","05/02/2024 16:40:42","05/02/2024 16:40:42"
"MULTCHOICE","False",,,,"803262",,"417231","2386",,"Mercado.","0","05/02/2024 16:41:38","05/02/2024 16:41:38"
"MULTCHOICE","False",,,,"803263",,"417232","9906",,"Levando-se em consideração as circunstâncias relevantes, como pela adoção de novas técnicas.","1","05/02/2024 16:42:00","05/02/2024 16:42:00"
"MULTCHOICE","False",,,,"803264",,"417231","2358",,"FMI.","1","05/02/2024 16:43:26","05/02/2024 16:43:26"
"MULTCHOICE","False",,,,"803265",,"417232","9908",,"Antes da contratação, informar e esclarecer adequadamente o consumidor, considerada sua idade, sobre a natureza e a modalidade do crédito oferecido.","1","05/02/2024 16:44:00","05/02/2024 16:44:00"
"MULTCHOICE","False",,,,"803266",,"417232","9909",,"Cinco anos a pretensão à reparação pelos danos causados por fato do produto ou serviço, iniciando-se a contagem do prazo a partir do conhecimento do dano.","0","05/02/2024 16:44:13","05/02/2024 16:44:13"
"MULTCHOICE","False",,,,"803267",,"417232","9910",,"Apenas as alternativas II e III estão corretas.","1","05/02/2024 16:45:14","05/02/2024 16:45:14"
"MULTCHOICE","False",,,,"803268",,"417232","9915",,"A proposta do Cartão de Crédito Diferenciado prevê a cobrança de tarifa de anuidade diferenciada, que não deve englobar a disponibilização e gerenciamento de programas de benefícios e/ou recompensas vinculados ao cartão.","1","05/02/2024 16:50:48","05/02/2024 16:50:48"
"MULTCHOICE","False",,,,"803269",,"417232","9917",,"Admite-se o substabelecimento do contrato de correspondente, em um único nível, desde que o contrato inicial preveja essa possibilidade e as condições para sua efetivação, entre as quais a anuência da instituição contratante, sem qualquer tipo de exceção.","0","05/02/2024 16:52:15","05/02/2024 16:52:15"
"MULTCHOICE","False",,,,"803270",,"417233","2020",,"FMI.","1","05/02/2024 19:58:23","05/02/2024 19:58:23"
"MULTCHOICE","False",,,,"803271",,"417233","2047",,"Somatário.","0","05/02/2024 19:58:48","05/02/2024 19:58:48"
"MULTCHOICE","False",,,,"803272",,"417233","2066",,"Sempre prefixados.","0","05/02/2024 19:59:08","05/02/2024 19:59:08"
"MULTCHOICE","False",,,,"803273",,"417233","2049",,"Verificar, sob avaliação da instituição financeira, o histórico do contratante, bem como se há negativação do nome do contratante.","0","05/02/2024 20:00:01","05/02/2024 20:00:01"
"MULTCHOICE","False",,,,"803274",,"417233","2070",,"Devolver o bem à empresa de arrendamento mercantil.","1","05/02/2024 20:16:25","05/02/2024 20:16:25"
"MULTCHOICE","False",,,,"803275",,"417233","2028",,"O fornecedor deverá informar em 5 dias úteis a todos os bancos de dados para a retirada da negativação em nome do consumidor.","1","05/02/2024 20:17:00","05/02/2024 20:17:00"
"MULTCHOICE","False",,,,"803276",,"417233","2026",,"De todos os riscos, com moderação, para tentar não perder o negócio.","0","05/02/2024 20:17:46","05/02/2024 20:17:46"
"MULTCHOICE","False",,,,"803277",,"417233","2041",,"Financeiro e operacional.","1","05/02/2024 20:26:22","05/02/2024 20:26:22"
"MULTCHOICE","False",,,,"803278",,"417233","2064",,"É dever da ouvidoria quanto às reclamações recebidas.","1","05/02/2024 20:32:05","05/02/2024 20:32:05"
"MULTCHOICE","False",,,,"803279",,"417233","2046",,"A fabricação de papel moeda.","1","05/02/2024 20:35:02","05/02/2024 20:35:02"
"MULTCHOICE","False",,,,"803280",,"417233","2021",,"Tarifa.","1","05/02/2024 20:35:43","05/02/2024 20:35:43"
"MULTCHOICE","False",,,,"803281",,"417233","2038",,"Do valor total financiado e a taxa mensal e anual de juros.","1","05/02/2024 20:36:18","05/02/2024 20:36:18"
"MULTCHOICE","False",,,,"803282",,"417234","14342",,"Análise de Crédito.","1","05/02/2024 20:53:28","05/02/2024 20:53:28"
"MULTCHOICE","False",,,,"803283",,"417234","14552",,"Gestão baseada em individualidade, aplicação de régua por [i]cluster[/i], definição dos canais de cobrança.","0","05/02/2024 20:54:51","05/02/2024 20:54:51"
"MULTCHOICE","False",,,,"803284",,"417131","2335",,"Os titulares de benefícios de aposentadoria pagos pelo Banco Central.","0","05/02/2024 21:48:41","05/02/2024 21:48:41"
"MULTCHOICE","False",,,,"803285",,"417131","2352",,"Por meio das normativas do INSS.","1","05/02/2024 21:55:47","05/02/2024 21:55:47"
"MULTCHOICE","False",,,,"803286",,"417131","2357",,"Todas as modalidades de crédito e todas as formas de operações creditícias.","1","05/02/2024 22:15:09","05/02/2024 22:15:28"
"MULTCHOICE","False",,,,"803287",,"417131","2333",,"Do valor total financiado e a taxa mensal e anual de juros.","1","05/02/2024 22:15:51","05/02/2024 22:15:51"
"MULTCHOICE","False",,,,"803288",,"417131","2344",,"As Sociedade de Crédito, Financiamento e Investimento (Financeiras).","1","05/02/2024 22:17:30","05/02/2024 22:17:30"
"MULTCHOICE","False",,,,"803289",,"417131","2348",,"A cobrança será suspensa imediatamente, salvo se o fornecedor indicar o contrato e comprovar que o valor é efetivamente devido.","1","05/02/2024 22:23:10","05/02/2024 22:23:10"
"MULTCHOICE","False",,,,"803290",,"417132","2042",,"Solicitar que a empresa de arrendamento mercantil assuma todas as despesas com o seguro do bem.","1","05/02/2024 23:03:54","05/02/2024 23:03:54"
"MULTCHOICE","False",,,,"803291",,"417132","2062",,"Financiamento do consumo das pessoas físicas e do capital de giro das empresas.","1","05/02/2024 23:04:25","05/02/2024 23:04:25"
"MULTCHOICE","False",,,,"803292",,"417132","2028",,"O fornecedor deverá informar em 5 dias úteis a todos os bancos de dados para a retirada da negativação em nome do consumidor.","1","05/02/2024 23:05:20","05/02/2024 23:05:33"
"MULTCHOICE","False",,,,"803293",,"417132","2030",,"O primeiro requisito do atendimento é o conhecimento, pois possibilita segurança ao tratar com o cliente.","1","05/02/2024 23:06:09","05/02/2024 23:06:09"
"MULTCHOICE","False",,,,"803294",,"417132","2031",,"O Programa de autorregulação de crédito responsável estabelece diretrizes e procedimentos a serem observados nas etapas de oferta e contratação de crédito e tratamento dos superendividados.","1","05/02/2024 23:07:09","05/02/2024 23:07:09"
"MULTCHOICE","False",,,,"803295",,"417132","2037",,"Cadastral.","1","05/02/2024 23:18:12","05/02/2024 23:18:12"
"MULTCHOICE","False",,,,"803296",,"417132","2035",,"Rotativas (exemplo   :   cheque especial) e pontuais (parcelas e prazo fixo).","1","05/02/2024 23:18:54","05/02/2024 23:18:54"
"MULTCHOICE","False",,,,"803297",,"417132","2045",,"da realização de operações de crédito mediante penhor civil de bens e a gestão dos recursos do FGTS. ","1","05/02/2024 23:19:25","05/02/2024 23:19:25"
"MULTCHOICE","False",,,,"803298",,"417132","2068",,"Por meio das Resoluções do Banco Central do Brasil.","0","05/02/2024 23:19:53","05/02/2024 23:19:53"
"MULTCHOICE","False",,,,"803299",,"417132","2038",,"Do valor total financiado e a taxa mensal e anual de juros.","1","05/02/2024 23:20:24","05/02/2024 23:20:24"
"MULTCHOICE","False",,,,"803300",,"417132","2067",,"É corresponsável pelo pagamento e ambos os nomes podem ser inscritos em cadastro de inadimplente.","0","05/02/2024 23:21:46","05/02/2024 23:21:46"
"MULTCHOICE","False",,,,"803301",,"417132","2029",,"O resumo contratual (sumário executivo) da operação.","1","05/02/2024 23:26:25","05/02/2024 23:26:25"
"MULTCHOICE","False",,,,"803302",,"417132","2069",,"Aquisição.","1","05/02/2024 23:27:08","05/02/2024 23:27:08"
"MULTCHOICE","False",,,,"803303",,"417132","2025",,"Risco.","1","05/02/2024 23:28:16","05/02/2024 23:28:16"
"MULTCHOICE","False",,,,"803354",,"417332","2029",,"O resumo contratual (sumário executivo) da operação.","1","06/02/2024 08:19:11","06/02/2024 08:19:11"
"MULTCHOICE","False",,,,"803355",,"417332","2020",,"FMI.","1","06/02/2024 08:19:19","06/02/2024 08:19:19"
"MULTCHOICE","False",,,,"803356",,"417332","2053",,"O objetivo está em prestar esclarecimentos imediatos à referida equipe, sobre seus produtos e serviços e deve atender também às demandas dos seus clientes e usuários ao contratado.","1","06/02/2024 08:19:34","06/02/2024 08:19:34"
"MULTCHOICE","False",,,,"803357",,"417332","2021",,"Tarifa.","1","06/02/2024 08:19:51","06/02/2024 08:19:51"
"MULTCHOICE","False",,,,"803358",,"417332","2037",,"Cadastral.","1","06/02/2024 08:19:59","06/02/2024 08:19:59"
"MULTCHOICE","False",,,,"803359",,"417332","2030",,"O primeiro requisito do atendimento é o conhecimento, pois possibilita segurança ao tratar com o cliente.","1","06/02/2024 08:20:23","06/02/2024 08:20:23"
"MULTCHOICE","False",,,,"803360",,"417332","2070",,"Devolver o bem à empresa de arrendamento mercantil.","1","06/02/2024 08:20:44","06/02/2024 08:20:44"
"MULTCHOICE","False",,,,"803361",,"417332","2031",,"O Programa de autorregulação de crédito responsável estabelece diretrizes e procedimentos a serem observados nas etapas de oferta e contratação de crédito e tratamento dos superendividados.","1","06/02/2024 08:21:04","06/02/2024 08:21:04"
"MULTCHOICE","False",,,,"803362",,"417332","2045",,"da realização de operações de crédito mediante penhor civil de bens e a gestão dos recursos do FGTS. ","1","06/02/2024 08:21:48","06/02/2024 08:21:48"
"MULTCHOICE","False",,,,"803363",,"417332","2026",,"De todos os riscos, de modo detalhado, ainda que venha a perder o negócio.","1","06/02/2024 08:22:10","06/02/2024 08:22:10"
"MULTCHOICE","False",,,,"803364",,"417332","2033",,"Usar crachá de identificação visível ao cliente, ser ético e apresentar os planos oferecidos por todas as instituições para o cliente ter a opção de escolha.","1","06/02/2024 08:22:51","06/02/2024 08:22:51"
"MULTCHOICE","False",,,,"803365",,"417332","2024",,"As entradas e saídas de valores (dinheiro) efetivadas no decorrer do tempo numa dada operação.","1","06/02/2024 08:24:43","06/02/2024 08:24:43"
"MULTCHOICE","False",,,,"803366",,"417332","2027",,"Efetuada total ou parcialmente, acarreta obrigatoriamente a redução proporcional dos juros e demais acréscimos.","1","06/02/2024 08:28:48","06/02/2024 08:28:48"
"MULTCHOICE","False",,,,"803367",,"417332","2034",,"Não é necessário ser cliente da instituição, mas ter cadastro aprovado.","1","06/02/2024 08:36:17","06/02/2024 08:36:24"
"MULTCHOICE","False",,,,"803368",,"417332","2060",,"Houver processo administrativo instaurado e tais exames sejam considerados indispensáveis pela autoridade administrativa competente.","1","06/02/2024 08:37:07","06/02/2024 08:37:07"
"MULTCHOICE","False",,,,"803369",,"417332","2052",,"Distinguir fatos de opiniões, pessoais ou de mercado, com relação aos produtos e serviços oferecidos aos clientes.","1","06/02/2024 08:37:41","06/02/2024 08:37:41"
"MULTCHOICE","False",,,,"803370",,"417332","2055",,"De relacionamento, de sensibilidade e do negócio.","1","06/02/2024 08:39:13","06/02/2024 08:39:13"
"MULTCHOICE","False",,,,"803371",,"417332","2049",,"Verificar a adequação da oferta de crédito realizada ao perfil econômico e a capacidade de pagamento do consumidor contratante.","1","06/02/2024 08:39:33","06/02/2024 08:39:33"
"MULTCHOICE","False",,,,"803372",,"417332","2065",,"Da padronização dos documentos a serem utilizados nos procedimentos de oferta e contratação de operações de crédito direto ao consumidor e de arrendamento mercantil financeiro.","1","06/02/2024 08:40:32","06/02/2024 08:40:32"
"MULTCHOICE","False",,,,"803373",,"417332","2023",,"Investimento e financiamento.","1","06/02/2024 08:44:44","06/02/2024 08:44:44"
"MULTCHOICE","False",,,,"803374",,"417332","2032",,"Integridade, equidade, respeito ao consumidor, transparência, excelência, sustentabilidade e confiança.","1","06/02/2024 08:45:33","06/02/2024 08:45:33"
"MULTCHOICE","False",,,,"803375",,"417333","2023",,"Investimento e financiamento.","1","06/02/2024 10:35:39","06/02/2024 10:35:39"
"MULTCHOICE","False",,,,"803376",,"417333","2028",,"O fornecedor deverá informar em 10 dias úteis a todos os bancos de dados para a retirada da negativação em nome do consumidor.","0","06/02/2024 10:53:01","06/02/2024 10:53:01"
"MULTCHOICE","False",,,,"803377",,"417333","2038",,"Do valor total financiado e a taxa mensal e anual de juros.","1","06/02/2024 10:55:46","06/02/2024 10:55:46"
"MULTCHOICE","False",,,,"803378",,"417333","2030",,"O primeiro requisito do atendimento é o conhecimento, pois possibilita segurança ao tratar com o cliente.","1","06/02/2024 11:14:05","06/02/2024 11:14:05"
"MULTCHOICE","False",,,,"803379",,"417434","2030",,"O primeiro requisito do atendimento é o conhecimento, pois possibilita segurança ao tratar com o cliente.","1","06/02/2024 11:15:01","06/02/2024 11:15:01"
"MULTCHOICE","False",,,,"803380",,"417434","2032",,"Integridade, equidade, respeito ao consumidor, transparência, excelência, sustentabilidade e confiança.","1","06/02/2024 11:16:34","06/02/2024 11:16:34"
"MULTCHOICE","False",,,,"803381",,"417333","2035",,"Rotativas (exemplo   :   cheque especial) e pontuais (parcelas e prazo fixo).","1","06/02/2024 11:16:44","06/02/2024 11:16:44"
"MULTCHOICE","False",,,,"803382",,"417333","2042",,"Solicitar que a empresa de arrendamento mercantil assuma todas as despesas com o seguro do bem.","1","06/02/2024 11:20:39","06/02/2024 11:20:39"
"MULTCHOICE","False",,,,"803383",,"417434","2053",,"O objetivo está em prestar esclarecimentos imediatos à referida equipe, sobre seus produtos e serviços e deve atender também às demandas dos seus clientes e usuários ao contratado.","1","06/02/2024 11:21:34","06/02/2024 11:21:34"
"MULTCHOICE","False",,,,"803384",,"417434","2045",,"da realização de operações de crédito mediante penhor civil de bens e a gestão dos recursos do FGTS. ","1","06/02/2024 11:21:56","06/02/2024 11:21:56"
"MULTCHOICE","False",,,,"803385",,"417434","2023",,"Investimento e financiamento.","1","06/02/2024 11:24:49","06/02/2024 11:24:49"
"MULTCHOICE","False",,,,"803386",,"417434","2026",,"De todos os riscos, de modo detalhado, ainda que venha a perder o negócio.","1","06/02/2024 11:25:18","06/02/2024 11:25:18"
"MULTCHOICE","False",,,,"803387",,"417434","2061",,"Semestral.","1","06/02/2024 11:26:17","06/02/2024 11:26:17"
"MULTCHOICE","False",,,,"803388",,"417333","2055",,"De relacionamento, de sensibilidade e do negócio.","1","06/02/2024 11:29:08","06/02/2024 11:29:08"
"MULTCHOICE","False",,,,"803389",,"417434","2043",,"Ter a opção de comprar o bem por um valor previamente estabelecido ao final do contrato.","1","06/02/2024 11:29:43","06/02/2024 11:29:43"
"MULTCHOICE","False",,,,"803390",,"417434","2058",,"Em local visível no recinto das dependências das instituições e de seus correspondentes.","1","06/02/2024 11:30:03","06/02/2024 11:30:03"
"MULTCHOICE","False",,,,"803391",,"417434","2066",,"Normalmente prefixados, contudo, se previsto em contrato, podem ser pós-fixados.","1","06/02/2024 11:30:20","06/02/2024 11:30:20"
"MULTCHOICE","False",,,,"803392",,"417434","2020",,"FMI.","1","06/02/2024 11:31:03","06/02/2024 11:31:03"
"MULTCHOICE","False",,,,"803393",,"417534","2442",,"Menor será o seu valor presente.","1","06/02/2024 11:33:49","06/02/2024 11:33:49"
"MULTCHOICE","False",,,,"803394",,"417534","2444",,"Quinze dias úteis.","0","06/02/2024 11:35:08","06/02/2024 11:35:08"
"MULTCHOICE","False",,,,"803395",,"417434","2027",,"Efetuada total ou parcialmente, acarreta obrigatoriamente a redução proporcional dos juros e demais acréscimos.","1","06/02/2024 11:36:08","06/02/2024 11:36:08"
"MULTCHOICE","False",,,,"803396",,"417534","2434",,"Usar crachá de identificação visível ao cliente, ser ético e apresentar os planos oferecidos por todas as instituições para o cliente ter a opção de escolha.","1","06/02/2024 11:36:55","06/02/2024 11:36:55"
"MULTCHOICE","False",,,,"803397",,"417434","2024",,"As entradas e saídas de valores (dinheiro) efetivadas no decorrer do tempo numa dada operação.","1","06/02/2024 11:37:13","06/02/2024 11:37:15"
"MULTCHOICE","False",,,,"803398",,"417534","2427",,"Risco.","1","06/02/2024 11:37:15","06/02/2024 11:37:15"
"MULTCHOICE","False",,,,"803399",,"417534","2429",,"Efetuada total ou parcialmente, acarreta obrigatoriamente a redução proporcional dos juros e demais acréscimos.","1","06/02/2024 11:37:34","06/02/2024 11:37:35"
"MULTCHOICE","False",,,,"803400",,"417534","2439",,"De forma clara e legível, o Custo Efetivo Total (CET), o referencial de remuneração e a taxa mensal e anual de juros.","1","06/02/2024 11:38:12","06/02/2024 11:38:12"
"MULTCHOICE","False",,,,"803401",,"417534","2428",,"De todos os riscos, de modo detalhado, ainda que venha a perder o negócio.","1","06/02/2024 11:38:29","06/02/2024 11:38:30"
"MULTCHOICE","False",,,,"803402",,"417534","2445",,"Distinguir fatos de opiniões, pessoais ou de mercado, com relação aos produtos e serviços oferecidos aos clientes.","1","06/02/2024 11:38:50","06/02/2024 11:38:51"
"MULTCHOICE","False",,,,"803403",,"417534","2438",,"Cadastral.","1","06/02/2024 11:40:32","06/02/2024 11:40:32"
"MULTCHOICE","False",,,,"803404",,"417535","2051",,"Encaminhar as reclamações recebidas às respectivas agências de atendimento habitual competente, após prestar esclarecimentos.","0","06/02/2024 15:38:43","06/02/2024 15:38:43"
"MULTCHOICE","False",,,,"803405",,"417535","2023",,"Investimento e financiamento.","1","06/02/2024 15:39:10","06/02/2024 15:39:10"
"MULTCHOICE","False",,,,"803406",,"417535","2045",,"da realização de operações de crédito mediante penhor civil de bens e a gestão dos recursos do FGTS. ","1","06/02/2024 15:39:31","06/02/2024 15:39:31"
"MULTCHOICE","False",,,,"803407",,"417535","2065",,"Da tabela de juros e prazos a ser empregada nas operações de crédito direto ao consumidor e de arrendamento mercantil financeiro.","0","06/02/2024 15:48:18","06/02/2024 15:48:18"
"MULTCHOICE","False",,,,"803408",,"417535","2042",,"Solicitar que a empresa de arrendamento mercantil assuma todas as despesas com o seguro do bem.","1","06/02/2024 15:49:26","06/02/2024 15:49:26"
"MULTCHOICE","False",,,,"803409",,"417535","2059",,"A inclusão de cláusula estipulando que o contratante será previamente informado da elevação respectiva, independentemente de previsão contratual.","0","06/02/2024 15:51:16","06/02/2024 15:51:16"
"MULTCHOICE","False",,,,"803410",,"417535","2058",,"Em local visível no recinto das dependências das instituições e de seus correspondentes.","1","06/02/2024 15:51:55","06/02/2024 15:51:55"
"MULTCHOICE","False",,,,"803411",,"417535","2033",,"Usar crachá de identificação visível ao cliente, ser ético e apresentar os planos oferecidos por todas as instituições para o cliente ter a opção de escolha.","1","06/02/2024 15:54:20","06/02/2024 15:54:20"
"MULTCHOICE","False",,,,"803412",,"417535","2069",,"Tabela.","0","06/02/2024 15:57:45","06/02/2024 15:57:45"
"MULTCHOICE","False",,,,"803413",,"417535","2028",,"O fornecedor deverá informar em 5 dias úteis a todos os bancos de dados para a retirada da negativação em nome do consumidor.","1","06/02/2024 15:58:36","06/02/2024 15:58:36"
"MULTCHOICE","False",,,,"803414",,"417535","2024",,"As entradas e saídas de valores (dinheiro) efetivadas no decorrer do tempo numa dada operação.","1","06/02/2024 16:00:16","06/02/2024 16:00:16"
"MULTCHOICE","False",,,,"803415",,"417535","2036",,"Demonstrativo de pagamento de salário ou comprovante de benefício de aposentadoria/pensão, quando for o caso.","1","06/02/2024 16:01:20","06/02/2024 16:01:20"
"MULTCHOICE","False",,,,"803416",,"417535","2067",,"Responde como devedor principal e solidário da obrigação e o nome do empregado não pode ser inscrito em cadastro de inadimplente.","1","06/02/2024 16:02:23","06/02/2024 16:02:23"
"MULTCHOICE","False",,,,"803417",,"417535","2046",,"Expedir normas gerais de contabilidade e estatística a serem observadas pelas instituições financeiras.","0","06/02/2024 16:02:57","06/02/2024 16:02:57"
"MULTCHOICE","False",,,,"803418",,"417535","2043",,"Ter a opção de comprar o bem por um valor previamente estabelecido ao final do contrato.","1","06/02/2024 16:04:50","06/02/2024 16:04:50"
"MULTCHOICE","False",,,,"803419",,"417535","2025",,"Risco.","1","06/02/2024 16:05:40","06/02/2024 16:05:40"
"MULTCHOICE","False",,,,"803420",,"417535","2037",,"Cadastral.","1","06/02/2024 16:10:05","06/02/2024 16:10:05"
"MULTCHOICE","False",,,,"803421",,"417535","2064",,"É dever da ouvidoria quanto às reclamações recebidas.","1","06/02/2024 16:21:03","06/02/2024 16:21:03"
"MULTCHOICE","False",,,,"803422",,"417535","2063",,"A cobrança será suspensa imediatamente, salvo se o fornecedor indicar o contrato e comprovar que o valor é efetivamente devido.","1","06/02/2024 16:24:27","06/02/2024 16:24:27"
"MULTCHOICE","False",,,,"803423",,"417535","2047",,"Capitalização.","1","06/02/2024 16:25:08","06/02/2024 16:25:08"
"MULTCHOICE","False",,,,"803424",,"417334","2427",,"Risco.","1","06/02/2024 19:40:27","06/02/2024 19:40:27"
"MULTCHOICE","False",,,,"803425",,"417334","2439",,"De forma clara e legível, o Custo Efetivo Total (CET), o referencial de remuneração e a taxa mensal e anual de juros.","1","06/02/2024 19:42:53","06/02/2024 19:42:53"
"MULTCHOICE","False",,,,"803426",,"417334","2432",,"O Programa de autorregulação de crédito responsável estabelece diretrizes e procedimentos a serem observados nas etapas de oferta e contratação de crédito e tratamento dos superendividados.","1","06/02/2024 19:52:10","06/02/2024 19:52:10"
"MULTCHOICE","False",,,,"803427",,"417334","2454",,"Em local visível no recinto das dependências das instituições e de seus correspondentes.","1","06/02/2024 19:53:02","06/02/2024 19:53:02"
"MULTCHOICE","False",,,,"803428",,"417334","2428",,"De todos os riscos, de modo detalhado, ainda que venha a perder o negócio.","1","06/02/2024 19:53:38","06/02/2024 19:53:38"
"MULTCHOICE","False",,,,"803429",,"417334","2453",,"Sempre prefixados.","0","06/02/2024 19:54:21","06/02/2024 19:54:21"
"MULTCHOICE","False",,,,"803430",,"417334","2448",,"De relacionamento, de sensibilidade e do negócio.","1","06/02/2024 20:06:10","06/02/2024 20:06:10"
"MULTCHOICE","False",,,,"803431",,"417334","2431",,"O resumo contratual (sumário executivo) da operação.","1","06/02/2024 20:07:03","06/02/2024 20:07:03"
"MULTCHOICE","False",,,,"803432",,"417334","2449",,"Houver processo administrativo instaurado e tais exames sejam considerados indispensáveis pela autoridade administrativa competente.","1","06/02/2024 20:22:10","06/02/2024 20:22:10"
"MULTCHOICE","False",,,,"803433",,"417435","2050",,"Cinco dias úteis.","1","07/02/2024 00:28:23","07/02/2024 00:28:23"
"MULTCHOICE","False",,,,"803434",,"417435","2026",,"De todos os riscos, de modo detalhado, ainda que venha a perder o negócio.","1","07/02/2024 00:29:23","07/02/2024 00:29:23"
"MULTCHOICE","False",,,,"803435",,"417435","2064",,"É dever da ouvidoria quanto às reclamações recebidas.","1","07/02/2024 00:31:29","07/02/2024 00:31:38"
"MULTCHOICE","False",,,,"803436",,"417435","2070",,"Devolver o bem à empresa de arrendamento mercantil.","1","07/02/2024 00:32:05","07/02/2024 00:32:05"
"MULTCHOICE","False",,,,"803437",,"417435","2067",,"É corresponsável pelo pagamento e ambos os nomes podem ser inscritos em cadastro de inadimplente.","0","07/02/2024 00:33:50","07/02/2024 00:33:50"
"MULTCHOICE","False",,,,"803438",,"417435","2035",,"Leasing e Financiamento de Veículo.","0","07/02/2024 00:34:54","07/02/2024 00:34:54"
"MULTCHOICE","False",,,,"803439",,"417435","2029",,"O resumo contratual (sumário executivo) da operação.","1","07/02/2024 00:35:28","07/02/2024 00:35:28"
"MULTCHOICE","False",,,,"803440",,"417435","2044",,"De forma clara e legível, o Custo Efetivo Total (CET), o referencial de remuneração e a taxa mensal e anual de juros.","1","07/02/2024 00:36:56","07/02/2024 00:36:56"
"MULTCHOICE","False",,,,"803441",,"417435","2038",,"Do valor total financiado e a taxa mensal e anual de juros.","1","07/02/2024 00:41:45","07/02/2024 00:41:45"
"MULTCHOICE","False",,,,"803442",,"417435","2060",,"Forem detectados indícios de falhas, incorreções ou omissões pela instituição financeira junto ao BNDES.","0","07/02/2024 00:43:03","07/02/2024 00:43:03"
"MULTCHOICE","False",,,,"803443",,"417435","2025",,"Risco.","1","07/02/2024 00:50:30","07/02/2024 00:50:30"
"MULTCHOICE","False",,,,"803444",,"417435","2041",,"Financeiro e operacional.","1","07/02/2024 00:50:53","07/02/2024 00:50:53"
"MULTCHOICE","False",,,,"803445",,"417435","2055",,"De relacionamento, de sensibilidade e do negócio.","1","07/02/2024 00:59:41","07/02/2024 00:59:41"
"MULTCHOICE","False",,,,"803446",,"417435","2034",,"Não é necessário ser cliente da instituição, mas ter cadastro aprovado.","1","07/02/2024 01:04:39","07/02/2024 01:04:39"
"MULTCHOICE","False",,,,"803447",,"417435","2036",,"Demonstrativo de pagamento de salário ou comprovante de benefício de aposentadoria/pensão, quando for o caso.","1","07/02/2024 01:05:57","07/02/2024 01:05:57"
"MULTCHOICE","False",,,,"803448",,"417435","2052",,"Distinguir fatos de opiniões, pessoais ou de mercado, com relação aos produtos e serviços oferecidos aos clientes.","1","07/02/2024 01:07:56","07/02/2024 01:07:56"
"MULTCHOICE","False",,,,"803449",,"417435","2021",,"Juros.","0","07/02/2024 01:15:03","07/02/2024 01:15:03"
"MULTCHOICE","False",,,,"803450",,"417435","2065",,"Dos impostos e taxas incidentes nas operações de crédito direto ao consumidor e de arrendamento mercantil financeiro.","0","07/02/2024 01:16:43","07/02/2024 01:16:43"
"MULTCHOICE","False",,,,"803451",,"417435","2039",,"Instituição consignatária é a instituição autorizada a conceder empréstimo ou financiamento.","1","07/02/2024 01:18:33","07/02/2024 01:18:33"
"MULTCHOICE","False",,,,"803455",,"417332","2057",,"For observada a vigência do contrato para fins do empréstimo ou de financiamentos.","1","06/02/2024 08:22:29","06/02/2024 08:22:29"
"MULTCHOICE","False",,,,"803456",,"417332","2051",,"Encaminhar resposta conclusiva para a demanda dos reclamantes, após dar adequado tratamento às reclamações recebidas.","1","06/02/2024 08:24:35","06/02/2024 08:24:35"
"MULTCHOICE","False",,,,"803457",,"417332","2063",,"O consumidor será informado sobre a resolução de sua demanda no prazo máximo de setenta e duas horas por correspondência ou por meio eletrônico, a seu critério.","0","06/02/2024 08:25:09","06/02/2024 08:25:09"
"MULTCHOICE","False",,,,"803458",,"417332","2047",,"Capitalização.","1","06/02/2024 08:25:32","06/02/2024 08:25:32"
"MULTCHOICE","False",,,,"803459",,"417332","2061",,"Semestral.","1","06/02/2024 08:25:49","06/02/2024 08:25:49"
"MULTCHOICE","False",,,,"803460",,"417332","2069",,"Aquisição.","1","06/02/2024 08:26:05","06/02/2024 08:26:05"
"MULTCHOICE","False",,,,"803461",,"417332","2054",,"As Sociedade de Crédito, Financiamento e Investimento (Financeiras).","1","06/02/2024 08:26:19","06/02/2024 08:26:21"
"MULTCHOICE","False",,,,"803462",,"417332","2038",,"Do valor total financiado e a taxa mensal e anual de juros.","1","06/02/2024 08:26:32","06/02/2024 08:26:32"
"MULTCHOICE","False",,,,"803463",,"417332","2046",,"A fabricação de papel moeda.","1","06/02/2024 08:29:56","06/02/2024 08:29:56"
"MULTCHOICE","False",,,,"803464",,"417332","2035",,"Rotativas (exemplo   :   cheque especial) e pontuais (parcelas e prazo fixo).","1","06/02/2024 08:30:38","06/02/2024 08:30:38"
"MULTCHOICE","False",,,,"803465",,"417332","2043",,"Ter a opção de comprar o bem por um valor previamente estabelecido ao final do contrato.","1","06/02/2024 08:38:39","06/02/2024 08:38:39"
"MULTCHOICE","False",,,,"803466",,"417332","2040",,"Os titulares de benefícios de aposentadoria e pensão por morte pagos pelo INSS.","1","06/02/2024 08:40:14","06/02/2024 08:40:20"
"MULTCHOICE","False",,,,"803467",,"417332","2039",,"Instituição consignatária é a instituição autorizada a conceder empréstimo ou financiamento.","1","06/02/2024 08:44:17","06/02/2024 08:44:17"
"MULTCHOICE","False",,,,"803468",,"417333","2060",,"Houver processo administrativo instaurado e tais exames sejam considerados indispensáveis pela autoridade administrativa competente.","1","06/02/2024 10:50:15","06/02/2024 10:50:15"
"MULTCHOICE","False",,,,"803469",,"417333","2067",,"É o único responsável pelo pagamento e o empregado deve solicitar o estorno dos descontos efetuados.","0","06/02/2024 10:52:20","06/02/2024 10:52:20"
"MULTCHOICE","False",,,,"803470",,"417333","2047",,"Capitalização.","1","06/02/2024 10:56:17","06/02/2024 10:56:17"
"MULTCHOICE","False",,,,"803471",,"417333","2037",,"Cadastral.","1","06/02/2024 10:56:43","06/02/2024 10:56:43"
"MULTCHOICE","False",,,,"803472",,"417333","2032",,"Legalidade; Moralidade; Comunicação ineficiente.","0","06/02/2024 11:00:14","06/02/2024 11:00:14"
"MULTCHOICE","False",,,,"803473",,"417333","2031",,"O Programa de autorregulação de crédito responsável estabelece diretrizes e procedimentos a serem observados nas etapas de oferta e contratação de crédito e tratamento dos superendividados.","1","06/02/2024 11:02:22","06/02/2024 11:02:22"
"MULTCHOICE","False",,,,"803474",,"417434","2064",,"É dever da ouvidoria quanto às reclamações recebidas.","1","06/02/2024 11:12:37","06/02/2024 11:12:37"
"MULTCHOICE","False",,,,"803475",,"417434","2041",,"Financeiro e operacional.","1","06/02/2024 11:15:09","06/02/2024 11:15:09"
"MULTCHOICE","False",,,,"803476",,"417434","2060",,"Houver indícios de crime contra o Sistema Financeiro Monetário, dispensando inclusive a necessidade de inquérito policial.","0","06/02/2024 11:15:42","06/02/2024 11:15:42"
"MULTCHOICE","False",,,,"803477",,"417434","2037",,"Cadastral.","1","06/02/2024 11:17:18","06/02/2024 11:17:18"
"MULTCHOICE","False",,,,"803478",,"417333","2027",,"Efetuada total ou parcialmente, acarreta obrigatoriamente a redução proporcional dos juros e demais acréscimos.","1","06/02/2024 11:17:42","06/02/2024 11:17:42"
"MULTCHOICE","False",,,,"803479",,"417333","2058",,"Via Internet e por meio de outros veículos de comunicação que não são usualmente utilizados.","0","06/02/2024 11:23:09","06/02/2024 11:23:09"
"MULTCHOICE","False",,,,"803480",,"417434","2031",,"O Programa de autorregulação de crédito responsável estabelece diretrizes e procedimentos a serem observados nas etapas de oferta e contratação de crédito e tratamento dos superendividados.","1","06/02/2024 11:23:14","06/02/2024 11:23:14"
"MULTCHOICE","False",,,,"803481",,"417333","2021",,"Juros.","0","06/02/2024 11:24:27","06/02/2024 11:24:27"
"MULTCHOICE","False",,,,"803482",,"417333","2045",,"da realização de operações de crédito mediante penhor civil de bens e a gestão dos recursos do FGTS. ","1","06/02/2024 11:24:39","06/02/2024 11:24:39"
"MULTCHOICE","False",,,,"803483",,"417434","2046",,"A fabricação de papel moeda.","1","06/02/2024 11:28:45","06/02/2024 11:28:45"
"MULTCHOICE","False",,,,"803484",,"417434","2036",,"Demonstrativo de pagamento de salário ou comprovante de benefício de aposentadoria/pensão, quando for o caso.","1","06/02/2024 11:29:00","06/02/2024 11:29:00"
"MULTCHOICE","False",,,,"803485",,"417434","2062",,"Financiamento do consumo das pessoas físicas e do capital de giro das empresas.","1","06/02/2024 11:29:23","06/02/2024 11:29:23"
"MULTCHOICE","False",,,,"803486",,"417534","2441",,"Capitalização.","1","06/02/2024 11:31:43","06/02/2024 11:31:43"
"MULTCHOICE","False",,,,"803487",,"417534","2453",,"Normalmente prefixados, contudo, se previsto em contrato, podem ser pós-fixados.","1","06/02/2024 11:32:06","06/02/2024 11:32:06"
"MULTCHOICE","False",,,,"803488",,"417534","2435",,"Não é necessário ser cliente da instituição, mas ter cadastro aprovado.","1","06/02/2024 11:34:03","06/02/2024 11:34:04"
"MULTCHOICE","False",,,,"803489",,"417534","2431",,"O resumo contratual (sumário executivo) da operação.","1","06/02/2024 11:34:36","06/02/2024 11:34:37"
"MULTCHOICE","False",,,,"803490",,"417434","2059",,"A inclusão de cláusula estipulando que o contratante será previamente informado da elevação respectiva, por meio do veículo de comunicação previsto contratualmente.","1","06/02/2024 11:34:57","06/02/2024 11:34:57"
"MULTCHOICE","False",,,,"803491",,"417434","2067",,"Não pode ser cobrado nem ter seu nome inscrito como inadimplente por empréstimo feito por seu empregado.","0","06/02/2024 11:35:42","06/02/2024 11:35:42"
"MULTCHOICE","False",,,,"803492",,"417434","2025",,"Risco.","1","06/02/2024 11:38:28","06/02/2024 11:38:28"
"MULTCHOICE","False",,,,"803493",,"417534","2454",,"Em local visível no recinto das dependências das instituições e de seus correspondentes.","1","06/02/2024 11:40:15","06/02/2024 11:40:15"
"MULTCHOICE","False",,,,"803494",,"417534","2447",,"As Sociedade de Crédito, Financiamento e Investimento (Financeiras).","1","06/02/2024 11:41:07","06/02/2024 11:41:08"
"MULTCHOICE","False",,,,"803495",,"417534","2450",,"Semestral.","1","06/02/2024 11:41:52","06/02/2024 11:41:52"
"MULTCHOICE","False",,,,"803496",,"417534","2449",,"Houver indícios de crime contra o Sistema Financeiro Monetário, dispensando inclusive a necessidade de inquérito policial.","0","06/02/2024 11:42:09","06/02/2024 11:42:09"
"MULTCHOICE","False",,,,"803497",,"417534","2451",,"A cobrança será suspensa imediatamente, salvo se o fornecedor indicar o contrato e comprovar que o valor é efetivamente devido.","1","06/02/2024 11:42:46","06/02/2024 11:42:46"
"MULTCHOICE","False",,,,"803498",,"417535","2022",,"Todas as modalidades de crédito e todas as formas de operações creditícias.","1","06/02/2024 15:32:16","06/02/2024 15:32:16"
"MULTCHOICE","False",,,,"803499",,"417535","2050",,"Cinco dias úteis.","1","06/02/2024 15:40:36","06/02/2024 15:40:36"
"MULTCHOICE","False",,,,"803500",,"417535","2031",,"O Programa de autorregulação de crédito responsável estabelece diretrizes e procedimentos a serem observados nas etapas de oferta e contratação de crédito e tratamento dos superendividados.","1","06/02/2024 15:43:59","06/02/2024 15:43:59"
"MULTCHOICE","False",,,,"803501",,"417535","2062",,"Financiamento do consumo das pessoas físicas e do capital de giro das empresas.","1","06/02/2024 15:44:54","06/02/2024 15:44:54"
"MULTCHOICE","False",,,,"803502",,"417535","2052",,"Distinguir fatos de opiniões, pessoais ou de mercado, com relação aos produtos e serviços oferecidos aos clientes.","1","06/02/2024 15:46:16","06/02/2024 15:46:16"
"MULTCHOICE","False",,,,"803503",,"417535","2053",,"O objetivo está em prestar esclarecimentos imediatos à referida equipe, sobre seus produtos e serviços e deve atender também às demandas dos seus clientes e usuários ao contratado.","1","06/02/2024 15:59:35","06/02/2024 15:59:35"
"MULTCHOICE","False",,,,"803504",,"417535","2068",,"Nos convênios celebrados entre instituições securitárias e INSS.","0","06/02/2024 16:03:58","06/02/2024 16:03:58"
"MULTCHOICE","False",,,,"803505",,"417535","2044",,"De forma clara e legível, o Custo Efetivo Total (CET), o referencial de remuneração e a taxa mensal e anual de juros.","1","06/02/2024 16:07:04","06/02/2024 16:07:04"
"MULTCHOICE","False",,,,"803506",,"417535","2054",,"As Sociedade de Crédito, Financiamento e Investimento (Financeiras).","1","06/02/2024 16:08:25","06/02/2024 16:08:25"
"MULTCHOICE","False",,,,"803507",,"417535","2048",,"Menor será o seu valor presente.","1","06/02/2024 16:11:29","06/02/2024 16:11:29"
"MULTCHOICE","False",,,,"803508",,"417535","2057",,"For observada a vigência do contrato para fins do empréstimo ou de financiamentos.","1","06/02/2024 16:16:26","06/02/2024 16:16:26"
"MULTCHOICE","False",,,,"803509",,"417535","2034",,"Não é necessário ser cliente da instituição, mas ter cadastro aprovado.","1","06/02/2024 16:17:04","06/02/2024 16:17:04"
"MULTCHOICE","False",,,,"803510",,"417535","2055",,"De relacionamento, de sensibilidade e do negócio.","1","06/02/2024 16:19:49","06/02/2024 16:19:49"
"MULTCHOICE","False",,,,"803511",,"417334","2425",,"Tarifa.","1","06/02/2024 19:41:05","06/02/2024 19:41:05"
"MULTCHOICE","False",,,,"803512",,"417334","2437",,"Demonstrativo de pagamento de salário ou comprovante de benefício de aposentadoria/pensão, quando for o caso.","1","06/02/2024 19:47:56","06/02/2024 19:47:56"
"MULTCHOICE","False",,,,"803513",,"417334","2445",,"Distinguir fatos de opiniões, pessoais ou de mercado, com relação aos produtos e serviços oferecidos aos clientes.","1","06/02/2024 19:57:20","06/02/2024 19:57:20"
"MULTCHOICE","False",,,,"803514",,"417334","2438",,"Cadastral.","1","06/02/2024 20:06:34","06/02/2024 20:06:34"
"MULTCHOICE","False",,,,"803515",,"417334","2429",,"Efetuada total ou parcialmente, acarreta obrigatoriamente a redução proporcional dos juros e demais acréscimos.","1","06/02/2024 20:17:23","06/02/2024 20:17:23"
"MULTCHOICE","False",,,,"803516",,"417435","2063",,"O consumidor será informado sobre a resolução de sua demanda no prazo máximo de cinquenta dias úteis a contar do registro","0","07/02/2024 00:30:00","07/02/2024 00:30:00"
"MULTCHOICE","False",,,,"803517",,"417435","2037",,"Cadastral.","1","07/02/2024 00:39:46","07/02/2024 00:39:46"
"MULTCHOICE","False",,,,"803518",,"417435","2024",,"As entradas e saídas de valores (dinheiro) efetivadas no decorrer do tempo numa dada operação.","1","07/02/2024 00:48:44","07/02/2024 00:48:44"
"MULTCHOICE","False",,,,"803519",,"417435","2057",,"For observada a vigência do contrato para fins do empréstimo ou de financiamentos.","1","07/02/2024 00:49:27","07/02/2024 00:49:27"
"MULTCHOICE","False",,,,"803520",,"417435","2045",,"da realização de operações de crédito mediante penhor civil de bens e a gestão dos recursos do FGTS. ","1","07/02/2024 00:54:37","07/02/2024 00:54:43"
"MULTCHOICE","False",,,,"803521",,"417435","2058",,"Em local visível no recinto das dependências das instituições e de seus correspondentes.","1","07/02/2024 00:58:11","07/02/2024 00:58:11"
"MULTCHOICE","False",,,,"803522",,"417435","2068",,"Por meio das normativas do INSS.","1","07/02/2024 01:07:03","07/02/2024 01:07:03"
"MULTCHOICE","False",,,,"803523",,"417435","2061",,"Mensal.","0","07/02/2024 01:09:53","07/02/2024 01:09:53"
"MULTCHOICE","False",,,,"803524",,"417435","2033",,"Usar crachá de identificação visível ao cliente, ser ético e apresentar os planos oferecidos por todas as instituições para o cliente ter a opção de escolha.","1","07/02/2024 01:10:27","07/02/2024 01:10:27"
"MULTCHOICE","False",,,,"803556",,"417332","2036",,"Demonstrativo de pagamento de salário ou comprovante de benefício de aposentadoria/pensão, quando for o caso.","1","06/02/2024 08:23:08","06/02/2024 08:23:08"
"MULTCHOICE","False",,,,"803557",,"417332","2059",,"A inclusão de cláusula estipulando que o contratante será previamente informado da elevação respectiva, por meio do veículo de comunicação previsto contratualmente.","1","06/02/2024 08:27:48","06/02/2024 08:27:48"
"MULTCHOICE","False",,,,"803558",,"417332","2025",,"Risco.","1","06/02/2024 08:28:22","06/02/2024 08:28:22"
"MULTCHOICE","False",,,,"803559",,"417332","2028",,"O fornecedor deverá informar em 5 dias úteis a todos os bancos de dados para a retirada da negativação em nome do consumidor.","1","06/02/2024 08:28:59","06/02/2024 08:28:59"
"MULTCHOICE","False",,,,"803560",,"417332","2056",,"A operação financeira tenha sido realizada pela própria instituição financeira ou pela sociedade de arrendamento mercantil a ela vinculada.","1","06/02/2024 08:29:30","06/02/2024 08:29:30"
"MULTCHOICE","False",,,,"803561",,"417332","2068",,"Por meio das Resoluções do Banco Central do Brasil.","0","06/02/2024 08:29:50","06/02/2024 08:29:50"
"MULTCHOICE","False",,,,"803562",,"417332","2067",,"Responde como devedor principal e solidário da obrigação e o nome do empregado não pode ser inscrito em cadastro de inadimplente.","1","06/02/2024 08:35:55","06/02/2024 08:35:59"
"MULTCHOICE","False",,,,"803563",,"417332","2062",,"Financiamento do consumo das pessoas físicas e do capital de giro das empresas.","1","06/02/2024 08:36:44","06/02/2024 08:36:44"
"MULTCHOICE","False",,,,"803564",,"417332","2048",,"Menor será o seu valor presente.","1","06/02/2024 08:39:49","06/02/2024 08:39:49"
"MULTCHOICE","False",,,,"803565",,"417332","2042",,"Solicitar que a empresa de arrendamento mercantil assuma todas as despesas com o seguro do bem.","1","06/02/2024 08:43:55","06/02/2024 08:43:55"
"MULTCHOICE","False",,,,"803566",,"417332","2041",,"Financeiro e operacional.","1","06/02/2024 08:44:01","06/02/2024 08:44:01"
"MULTCHOICE","False",,,,"803567",,"417332","2066",,"Normalmente prefixados, contudo, se previsto em contrato, podem ser pós-fixados.","1","06/02/2024 08:46:07","06/02/2024 08:46:07"
"MULTCHOICE","False",,,,"803568",,"417333","2063",,"A cobrança será suspensa imediatamente, mas caso ela seja procedente será cobrada em dobro.","0","06/02/2024 10:36:49","06/02/2024 10:36:49"
"MULTCHOICE","False",,,,"803569",,"417333","2020",,"FMI.","1","06/02/2024 10:50:26","06/02/2024 10:50:26"
"MULTCHOICE","False",,,,"803570",,"417333","2065",,"Da padronização dos documentos a serem utilizados nos procedimentos de oferta e contratação de operações de crédito direto ao consumidor e de arrendamento mercantil financeiro.","1","06/02/2024 10:54:58","06/02/2024 10:54:58"
"MULTCHOICE","False",,,,"803571",,"417333","2064",,"É dever da ouvidoria guardar por mais de 10 anos o histórico das reclamações recebidas.","0","06/02/2024 11:11:13","06/02/2024 11:11:13"
"MULTCHOICE","False",,,,"803572",,"417333","2053",,"O objetivo está em prestar esclarecimentos imediatos à referida equipe, sobre seus produtos e serviços e deve atender também às demandas dos seus clientes e usuários ao contratado.","1","06/02/2024 11:12:34","06/02/2024 11:12:34"
"MULTCHOICE","False",,,,"803573",,"417333","2033",,"Usar crachá de identificação visível ao cliente, ser ético e apresentar os planos oferecidos por todas as instituições para o cliente ter a opção de escolha.","1","06/02/2024 11:13:10","06/02/2024 11:13:10"
"MULTCHOICE","False",,,,"803574",,"417333","2025",,"Risco.","1","06/02/2024 11:13:34","06/02/2024 11:13:34"
"MULTCHOICE","False",,,,"803575",,"417434","2035",,"Rotativas (exemplo   :   cheque especial) e pontuais (parcelas e prazo fixo).","1","06/02/2024 11:14:28","06/02/2024 11:14:28"
"MULTCHOICE","False",,,,"803576",,"417434","2034",,"Não é necessário ser cliente da instituição, mas ter cadastro aprovado.","1","06/02/2024 11:17:00","06/02/2024 11:17:00"
"MULTCHOICE","False",,,,"803577",,"417434","2040",,"Os titulares de benefícios de aposentadoria e pensão por morte pagos pelo INSS.","1","06/02/2024 11:17:49","06/02/2024 11:17:49"
"MULTCHOICE","False",,,,"803578",,"417434","2070",,"Devolver o bem à empresa de arrendamento mercantil.","1","06/02/2024 11:20:18","06/02/2024 11:20:18"
"MULTCHOICE","False",,,,"803579",,"417434","2042",,"Solicitar que a empresa de arrendamento mercantil assuma todas as despesas com o seguro do bem.","1","06/02/2024 11:20:51","06/02/2024 11:20:51"
"MULTCHOICE","False",,,,"803580",,"417434","2051",,"Encaminhar resposta conclusiva para a demanda dos reclamantes, após dar adequado tratamento às reclamações recebidas.","1","06/02/2024 11:24:31","06/02/2024 11:24:31"
"MULTCHOICE","False",,,,"803581",,"417434","2033",,"Usar crachá de identificação visível ao cliente, ser ético e apresentar os planos oferecidos por todas as instituições para o cliente ter a opção de escolha.","1","06/02/2024 11:26:42","06/02/2024 11:26:42"
"MULTCHOICE","False",,,,"803582",,"417333","2051",,"Encaminhar as reclamações recebidas às respectivas agências de atendimento habitual competente, após prestar esclarecimentos.","0","06/02/2024 11:26:53","06/02/2024 11:26:53"
"MULTCHOICE","False",,,,"803583",,"417434","2038",,"Do valor total financiado e a taxa mensal e anual de juros.","1","06/02/2024 11:28:14","06/02/2024 11:28:14"
"MULTCHOICE","False",,,,"803584",,"417333","2059",,"A inclusão de cláusula estipulando que o contratante será previamente informado da elevação respectiva, por meio do veículo de comunicação previsto contratualmente.","1","06/02/2024 11:28:31","06/02/2024 11:28:31"
"MULTCHOICE","False",,,,"803585",,"417534","2430",,"O fornecedor deverá informar em 10 dias úteis a todos os bancos de dados para a retirada da negativação em nome do consumidor.","0","06/02/2024 11:30:23","06/02/2024 11:30:24"
"MULTCHOICE","False",,,,"803586",,"417434","2048",,"Menor será o seu valor presente.","1","06/02/2024 11:30:54","06/02/2024 11:30:54"
"MULTCHOICE","False",,,,"803587",,"417534","2455",,"A fabricação de papel moeda.","1","06/02/2024 11:35:29","06/02/2024 11:35:29"
"MULTCHOICE","False",,,,"803588",,"417534","2425",,"Tarifa.","1","06/02/2024 11:35:50","06/02/2024 11:35:50"
"MULTCHOICE","False",,,,"803589",,"417534","2436",,"Rotativas (exemplo: cheque especial) e de ativo permanente para empresas.","0","06/02/2024 11:42:27","06/02/2024 11:42:27"
"MULTCHOICE","False",,,,"803590",,"417535","2021",,"Tarifa.","1","06/02/2024 15:35:03","06/02/2024 15:35:03"
"MULTCHOICE","False",,,,"803591",,"417535","2026",,"De todos os riscos, de modo detalhado, ainda que venha a perder o negócio.","1","06/02/2024 15:53:26","06/02/2024 15:53:26"
"MULTCHOICE","False",,,,"803592",,"417535","2020",,"FMI.","1","06/02/2024 15:57:02","06/02/2024 15:57:02"
"MULTCHOICE","False",,,,"803593",,"417535","2035",,"Rotativas (exemplo   :   cheque especial) e pontuais (parcelas e prazo fixo).","1","06/02/2024 16:09:26","06/02/2024 16:09:26"
"MULTCHOICE","False",,,,"803594",,"417535","2049",,"Verificar a adequação da oferta de crédito realizada ao perfil econômico e a capacidade de pagamento do consumidor contratante.","1","06/02/2024 16:12:56","06/02/2024 16:12:56"
"MULTCHOICE","False",,,,"803595",,"417535","2039",,"Instituição consignatária é a instituição autorizada a conceder empréstimo ou financiamento.","1","06/02/2024 16:14:11","06/02/2024 16:14:11"
"MULTCHOICE","False",,,,"803596",,"417535","2038",,"Do valor total financiado e a taxa mensal e anual de juros.","1","06/02/2024 16:15:26","06/02/2024 16:15:26"
"MULTCHOICE","False",,,,"803597",,"417535","2056",,"A operação financeira tenha sido realizada pela própria instituição financeira ou pela sociedade de arrendamento mercantil a ela vinculada.","1","06/02/2024 16:19:02","06/02/2024 16:19:02"
"MULTCHOICE","False",,,,"803598",,"417535","2032",,"Integridade, equidade, respeito ao consumidor, transparência, excelência, sustentabilidade e confiança.","1","06/02/2024 16:21:40","06/02/2024 16:21:40"
"MULTCHOICE","False",,,,"803599",,"417535","2061",,"Mensal.","0","06/02/2024 16:22:26","06/02/2024 16:22:26"
"MULTCHOICE","False",,,,"803600",,"417334","2447",,"As Sociedade de Crédito, Financiamento e Investimento (Financeiras).","1","06/02/2024 19:38:55","06/02/2024 19:38:55"
"MULTCHOICE","False",,,,"803601",,"417334","2436",,"Rotativas (exemplo : cheque especial) e pontuais (parcelas e prazo fixo).","1","06/02/2024 19:44:05","06/02/2024 19:44:05"
"MULTCHOICE","False",,,,"803602",,"417334","2430",,"O fornecedor deverá informar em 5 dias úteis a todos os bancos de dados para a retirada da negativação em nome do consumidor.","1","06/02/2024 19:46:58","06/02/2024 19:46:58"
"MULTCHOICE","False",,,,"803603",,"417334","2456",,"As entradas e saídas de valores (dinheiro) efetivadas no decorrer do tempo numa dada operação.","1","06/02/2024 19:48:40","06/02/2024 19:48:40"
"MULTCHOICE","False",,,,"803604",,"417334","2450",,"Mensal.","0","06/02/2024 19:49:34","06/02/2024 19:49:34"
"MULTCHOICE","False",,,,"803605",,"417334","2455",,"A fabricação de papel moeda.","1","06/02/2024 19:55:42","06/02/2024 19:55:42"
"MULTCHOICE","False",,,,"803606",,"417334","2426",,"Investimento e financiamento.","1","06/02/2024 19:55:55","06/02/2024 19:55:55"
"MULTCHOICE","False",,,,"803607",,"417334","2434",,"Usar crachá de identificação visível ao cliente, ser ético e apresentar os planos oferecidos por todas as instituições para o cliente ter a opção de escolha.","1","06/02/2024 20:22:59","06/02/2024 20:22:59"
"MULTCHOICE","False",,,,"803608",,"417334","2452",,"Da padronização dos documentos a serem utilizados nos procedimentos de oferta e contratação de operações de crédito direto ao consumidor e de arrendamento mercantil financeiro.","1","06/02/2024 20:27:00","06/02/2024 20:27:00"
"MULTCHOICE","False",,,,"803609",,"417435","2043",,"Ter a opção de comprar o bem por um valor previamente estabelecido ao final do contrato.","1","07/02/2024 00:27:46","07/02/2024 00:27:46"
"MULTCHOICE","False",,,,"803610",,"417435","2066",,"Normalmente prefixados, contudo, se previsto em contrato, podem ser pós-fixados.","1","07/02/2024 00:39:04","07/02/2024 00:39:04"
"MULTCHOICE","False",,,,"803611",,"417435","2053",,"O objetivo está em prestar esclarecimentos imediatos à referida equipe, sobre seus produtos e serviços e deve atender também às demandas dos seus clientes e usuários ao contratado.","1","07/02/2024 00:40:47","07/02/2024 00:40:47"
"MULTCHOICE","False",,,,"803612",,"417435","2032",,"Integridade, equidade, respeito ao consumidor, transparência, excelência, sustentabilidade e confiança.","1","07/02/2024 01:05:30","07/02/2024 01:05:30"
"MULTCHOICE","False",,,,"803613",,"417435","2028",,"O fornecedor deverá informar em 5 dias úteis a todos os bancos de dados para a retirada da negativação em nome do consumidor.","1","07/02/2024 01:08:54","07/02/2024 01:08:54"
"MULTCHOICE","False",,,,"803614",,"417435","2030",,"O primeiro requisito do atendimento é o conhecimento, pois possibilita segurança ao tratar com o cliente.","1","07/02/2024 01:11:12","07/02/2024 01:11:12"
"MULTCHOICE","False",,,,"803615",,"417435","2022",,"Todas as modalidades de crédito e todas as formas de operações creditícias.","1","07/02/2024 01:12:42","07/02/2024 01:12:42"
"MULTCHOICE","False",,,,"803616",,"417435","2054",,"As Sociedade de Crédito, Financiamento e Investimento (Financeiras).","1","07/02/2024 01:13:34","07/02/2024 01:13:34"
"MULTCHOICE","False",,,,"803617",,"417435","2069",,"Aquisição.","1","07/02/2024 01:15:26","07/02/2024 01:15:26"
"MULTCHOICE","False",,,,"803657",,"417332","2044",,"De forma clara e legível, o Custo Efetivo Total (CET), o referencial de remuneração e a taxa mensal e anual de juros.","1","06/02/2024 08:38:02","06/02/2024 08:38:15"
"MULTCHOICE","False",,,,"803658",,"417332","2022",,"Todas as modalidades de crédito e todas as formas de operações creditícias.","1","06/02/2024 08:40:59","06/02/2024 08:40:59"
"MULTCHOICE","False",,,,"803659",,"417332","2050",,"Cinco dias úteis.","1","06/02/2024 08:44:36","06/02/2024 08:44:36"
"MULTCHOICE","False",,,,"803660",,"417332","2064",,"É dever da ouvidoria guardar por mais de 10 anos o histórico das reclamações recebidas.","0","06/02/2024 08:45:19","06/02/2024 08:45:19"
"MULTCHOICE","False",,,,"803661",,"417333","2026",,"De todos os riscos, de modo detalhado, ainda que venha a perder o negócio.","1","06/02/2024 10:57:36","06/02/2024 10:57:36"
"MULTCHOICE","False",,,,"803662",,"417333","2041",,"Financeiro e operacional.","1","06/02/2024 10:57:44","06/02/2024 10:57:44"
"MULTCHOICE","False",,,,"803663",,"417333","2056",,"A operação financeira tenha sido realizada pela própria instituição financeira ou pela sociedade de arrendamento mercantil a ela vinculada.","1","06/02/2024 10:59:23","06/02/2024 10:59:23"
"MULTCHOICE","False",,,,"803664",,"417333","2046",,"Expedir normas gerais de contabilidade e estatística a serem observadas pelas instituições financeiras.","0","06/02/2024 10:59:46","06/02/2024 10:59:46"
"MULTCHOICE","False",,,,"803665",,"417333","2049",,"Verificar a adequação da oferta de crédito realizada ao perfil econômico e a capacidade de pagamento do consumidor contratante.","1","06/02/2024 11:05:32","06/02/2024 11:05:32"
"MULTCHOICE","False",,,,"803666",,"417333","2024",,"As entradas e saídas de valores (dinheiro) efetivadas no decorrer do tempo numa dada operação.","1","06/02/2024 11:06:27","06/02/2024 11:06:27"
"MULTCHOICE","False",,,,"803667",,"417333","2070",,"Devolver o bem à empresa de arrendamento mercantil.","1","06/02/2024 11:06:59","06/02/2024 11:06:59"
"MULTCHOICE","False",,,,"803668",,"417333","2057",,"Pode celebrar a consignação independente do prazo do contrato de temporário.","0","06/02/2024 11:07:33","06/02/2024 11:07:33"
"MULTCHOICE","False",,,,"803669",,"417333","2062",,"Alocação eficiente dos recursos escassos da economia e servir como termômetro do nível de atividade econômica.","0","06/02/2024 11:08:30","06/02/2024 11:08:30"
"MULTCHOICE","False",,,,"803670",,"417333","2039",,"Instituição consignatária é a instituição autorizada a conceder empréstimo ou financiamento.","1","06/02/2024 11:09:31","06/02/2024 11:09:31"
"MULTCHOICE","False",,,,"803671",,"417333","2043",,"Ter a opção de comprar o bem por um valor previamente estabelecido ao final do contrato.","1","06/02/2024 11:09:54","06/02/2024 11:09:54"
"MULTCHOICE","False",,,,"803672",,"417434","2063",,"O consumidor será informado sobre a resolução de sua demanda no prazo máximo de setenta e duas horas por correspondência ou por meio eletrônico, a seu critério.","0","06/02/2024 11:13:32","06/02/2024 11:13:32"
"MULTCHOICE","False",,,,"803673",,"417333","2068",,"Nos convênios celebrados entre instituições securitárias e INSS.","0","06/02/2024 11:14:37","06/02/2024 11:14:37"
"MULTCHOICE","False",,,,"803674",,"417333","2029",,"O resumo contratual (sumário executivo) da operação.","1","06/02/2024 11:15:06","06/02/2024 11:15:06"
"MULTCHOICE","False",,,,"803675",,"417333","2069",,"Tabela.","0","06/02/2024 11:15:29","06/02/2024 11:15:29"
"MULTCHOICE","False",,,,"803676",,"417434","2029",,"O resumo contratual (sumário executivo) da operação.","1","06/02/2024 11:16:01","06/02/2024 11:16:01"
"MULTCHOICE","False",,,,"803677",,"417333","2050",,"Dez dias úteis.","0","06/02/2024 11:16:08","06/02/2024 11:16:08"
"MULTCHOICE","False",,,,"803678",,"417434","2047",,"Capitalização.","1","06/02/2024 11:16:12","06/02/2024 11:16:12"
"MULTCHOICE","False",,,,"803679",,"417333","2034",,"Não é necessário ser cliente da instituição, mas ter cadastro aprovado.","1","06/02/2024 11:18:20","06/02/2024 11:18:20"
"MULTCHOICE","False",,,,"803680",,"417434","2049",,"Verificar a adequação da oferta de crédito realizada ao perfil econômico e a capacidade de pagamento do consumidor contratante.","1","06/02/2024 11:18:42","06/02/2024 11:18:42"
"MULTCHOICE","False",,,,"803681",,"417333","2061",,"Mensal.","0","06/02/2024 11:18:47","06/02/2024 11:18:47"
"MULTCHOICE","False",,,,"803682",,"417434","2044",,"De forma clara e legível, o Custo Efetivo Total (CET), o referencial de remuneração e a taxa mensal e anual de juros.","1","06/02/2024 11:19:32","06/02/2024 11:19:32"
"MULTCHOICE","False",,,,"803683",,"417434","2050",,"Cinco dias úteis.","1","06/02/2024 11:19:54","06/02/2024 11:19:54"
"MULTCHOICE","False",,,,"803684",,"417333","2044",,"O referencial de remuneração, o Custo Efetivo Total (CET) e o limite de crédito disponível.","0","06/02/2024 11:20:07","06/02/2024 11:20:07"
"MULTCHOICE","False",,,,"803685",,"417333","2040",,"Os estrangeiros que contribuíram para a Previdência do seu país de origem.","0","06/02/2024 11:21:35","06/02/2024 11:21:35"
"MULTCHOICE","False",,,,"803686",,"417333","2054",,"As Sociedades de Arrendamento Mercantil.","0","06/02/2024 11:22:00","06/02/2024 11:22:00"
"MULTCHOICE","False",,,,"803687",,"417333","2066",,"Sempre prefixados.","0","06/02/2024 11:22:35","06/02/2024 11:22:35"
"MULTCHOICE","False",,,,"803688",,"417434","2057",,"For observada a vigência do contrato para fins do empréstimo ou de financiamentos.","1","06/02/2024 11:23:32","06/02/2024 11:23:32"
"MULTCHOICE","False",,,,"803689",,"417333","2022",,"Todas as modalidades de crédito e todas as formas de operações creditícias.","1","06/02/2024 11:23:55","06/02/2024 11:23:55"
"MULTCHOICE","False",,,,"803690",,"417434","2021",,"Tarifa.","1","06/02/2024 11:24:02","06/02/2024 11:24:02"
"MULTCHOICE","False",,,,"803691",,"417333","2052",,"Comunicar informação falsa ou enganosa para agilizar o processo de análise de crédito do cliente.","0","06/02/2024 11:25:53","06/02/2024 11:25:53"
"MULTCHOICE","False",,,,"803692",,"417434","2068",,"Por meio das normativas do INSS.","1","06/02/2024 11:27:07","06/02/2024 11:27:37"
"MULTCHOICE","False",,,,"803693",,"417333","2036",,"Demonstrativo de pagamento de salário ou comprovante de benefício de aposentadoria/pensão, quando for o caso.","1","06/02/2024 11:27:10","06/02/2024 11:27:10"
"MULTCHOICE","False",,,,"803694",,"417434","2054",,"As Sociedade de Crédito, Financiamento e Investimento (Financeiras).","1","06/02/2024 11:27:54","06/02/2024 11:27:54"
"MULTCHOICE","False",,,,"803695",,"417434","2065",,"Da padronização dos documentos a serem utilizados nos procedimentos de oferta e contratação de operações de crédito direto ao consumidor e de arrendamento mercantil financeiro.","1","06/02/2024 11:31:47","06/02/2024 11:31:47"
"MULTCHOICE","False",,,,"803696",,"417434","2052",,"Distinguir fatos de opiniões, pessoais ou de mercado, com relação aos produtos e serviços oferecidos aos clientes.","1","06/02/2024 11:32:14","06/02/2024 11:32:14"
"MULTCHOICE","False",,,,"803697",,"417434","2069",,"Mercado.","0","06/02/2024 11:32:36","06/02/2024 11:32:52"
"MULTCHOICE","False",,,,"803698",,"417434","2056",,"A operação financeira tenha sido realizada pela própria instituição financeira ou pela sociedade de arrendamento mercantil a ela vinculada.","1","06/02/2024 11:34:01","06/02/2024 11:34:01"
"MULTCHOICE","False",,,,"803699",,"417534","2440",,"Realizar o financiamento do setor habitacional.","0","06/02/2024 11:34:22","06/02/2024 11:34:22"
"MULTCHOICE","False",,,,"803700",,"417534","2448",,"De relacionamento, de sensibilidade e do negócio.","1","06/02/2024 11:36:35","06/02/2024 11:36:35"
"MULTCHOICE","False",,,,"803701",,"417434","2055",,"De relacionamento, de sensibilidade e do negócio.","1","06/02/2024 11:36:51","06/02/2024 11:36:51"
"MULTCHOICE","False",,,,"803702",,"417434","2039",,"Instituição consignatária é a instituição autorizada a conceder empréstimo ou financiamento.","1","06/02/2024 11:37:50","06/02/2024 11:37:50"
"MULTCHOICE","False",,,,"803703",,"417534","2426",,"Investimento e financiamento.","1","06/02/2024 11:37:52","06/02/2024 11:37:52"
"MULTCHOICE","False",,,,"803704",,"417434","2022",,"Todas as modalidades de crédito e todas as formas de operações creditícias.","1","06/02/2024 11:38:01","06/02/2024 11:38:01"
"MULTCHOICE","False",,,,"803705",,"417534","2432",,"O Programa de autorregulação de crédito responsável estabelece diretrizes e procedimentos a serem observados nas etapas de oferta e contratação de crédito e tratamento dos superendividados.","1","06/02/2024 11:39:09","06/02/2024 11:39:09"
"MULTCHOICE","False",,,,"803706",,"417534","2433",,"Integridade, equidade, respeito ao consumidor, transparência, excelência, sustentabilidade e confiança.","1","06/02/2024 11:39:27","06/02/2024 11:39:27"
"MULTCHOICE","False",,,,"803707",,"417534","2424",,"FMI.","1","06/02/2024 11:39:45","06/02/2024 11:39:48"
"MULTCHOICE","False",,,,"803708",,"417534","2443",,"Verificar a adequação da oferta de crédito realizada ao perfil econômico e a capacidade de pagamento do consumidor contratante.","1","06/02/2024 11:40:49","06/02/2024 11:40:49"
"MULTCHOICE","False",,,,"803709",,"417534","2456",,"As entradas e saídas de valores (dinheiro) efetivadas no decorrer do tempo numa dada operação.","1","06/02/2024 11:41:25","06/02/2024 11:41:25"
"MULTCHOICE","False",,,,"803710",,"417535","2060",,"Houver indícios de crime contra o Sistema Financeiro Monetário, dispensando inclusive a necessidade de inquérito policial.","0","06/02/2024 15:33:42","06/02/2024 15:33:42"
"MULTCHOICE","False",,,,"803711",,"417535","2030",,"O primeiro requisito do atendimento é o conhecimento, pois possibilita segurança ao tratar com o cliente.","1","06/02/2024 15:36:05","06/02/2024 15:36:05"
"MULTCHOICE","False",,,,"803712",,"417535","2029",,"O resumo contratual (sumário executivo) da operação.","1","06/02/2024 15:36:45","06/02/2024 15:36:45"
"MULTCHOICE","False",,,,"803713",,"417535","2070",,"Devolver o bem à empresa de arrendamento mercantil.","1","06/02/2024 15:42:46","06/02/2024 15:42:46"
"MULTCHOICE","False",,,,"803714",,"417535","2066",,"Sempre prefixados.","0","06/02/2024 15:52:35","06/02/2024 15:52:35"
"MULTCHOICE","False",,,,"803715",,"417535","2040",,"Os titulares de benefícios de aposentadoria e pensão por morte pagos pelo INSS.","1","06/02/2024 16:07:58","06/02/2024 16:07:58"
"MULTCHOICE","False",,,,"803716",,"417535","2041",,"Financeiro e operacional.","1","06/02/2024 16:13:13","06/02/2024 16:13:13"
"MULTCHOICE","False",,,,"803717",,"417334","2435",,"Não é necessário ser cliente da instituição, mas ter cadastro aprovado.","1","06/02/2024 19:49:06","06/02/2024 19:49:06"
"MULTCHOICE","False",,,,"803718",,"417334","2433",,"Integridade, equidade, respeito ao consumidor, transparência, excelência, sustentabilidade e confiança.","1","06/02/2024 20:00:02","06/02/2024 20:00:02"
"MULTCHOICE","False",,,,"803719",,"417334","2446",,"O objetivo está em prestar esclarecimentos imediatos à referida equipe, sobre seus produtos e serviços e deve atender também às demandas dos seus clientes e usuários ao contratado.","1","06/02/2024 20:04:10","06/02/2024 20:04:10"
"MULTCHOICE","False",,,,"803720",,"417334","2424",,"FMI.","1","06/02/2024 20:05:11","06/02/2024 20:05:11"
"MULTCHOICE","False",,,,"803721",,"417334","2451",,"A cobrança será suspensa imediatamente, salvo se o fornecedor indicar o contrato e comprovar que o valor é efetivamente devido.","1","06/02/2024 20:13:23","06/02/2024 20:13:23"
"MULTCHOICE","False",,,,"803722",,"417334","2440",,"Realizar penhor de bens pessoais e recolher o FGTS.","1","06/02/2024 20:13:37","06/02/2024 20:13:37"
"MULTCHOICE","False",,,,"803723",,"417334","2443",,"Verificar a adequação da oferta de crédito realizada ao perfil econômico e a capacidade de pagamento do consumidor contratante.","1","06/02/2024 20:15:30","06/02/2024 20:15:30"
"MULTCHOICE","False",,,,"803724",,"417435","2056",,"O somatório dos descontos e/ou retenções consignados para pagamento de empréstimo pessoal não exceda, a qualquer momento, a trinta por cento do valor do benefício.","0","07/02/2024 00:38:44","07/02/2024 00:38:44"
"MULTCHOICE","False",,,,"803725",,"417435","2049",,"Verificar a adequação da oferta de crédito realizada ao perfil econômico e a capacidade de pagamento do consumidor contratante.","1","07/02/2024 00:44:20","07/02/2024 00:44:20"
"MULTCHOICE","False",,,,"803726",,"417435","2048",,"Menor será o seu valor presente.","1","07/02/2024 00:44:58","07/02/2024 00:44:58"
"MULTCHOICE","False",,,,"803727",,"417435","2051",,"Encaminhar resposta conclusiva para a demanda dos reclamantes, após dar adequado tratamento às reclamações recebidas.","1","07/02/2024 00:46:48","07/02/2024 00:46:48"
"MULTCHOICE","False",,,,"803728",,"417435","2042",,"Solicitar que a empresa de arrendamento mercantil assuma todas as despesas com o seguro do bem.","1","07/02/2024 00:48:06","07/02/2024 00:48:06"
"MULTCHOICE","False",,,,"803729",,"417435","2062",,"Alocação eficiente dos recursos escassos da economia e servir como termômetro do nível de atividade econômica.","0","07/02/2024 00:53:07","07/02/2024 00:53:07"
"MULTCHOICE","False",,,,"803730",,"417435","2040",,"Os titulares de benefícios de aposentadoria e pensão por morte pagos pelo INSS.","1","07/02/2024 00:55:58","07/02/2024 00:55:58"
"MULTCHOICE","False",,,,"803731",,"417435","2046",,"A fabricação de papel moeda.","1","07/02/2024 00:56:17","07/02/2024 00:56:17"
"MULTCHOICE","False",,,,"803732",,"417435","2047",,"Capitalização.","1","07/02/2024 00:56:40","07/02/2024 00:56:40"
"MULTCHOICE","False",,,,"803733",,"417435","2020",,"FMI.","1","07/02/2024 00:57:39","07/02/2024 00:57:39"
"MULTCHOICE","False",,,,"803734",,"417435","2031",,"O Programa de autorregulação de crédito responsável estabelece diretrizes e procedimentos a serem observados nas etapas de oferta e contratação de crédito e tratamento dos superendividados.","1","07/02/2024 01:01:49","07/02/2024 01:01:49"
"MULTCHOICE","False",,,,"803735",,"417435","2027",,"Efetuada total ou parcialmente, acarreta obrigatoriamente a redução proporcional dos juros e demais acréscimos.","1","07/02/2024 01:03:02","07/02/2024 01:03:02"
"MULTCHOICE","False",,,,"803736",,"417435","2023",,"Logística e produção.","0","07/02/2024 01:03:32","07/02/2024 01:03:32"
"MULTCHOICE","False",,,,"803758",,"417635","13841",,"Uma pessoa jurídica que estabelece um arranjo de pagamento, que é o conjunto de regras e procedimentos que disciplina a prestação de determinado serviço de pagamento ao público.","0","07/02/2024 09:37:21","07/02/2024 09:37:21"
"MULTCHOICE","False",,,,"803759",,"417636","13838",,"Em 1987, foi lançada a Credicard associando-se exclusivamente à Visa e consolidando seu crescimento com essa bandeira.","1","07/02/2024 10:04:51","07/02/2024 10:04:51"
"MULTCHOICE","False",,,,"803760",,"417636","13855",,"Causas que podem gerar um chargeback são o não reconhecimento da transação por parte do portador (fraude, suspeita de fraude e desacordo comercial), ou quando a transação desobedece às regulamentações estabelecidas nos contratos, termos, aditivos e/ou manuais da bandeira (a exemplo de problemas de processamento ou tratamento indevido da transação).","1","07/02/2024 10:14:27","07/02/2024 10:14:27"
"MULTCHOICE","False",,,,"803761",,"417637","2030",,"O primeiro requisito do atendimento é o conhecimento, pois possibilita segurança ao tratar com o cliente.","1","07/02/2024 11:07:14","07/02/2024 11:07:14"
"MULTCHOICE","False",,,,"803762",,"417637","2064",,"É dever da ouvidoria quanto às reclamações recebidas.","1","07/02/2024 11:10:19","07/02/2024 11:10:19"
"MULTCHOICE","False",,,,"803763",,"417637","2042",,"Solicitar que a empresa de arrendamento mercantil assuma todas as despesas com o seguro do bem.","1","07/02/2024 11:11:37","07/02/2024 11:11:37"
"MULTCHOICE","False",,,,"803764",,"417637","2025",,"Risco.","1","07/02/2024 11:12:38","07/02/2024 11:12:38"
"MULTCHOICE","False",,,,"803765",,"417637","2069",,"Aquisição.","1","07/02/2024 11:13:21","07/02/2024 11:13:21"
"MULTCHOICE","False",,,,"803766",,"417637","2049",,"Verificar a adequação da oferta de crédito realizada ao perfil econômico e a capacidade de pagamento do consumidor contratante.","1","07/02/2024 11:29:22","07/02/2024 11:29:22"
"MULTCHOICE","False",,,,"803767",,"417637","2056",,"O somatório dos descontos e/ou retenções consignados para pagamento de empréstimo pessoal não exceda, a qualquer momento, a trinta por cento do valor do benefício.","0","07/02/2024 11:32:30","07/02/2024 11:32:30"
"MULTCHOICE","False",,,,"803768",,"417637","2062",,"Financiamento do consumo das pessoas físicas e do capital de giro das empresas.","1","07/02/2024 11:33:27","07/02/2024 11:33:27"
"MULTCHOICE","False",,,,"803769",,"417637","2020",,"FMI.","1","07/02/2024 11:33:42","07/02/2024 11:33:42"
"MULTCHOICE","False",,,,"803770",,"417637","2034",,"É obrigatório ser cliente da instituição e possuir cadastro aprovado previamente.","0","07/02/2024 11:36:24","07/02/2024 11:36:49"
"MULTCHOICE","False",,,,"803771",,"417637","2053",,"O objetivo está em prestar esclarecimentos imediatos à referida equipe, sobre seus produtos e serviços e deve atender também às demandas dos seus clientes e usuários ao contratado.","1","07/02/2024 11:41:35","07/02/2024 11:41:35"
"MULTCHOICE","False",,,,"803772",,"417637","2048",,"Menor será o seu valor presente.","1","07/02/2024 11:46:10","07/02/2024 11:46:10"
"MULTCHOICE","False",,,,"803773",,"417637","2021",,"Tarifa.","1","07/02/2024 11:46:50","07/02/2024 11:46:50"
"MULTCHOICE","False",,,,"803774",,"417637","2043",,"Ter a opção de comprar o bem por um valor previamente estabelecido ao final do contrato.","1","07/02/2024 11:47:48","07/02/2024 11:47:48"
"MULTCHOICE","False",,,,"803775",,"417837","2060",,"Houver processo administrativo instaurado e tais exames sejam considerados indispensáveis pela autoridade administrativa competente.","1","07/02/2024 12:04:59","07/02/2024 12:04:59"
"MULTCHOICE","False",,,,"803776",,"417837","2020",,"FMI.","1","07/02/2024 12:06:02","07/02/2024 12:06:02"
"MULTCHOICE","False",,,,"803777",,"417837","2056",,"A operação financeira tenha sido realizada pela própria instituição financeira ou pela sociedade de arrendamento mercantil a ela vinculada.","1","07/02/2024 12:09:36","07/02/2024 12:09:36"
"MULTCHOICE","False",,,,"803778",,"417837","2050",,"Cinco dias úteis.","1","07/02/2024 12:14:57","07/02/2024 12:14:57"
"MULTCHOICE","False",,,,"803779",,"417837","2041",,"Financeiro e operacional.","1","07/02/2024 12:16:16","07/02/2024 12:16:16"
"MULTCHOICE","False",,,,"803780",,"417837","2053",,"O objetivo está em prestar esclarecimentos imediatos à referida equipe, sobre seus produtos e serviços e deve atender também às demandas dos seus clientes e usuários ao contratado.","1","07/02/2024 12:16:58","07/02/2024 12:16:58"
"MULTCHOICE","False",,,,"803781",,"417837","2069",,"Aquisição.","1","07/02/2024 12:21:22","07/02/2024 12:21:22"
"MULTCHOICE","False",,,,"803782",,"417837","2037",,"Cadastral.","1","07/02/2024 12:25:08","07/02/2024 12:25:08"
"MULTCHOICE","False",,,,"803783",,"417837","2058",,"Em local visível no recinto das dependências das instituições e de seus correspondentes.","1","07/02/2024 12:31:21","07/02/2024 12:31:21"
"MULTCHOICE","False",,,,"803784",,"417837","2040",,"Os titulares de benefícios de aposentadoria e pensão por morte pagos pelo INSS.","1","07/02/2024 12:31:52","07/02/2024 12:31:52"
"MULTCHOICE","False",,,,"803785",,"417837","2067",,"Responde como devedor principal e solidário da obrigação e o nome do empregado não pode ser inscrito em cadastro de inadimplente.","1","07/02/2024 12:38:07","07/02/2024 12:38:07"
"MULTCHOICE","False",,,,"803786",,"417837","2044",,"De forma clara e legível, o Custo Efetivo Total (CET), o referencial de remuneração e a taxa mensal e anual de juros.","1","07/02/2024 12:41:31","07/02/2024 12:41:31"
"MULTCHOICE","False",,,,"803787",,"417837","2027",,"Efetuada total ou parcialmente, acarreta obrigatoriamente a redução proporcional dos juros e demais acréscimos.","1","07/02/2024 12:42:29","07/02/2024 12:42:29"
"MULTCHOICE","False",,,,"803788",,"417837","2039",,"Instituição consignatária é a instituição autorizada a conceder empréstimo ou financiamento.","1","07/02/2024 12:49:53","07/02/2024 12:49:53"
"MULTCHOICE","False",,,,"803789",,"417837","2029",,"O resumo contratual (sumário executivo) da operação.","1","07/02/2024 12:53:49","07/02/2024 12:53:49"
"MULTCHOICE","False",,,,"803790",,"417837","2059",,"A inclusão de cláusula estipulando que o contratante será previamente informado da elevação respectiva, por meio do veículo de comunicação previsto contratualmente.","1","07/02/2024 12:55:57","07/02/2024 12:55:57"
"MULTCHOICE","False",,,,"803791",,"417838","2061",,"Mensal.","0","07/02/2024 14:07:22","07/02/2024 14:07:22"
"MULTCHOICE","False",,,,"803792",,"417838","2060",,"Houver processo administrativo instaurado e tais exames sejam considerados indispensáveis pela autoridade administrativa competente.","1","07/02/2024 14:08:34","07/02/2024 14:08:34"
"MULTCHOICE","False",,,,"803793",,"417838","2069",,"Aquisição.","1","07/02/2024 14:08:51","07/02/2024 14:08:51"
"MULTCHOICE","False",,,,"803794",,"417838","2045",,"da realização de operações de crédito mediante penhor civil de bens e a gestão dos recursos do FGTS. ","1","07/02/2024 14:10:03","07/02/2024 14:10:03"
"MULTCHOICE","False",,,,"803795",,"417838","2029",,"O resumo contratual (sumário executivo) da operação.","1","07/02/2024 14:12:45","07/02/2024 14:12:45"
"MULTCHOICE","False",,,,"803796",,"417838","2058",,"Em local visível no recinto das dependências das instituições e de seus correspondentes.","1","07/02/2024 14:14:00","07/02/2024 14:14:00"
"MULTCHOICE","False",,,,"803797",,"417838","2021",,"Juros.","0","07/02/2024 14:14:23","07/02/2024 14:14:23"
"MULTCHOICE","False",,,,"803798",,"417838","2025",,"Risco.","1","07/02/2024 14:16:57","07/02/2024 14:16:57"
"MULTCHOICE","False",,,,"803799",,"417838","2041",,"Financeiro e operacional.","1","07/02/2024 14:17:08","07/02/2024 14:17:08"
"MULTCHOICE","False",,,,"803800",,"417838","2057",,"For observada a vigência do contrato para fins do empréstimo ou de financiamentos.","1","07/02/2024 14:17:32","07/02/2024 14:17:32"
"MULTCHOICE","False",,,,"803801",,"417838","2063",,"A cobrança será suspensa imediatamente, salvo se o fornecedor indicar o contrato e comprovar que o valor é efetivamente devido.","1","07/02/2024 14:17:58","07/02/2024 14:17:58"
"MULTCHOICE","False",,,,"803802",,"417838","2037",,"Cadastral.","1","07/02/2024 14:21:12","07/02/2024 14:21:12"
"MULTCHOICE","False",,,,"803803",,"417838","2065",,"Da padronização dos documentos a serem utilizados nos procedimentos de oferta e contratação de operações de crédito direto ao consumidor e de arrendamento mercantil financeiro.","1","07/02/2024 14:24:52","07/02/2024 14:24:52"
"MULTCHOICE","False",,,,"803804",,"417838","2062",,"Controle da liquidez monetária da economia e suprimentos de desencaixes.","0","07/02/2024 14:25:13","07/02/2024 14:25:13"
"MULTCHOICE","False",,,,"803805",,"417638","2056",,"A operação financeira tenha sido realizada pela própria instituição financeira ou pela sociedade de arrendamento mercantil a ela vinculada.","1","07/02/2024 17:27:41","07/02/2024 17:28:29"
"MULTCHOICE","False",,,,"803806",,"417638","2055",,"De relacionamento, de sensibilidade e do negócio.","1","07/02/2024 17:30:41","07/02/2024 17:30:41"
"MULTCHOICE","False",,,,"803807",,"417638","2032",,"Integridade, equidade, respeito ao consumidor, transparência, excelência, sustentabilidade e confiança.","1","07/02/2024 17:31:50","07/02/2024 17:31:50"
"MULTCHOICE","False",,,,"803808",,"417638","2048",,"Menor será o seu valor presente.","1","07/02/2024 17:33:26","07/02/2024 17:33:26"
"MULTCHOICE","False",,,,"803809",,"417638","2022",,"Todas as modalidades de crédito e todas as formas de operações creditícias.","1","07/02/2024 17:33:50","07/02/2024 17:33:50"
"MULTCHOICE","False",,,,"803810",,"417638","2045",,"da realização de operações de crédito mediante penhor civil de bens e a gestão dos recursos do FGTS. ","1","07/02/2024 17:34:17","07/02/2024 17:34:17"
"MULTCHOICE","False",,,,"803811",,"417638","2057",,"For observada a vigência do contrato para fins do empréstimo ou de financiamentos.","1","07/02/2024 17:34:58","07/02/2024 17:34:58"
"MULTCHOICE","False",,,,"803812",,"417737","2361",,"Risco.","1","07/02/2024 17:37:56","07/02/2024 17:37:56"
"MULTCHOICE","False",,,,"803813",,"417638","2052",,"Distinguir fatos de opiniões, pessoais ou de mercado, com relação aos produtos e serviços oferecidos aos clientes.","1","07/02/2024 17:39:21","07/02/2024 17:39:21"
"MULTCHOICE","False",,,,"803814",,"417737","2371",,"De forma clara e legível, o Custo Efetivo Total (CET), o referencial de remuneração e a taxa mensal e anual de juros.","1","07/02/2024 17:42:28","07/02/2024 17:42:28"
"MULTCHOICE","False",,,,"803815",,"417638","2053",,"O objetivo está em prestar esclarecimentos imediatos à referida equipe, sobre seus produtos e serviços e deve atender também às demandas dos seus clientes e usuários ao contratado.","1","07/02/2024 17:45:58","07/02/2024 17:45:58"
"MULTCHOICE","False",,,,"803816",,"417638","2029",,"O resumo contratual (sumário executivo) da operação.","1","07/02/2024 17:46:18","07/02/2024 17:46:18"
"MULTCHOICE","False",,,,"803817",,"417638","2064",,"É dever da ouvidoria quanto às reclamações recebidas.","1","07/02/2024 17:49:53","07/02/2024 17:49:53"
"MULTCHOICE","False",,,,"803818",,"417638","2047",,"Capitalização.","1","07/02/2024 17:50:40","07/02/2024 17:50:40"
"MULTCHOICE","False",,,,"803819",,"417638","2020",,"FMI.","1","07/02/2024 17:50:56","07/02/2024 17:50:56"
"MULTCHOICE","False",,,,"803820",,"417638","2034",,"Não é necessário ser cliente da instituição, mas ter cadastro aprovado.","1","07/02/2024 17:51:17","07/02/2024 17:51:17"
"MULTCHOICE","False",,,,"803821",,"417638","2043",,"Ter a opção de comprar o bem por um valor previamente estabelecido ao final do contrato.","1","07/02/2024 17:51:43","07/02/2024 17:51:43"
"MULTCHOICE","False",,,,"803822",,"417737","2374",,"Menor será o seu valor presente.","1","07/02/2024 17:53:03","07/02/2024 17:53:03"
"MULTCHOICE","False",,,,"803823",,"417638","2065",,"Das regras determinadas pela CVM para abertura de capital de empresas concessionárias de veículos.","0","07/02/2024 17:55:26","07/02/2024 17:55:26"
"MULTCHOICE","False",,,,"803824",,"417638","2066",,"Normalmente prefixados, contudo, se previsto em contrato, podem ser pós-fixados.","1","07/02/2024 17:56:12","07/02/2024 17:56:12"
"MULTCHOICE","False",,,,"803825",,"417638","2067",,"Responde como devedor principal e solidário da obrigação e o nome do empregado não pode ser inscrito em cadastro de inadimplente.","1","07/02/2024 17:56:58","07/02/2024 17:56:58"
"MULTCHOICE","False",,,,"803826",,"417638","2058",,"Via Internet, disponíveis nas redes sociais.","0","07/02/2024 18:04:37","07/02/2024 18:04:37"
"MULTCHOICE","False",,,,"803827",,"417638","2041",,"Financeiro e operacional.","1","07/02/2024 18:04:47","07/02/2024 18:04:47"
"MULTCHOICE","False",,,,"803828",,"417737","2383",,"O consumidor será informado sobre a resolução de sua demanda no prazo máximo de setenta e duas horas por correspondência ou por meio eletrônico, a seu critério.","0","07/02/2024 18:06:36","07/02/2024 18:06:36"
"MULTCHOICE","False",,,,"803829",,"417737","2385",,"Sempre prefixados.","0","07/02/2024 18:21:28","07/02/2024 18:21:28"
"MULTCHOICE","False",,,,"803830",,"417737","2367",,"É obrigatório ser cliente da instituição e possuir cadastro aprovado previamente.","0","07/02/2024 18:22:07","07/02/2024 18:22:07"
"MULTCHOICE","False",,,,"803831",,"417938","2371",,"A taxa mensal de juros, o Custo Efetivo Total (CET) e apresentar uma simulação para quitação do contrato em 12 meses.","0","07/02/2024 20:11:14","07/02/2024 20:11:14"
"MULTCHOICE","False",,,,"803832",,"417938","2365",,"As signatárias devem manter, na sua publicidade de produtos de crédito, mensagem que oriente o consumidor ao uso irresponsável do crédito.","0","07/02/2024 20:16:18","07/02/2024 20:16:18"
"MULTCHOICE","False",,,,"803833",,"417938","2358",,"FMI.","1","07/02/2024 20:19:17","07/02/2024 20:19:17"
"MULTCHOICE","False",,,,"803834",,"417938","2360",,"Investimento e financiamento.","1","07/02/2024 20:23:35","07/02/2024 20:23:35"
"MULTCHOICE","False",,,,"803835",,"417938","2374",,"Menor será o seu valor presente.","1","07/02/2024 20:26:45","07/02/2024 20:26:45"
"MULTCHOICE","False",,,,"803836",,"417938","2372",,"Realizar penhor de bens pessoais e recolher o FGTS.","1","07/02/2024 20:31:49","07/02/2024 20:31:49"
"MULTCHOICE","False",,,,"803837",,"417938","2362",,"De todos os riscos, de modo detalhado, ainda que venha a perder o negócio.","1","07/02/2024 20:32:42","07/02/2024 20:32:42"
"MULTCHOICE","False",,,,"803838",,"417938","2385",,"Normalmente prefixados, contudo, se previsto em contrato, podem ser pós-fixados.","1","07/02/2024 20:33:12","07/02/2024 20:33:12"
"MULTCHOICE","False",,,,"803839",,"417938","2381",,"A inclusão de cláusula estipulando que o contratante será previamente informado da elevação respectiva, independentemente de previsão contratual.","0","07/02/2024 20:34:56","07/02/2024 20:34:56"
"MULTCHOICE","False",,,,"803840",,"417938","2376",,"Dez dias úteis.","0","07/02/2024 20:37:37","07/02/2024 20:37:37"
"MULTCHOICE","False",,,,"803841",,"417938","2364",,"O fornecedor deverá informar em 5 dias úteis a todos os bancos de dados para a retirada da negativação em nome do consumidor.","1","07/02/2024 20:38:14","07/02/2024 20:38:14"
"MULTCHOICE","False",,,,"803842",,"417839","2339",,"Maior será o seu valor presente.","0","07/02/2024 23:12:39","07/02/2024 23:12:42"
"MULTCHOICE","False",,,,"803843",,"417839","2333",,"Do valor total financiado e a taxa mensal e anual de juros.","1","07/02/2024 23:22:24","07/02/2024 23:22:24"
"MULTCHOICE","False",,,,"803844",,"417839","2336",,"De forma clara e legível, o Custo Efetivo Total (CET), o referencial de remuneração e a taxa mensal e anual de juros.","1","07/02/2024 23:23:07","07/02/2024 23:23:07"
"MULTCHOICE","False",,,,"803845",,"417839","2327",,"De todos os riscos, de modo detalhado, ainda que venha a perder o negócio.","1","07/02/2024 23:24:17","07/02/2024 23:26:03"
"MULTCHOICE","False",,,,"803846",,"417839","2324",,"Tarifa.","1","07/02/2024 23:41:43","07/02/2024 23:41:43"
"MULTCHOICE","False",,,,"803847",,"417839","2355",,"Encaminhar resposta conclusiva para a demanda dos reclamantes, após dar adequado tratamento às reclamações recebidas.","1","07/02/2024 23:42:37","07/02/2024 23:46:15"
"MULTCHOICE","False",,,,"803848",,"417839","2331",,"Usar crachá de identificação visível ao cliente, ser ético e apresentar os planos oferecidos por todas as instituições para o cliente ter a opção de escolha.","1","07/02/2024 23:46:48","07/02/2024 23:46:48"
"MULTCHOICE","False",,,,"803859",,"417635","13845",,"Gerenciar a operacionalização do processo logístico da entrega do cartão ao portador.","1","07/02/2024 09:40:16","07/02/2024 09:40:16"
"MULTCHOICE","False",,,,"803860",,"417635","13854",,"A antecipação de recebíveis é o pagamento antecipado com deságio, da Credenciadora ao Estabelecimento Comercial, dos valores referentes às suas vendas com cartões.","0","07/02/2024 09:43:25","07/02/2024 09:45:34"
"MULTCHOICE","False",,,,"803861",,"417636","13843",,"Assumir o risco dos portadores inadimplentes.","1","07/02/2024 10:08:15","07/02/2024 10:08:15"
"MULTCHOICE","False",,,,"803862",,"417637","2027",,"Efetuada total ou parcialmente, acarreta obrigatoriamente a redução proporcional dos juros e demais acréscimos.","1","07/02/2024 10:58:47","07/02/2024 10:58:47"
"MULTCHOICE","False",,,,"803863",,"417637","2060",,"Houver processo administrativo instaurado e tais exames sejam considerados indispensáveis pela autoridade administrativa competente.","1","07/02/2024 11:05:36","07/02/2024 11:05:36"
"MULTCHOICE","False",,,,"803864",,"417637","2033",,"Usar crachá de identificação visível ao cliente, ser ético e apresentar os planos oferecidos por todas as instituições para o cliente ter a opção de escolha.","1","07/02/2024 11:06:26","07/02/2024 11:06:26"
"MULTCHOICE","False",,,,"803865",,"417637","2035",,"Rotativas (exemplo   :   cheque especial) e pontuais (parcelas e prazo fixo).","1","07/02/2024 11:15:48","07/02/2024 11:15:48"
"MULTCHOICE","False",,,,"803866",,"417637","2041",,"Financeiro e operacional.","1","07/02/2024 11:17:03","07/02/2024 11:17:03"
"MULTCHOICE","False",,,,"803867",,"417637","2037",,"Cadastral.","1","07/02/2024 11:17:23","07/02/2024 11:17:23"
"MULTCHOICE","False",,,,"803868",,"417637","2068",,"Por meio das Resoluções do Banco Central do Brasil.","0","07/02/2024 11:17:59","07/02/2024 11:18:16"
"MULTCHOICE","False",,,,"803869",,"417736","2037",,"Cadastral.","1","07/02/2024 11:25:22","07/02/2024 11:25:56"
"MULTCHOICE","False",,,,"803870",,"417637","2024",,"As entradas e saídas de valores (dinheiro) efetivadas no decorrer do tempo numa dada operação.","1","07/02/2024 11:30:23","07/02/2024 11:30:23"
"MULTCHOICE","False",,,,"803871",,"417637","2054",,"As Sociedade de Crédito, Financiamento e Investimento (Financeiras).","1","07/02/2024 11:37:40","07/02/2024 11:37:40"
"MULTCHOICE","False",,,,"803872",,"417637","2038",,"Do valor total financiado e a taxa mensal e anual de juros.","1","07/02/2024 11:38:41","07/02/2024 11:38:41"
"MULTCHOICE","False",,,,"803873",,"417637","2036",,"Demonstrativo de pagamento de salário ou comprovante de benefício de aposentadoria/pensão, quando for o caso.","1","07/02/2024 11:40:01","07/02/2024 11:40:01"
"MULTCHOICE","False",,,,"803874",,"417637","2055",,"De relacionamento, de sensibilidade e do negócio.","1","07/02/2024 11:45:34","07/02/2024 11:45:34"
"MULTCHOICE","False",,,,"803875",,"417637","2026",,"De todos os riscos, de modo detalhado, ainda que venha a perder o negócio.","1","07/02/2024 11:47:30","07/02/2024 11:47:30"
"MULTCHOICE","False",,,,"803876",,"417837","2062",,"Financiamento do consumo das pessoas físicas e do capital de giro das empresas.","1","07/02/2024 12:05:40","07/02/2024 12:05:40"
"MULTCHOICE","False",,,,"803877",,"417837","2070",,"Desfrutar do bem gratuitamente até o fim de sua vida útil.","0","07/02/2024 12:06:41","07/02/2024 12:06:41"
"MULTCHOICE","False",,,,"803878",,"417837","2048",,"Menor credibilidade terá seu cálculo.","0","07/02/2024 12:07:12","07/02/2024 12:07:24"
"MULTCHOICE","False",,,,"803879",,"417837","2045",,"da realização de operações de crédito mediante penhor civil de bens e a gestão dos recursos do FGTS. ","1","07/02/2024 12:12:59","07/02/2024 12:12:59"
"MULTCHOICE","False",,,,"803880",,"417837","2051",,"Encaminhar resposta conclusiva para a demanda dos reclamantes, após dar adequado tratamento às reclamações recebidas.","1","07/02/2024 12:13:57","07/02/2024 12:13:57"
"MULTCHOICE","False",,,,"803881",,"417837","2022",,"Todas as modalidades de crédito e todas as formas de operações creditícias.","1","07/02/2024 12:20:03","07/02/2024 12:20:03"
"MULTCHOICE","False",,,,"803882",,"417837","2066",,"Sempre prefixados.","0","07/02/2024 12:20:33","07/02/2024 12:20:33"
"MULTCHOICE","False",,,,"803883",,"417837","2023",,"Investimento e financiamento.","1","07/02/2024 12:25:56","07/02/2024 12:25:56"
"MULTCHOICE","False",,,,"803884",,"417837","2065",,"Dos impostos e taxas incidentes nas operações de crédito direto ao consumidor e de arrendamento mercantil financeiro.","0","07/02/2024 12:29:09","07/02/2024 12:29:31"
"MULTCHOICE","False",,,,"803885",,"417837","2034",,"É obrigatório ser cliente da instituição e possuir cadastro aprovado previamente.","0","07/02/2024 12:47:58","07/02/2024 12:47:58"
"MULTCHOICE","False",,,,"803886",,"417837","2031",,"O Programa de autorregulação de crédito responsável estabelece diretrizes e procedimentos a serem observados nas etapas de oferta e contratação de crédito e tratamento dos superendividados.","1","07/02/2024 12:52:27","07/02/2024 12:52:27"
"MULTCHOICE","False",,,,"803887",,"417838","2027",,"Efetuada total ou parcialmente, acarreta obrigatoriamente a redução proporcional dos juros e demais acréscimos.","1","07/02/2024 14:05:03","07/02/2024 14:05:03"
"MULTCHOICE","False",,,,"803888",,"417838","2066",,"Normalmente prefixados, contudo, se previsto em contrato, podem ser pós-fixados.","1","07/02/2024 14:09:18","07/02/2024 14:09:18"
"MULTCHOICE","False",,,,"803889",,"417838","2038",,"Do valor total financiado e a taxa mensal e anual de juros.","1","07/02/2024 14:09:39","07/02/2024 14:09:39"
"MULTCHOICE","False",,,,"803890",,"417838","2053",,"O objetivo está em prestar esclarecimentos imediatos à referida equipe, sobre seus produtos e serviços e deve atender também às demandas dos seus clientes e usuários ao contratado.","1","07/02/2024 14:10:29","07/02/2024 14:10:29"
"MULTCHOICE","False",,,,"803891",,"417838","2042",,"Solicitar que a empresa de arrendamento mercantil assuma todas as despesas com o seguro do bem.","1","07/02/2024 14:10:50","07/02/2024 14:10:50"
"MULTCHOICE","False",,,,"803892",,"417838","2024",,"As entradas e saídas de valores (dinheiro) efetivadas no decorrer do tempo numa dada operação.","1","07/02/2024 14:13:08","07/02/2024 14:13:08"
"MULTCHOICE","False",,,,"803893",,"417838","2050",,"Cinco dias úteis.","1","07/02/2024 14:13:43","07/02/2024 14:13:43"
"MULTCHOICE","False",,,,"803894",,"417838","2068",,"Por meio das Resoluções do Banco Central do Brasil.","0","07/02/2024 14:15:16","07/02/2024 14:15:16"
"MULTCHOICE","False",,,,"803895",,"417838","2026",,"De todos os riscos, de modo detalhado, ainda que venha a perder o negócio.","1","07/02/2024 14:15:55","07/02/2024 14:15:55"
"MULTCHOICE","False",,,,"803896",,"417838","2032",,"Integridade, equidade, respeito ao consumidor, transparência, excelência, sustentabilidade e confiança.","1","07/02/2024 14:18:13","07/02/2024 14:18:13"
"MULTCHOICE","False",,,,"803897",,"417838","2056",,"O somatório dos descontos e/ou retenções consignados para pagamento de empréstimo pessoal não exceda, a qualquer momento, a trinta por cento do valor do benefício.","0","07/02/2024 14:18:44","07/02/2024 14:18:44"
"MULTCHOICE","False",,,,"803898",,"417838","2043",,"Ter a opção de comprar o bem por um valor previamente estabelecido ao final do contrato.","1","07/02/2024 14:19:41","07/02/2024 14:19:41"
"MULTCHOICE","False",,,,"803899",,"417838","2039",,"Instituição consignatária é a instituição autorizada a conceder empréstimo ou financiamento.","1","07/02/2024 14:21:00","07/02/2024 14:21:00"
"MULTCHOICE","False",,,,"803900",,"417838","2067",,"Responde como devedor principal e solidário da obrigação e o nome do empregado não pode ser inscrito em cadastro de inadimplente.","1","07/02/2024 14:22:47","07/02/2024 14:22:47"
"MULTCHOICE","False",,,,"803901",,"417737","2359",,"Juros.","0","07/02/2024 17:33:15","07/02/2024 17:33:15"
"MULTCHOICE","False",,,,"803902",,"417737","2366",,"Usar crachá de identificação visível ao cliente, ser ético e apresentar os planos oferecidos por todas as instituições para o cliente ter a opção de escolha.","1","07/02/2024 17:33:32","07/02/2024 17:33:32"
"MULTCHOICE","False",,,,"803903",,"417638","2059",,"A inclusão de cláusula estipulando que o contratante será previamente informado da elevação respectiva, por meio do veículo de comunicação previsto contratualmente.","1","07/02/2024 17:35:22","07/02/2024 17:35:22"
"MULTCHOICE","False",,,,"803904",,"417638","2036",,"Demonstrativo de pagamento de salário ou comprovante de benefício de aposentadoria/pensão, quando for o caso.","1","07/02/2024 17:36:02","07/02/2024 17:36:02"
"MULTCHOICE","False",,,,"803905",,"417638","2049",,"Verificar a adequação da oferta de crédito realizada ao perfil econômico e a capacidade de pagamento do consumidor contratante.","1","07/02/2024 17:36:50","07/02/2024 17:36:50"
"MULTCHOICE","False",,,,"803906",,"417638","2062",,"Financiamento do consumo das pessoas físicas e do capital de giro das empresas.","1","07/02/2024 17:37:15","07/02/2024 17:37:15"
"MULTCHOICE","False",,,,"803907",,"417638","2027",,"Efetuada total ou parcialmente, acarreta obrigatoriamente a redução proporcional dos juros e demais acréscimos.","1","07/02/2024 17:38:03","07/02/2024 17:38:03"
"MULTCHOICE","False",,,,"803908",,"417638","2040",,"Os titulares de benefícios de aposentadoria e pensão por morte pagos pelo INSS.","1","07/02/2024 17:38:42","07/02/2024 17:38:42"
"MULTCHOICE","False",,,,"803909",,"417638","2050",,"Cinco dias úteis.","1","07/02/2024 17:43:58","07/02/2024 17:45:26"
"MULTCHOICE","False",,,,"803910",,"417638","2054",,"As Sociedade de Crédito, Financiamento e Investimento (Financeiras).","1","07/02/2024 17:48:59","07/02/2024 17:48:59"
"MULTCHOICE","False",,,,"803911",,"417638","2069",,"Mercado.","0","07/02/2024 17:50:18","07/02/2024 17:50:18"
"MULTCHOICE","False",,,,"803912",,"417737","2370",,"Ter a opção de comprar o bem por um valor previamente estabelecido ao final do contrato.","1","07/02/2024 17:57:06","07/02/2024 17:57:06"
"MULTCHOICE","False",,,,"803913",,"417938","2370",,"Ter a opção de comprar o bem por um valor previamente estabelecido ao final do contrato.","1","07/02/2024 20:17:08","07/02/2024 20:17:08"
"MULTCHOICE","False",,,,"803914",,"417938","2369",,"Renovar o contrato pelo valor estabelecido.","0","07/02/2024 20:23:09","07/02/2024 20:23:09"
"MULTCHOICE","False",,,,"803915",,"417938","2387",,"Devolver o bem à empresa de arrendamento mercantil.","1","07/02/2024 20:24:11","07/02/2024 20:24:11"
"MULTCHOICE","False",,,,"803916",,"417938","2383",,"A cobrança será suspensa imediatamente, salvo se o fornecedor indicar o contrato e comprovar que o valor é efetivamente devido.","1","07/02/2024 20:30:47","07/02/2024 20:30:47"
"MULTCHOICE","False",,,,"803917",,"417938","2379",,"As Sociedade de Crédito, Financiamento e Investimento (Financeiras).","1","07/02/2024 20:31:17","07/02/2024 20:31:17"
"MULTCHOICE","False",,,,"803918",,"417938","2361",,"Risco.","1","07/02/2024 20:33:42","07/02/2024 20:33:42"
"MULTCHOICE","False",,,,"803919",,"417938","2368",,"Econômico e contábil.","0","07/02/2024 20:40:11","07/02/2024 20:40:11"
"MULTCHOICE","False",,,,"803920",,"417938","2363",,"Efetuada total ou parcialmente, acarreta obrigatoriamente a redução proporcional dos juros e demais acréscimos.","1","07/02/2024 20:41:54","07/02/2024 20:41:54"
"MULTCHOICE","False",,,,"803921",,"417839","2349",,"Da padronização dos documentos a serem utilizados nos procedimentos de oferta e contratação de operações de crédito direto ao consumidor e de arrendamento mercantil financeiro.","1","07/02/2024 23:17:58","07/02/2024 23:21:32"
"MULTCHOICE","False",,,,"803922",,"417839","2330",,"O Programa de autorregulação de crédito responsável estabelece diretrizes e procedimentos a serem observados nas etapas de oferta e contratação de crédito e tratamento dos superendividados.","1","07/02/2024 23:38:13","07/02/2024 23:38:13"
"MULTCHOICE","False",,,,"803923",,"417839","2326",,"Risco.","1","07/02/2024 23:52:09","07/02/2024 23:52:09"
"MULTCHOICE","False",,,,"803960",,"417635","13837",,"Em 1958 foi lançada o BankAmericard, do Bank of America, transformado na associação de bancos iBanco, que deu origem à bandeira Visa.","0","07/02/2024 09:51:09","07/02/2024 09:51:09"
"MULTCHOICE","False",,,,"803961",,"417635","13846",,"Receber dos Emissores o valor das transações descontado do intercâmbio e liquidar a transação ao Estabelecimento Comercial ou ao Subcredenciador.","1","07/02/2024 09:52:22","07/02/2024 09:52:22"
"MULTCHOICE","False",,,,"803962",,"417635","13842",,"Uma pessoa jurídica que habilita usuário final recebedor para a aceitação de instrumento de pagamento emitido por instituição de pagamento ou por instituição financeira participante de um mesmo arranjo de pagamento, mas que não participa do processo de liquidação das transações de pagamento como credor perante o Emissor.","1","07/02/2024 09:52:49","07/02/2024 09:52:49"
"MULTCHOICE","False",,,,"803963",,"417635","13844",,"Buscar pessoas físicas ou jurídicas potenciais portadoras para a oferta do cartão, analisar a situação de crédito e conceder crédito ou acesso à conta de pagamento (bancária ou pré-paga).","0","07/02/2024 09:54:20","07/02/2024 09:54:20"
"MULTCHOICE","False",,,,"803964",,"417635","13838",,"Em 1987, foi lançada a Credicard associando-se exclusivamente à Visa e consolidando seu crescimento com essa bandeira.","1","07/02/2024 09:55:09","07/02/2024 09:55:18"
"MULTCHOICE","False",,,,"803965",,"417635","13852",,"Nenhuma das alternativas.","0","07/02/2024 09:58:41","07/02/2024 10:04:08"
"MULTCHOICE","False",,,,"803966",,"417636","13837",,"Em 1958 foi lançada o BankAmericard, do Bank of America, transformado na associação de bancos iBanco, que deu origem à bandeira Visa.","0","07/02/2024 10:13:03","07/02/2024 10:13:03"
"MULTCHOICE","False",,,,"803967",,"417636","13848",,"Possibilitar a autorização de pagamento de cartão de crédito, débito e outras formas de pagamento.","0","07/02/2024 10:22:28","07/02/2024 10:22:28"
"MULTCHOICE","False",,,,"803968",,"417637","2022",,"Todas as modalidades de crédito e todas as formas de operações creditícias.","1","07/02/2024 10:59:29","07/02/2024 10:59:29"
"MULTCHOICE","False",,,,"803969",,"417637","2044",,"A taxa mensal de juros, o Custo Efetivo Total (CET) e apresentar uma simulação para quitação do contrato em 12 meses.","0","07/02/2024 11:00:31","07/02/2024 11:00:31"
"MULTCHOICE","False",,,,"803970",,"417637","2070",,"Desfrutar do bem gratuitamente até o fim de sua vida útil.","0","07/02/2024 11:02:16","07/02/2024 11:02:27"
"MULTCHOICE","False",,,,"803971",,"417637","2028",,"O fornecedor deverá informar em 5 dias úteis a todos os bancos de dados para a retirada da negativação em nome do consumidor.","1","07/02/2024 11:07:43","07/02/2024 11:07:43"
"MULTCHOICE","False",,,,"803972",,"417637","2040",,"Os titulares de benefícios de aposentadoria e pensão por morte pagos pelo INSS.","1","07/02/2024 11:15:04","07/02/2024 11:15:04"
"MULTCHOICE","False",,,,"803973",,"417637","2058",,"Em local visível no recinto das dependências das instituições e de seus correspondentes.","1","07/02/2024 11:19:32","07/02/2024 11:19:32"
"MULTCHOICE","False",,,,"803974",,"417637","2067",,"É o único responsável pelo pagamento e o empregado deve solicitar o estorno dos descontos efetuados.","0","07/02/2024 11:25:16","07/02/2024 11:26:52"
"MULTCHOICE","False",,,,"803975",,"417637","2061",,"Mensal.","0","07/02/2024 11:34:19","07/02/2024 11:34:19"
"MULTCHOICE","False",,,,"803976",,"417637","2066",,"Normalmente prefixados, contudo, se previsto em contrato, podem ser pós-fixados.","1","07/02/2024 11:39:19","07/02/2024 11:39:19"
"MULTCHOICE","False",,,,"803977",,"417637","2032",,"Integridade, equidade, respeito ao consumidor, transparência, excelência, sustentabilidade e confiança.","1","07/02/2024 11:44:18","07/02/2024 11:44:18"
"MULTCHOICE","False",,,,"803978",,"417637","2051",,"Encaminhar resposta conclusiva para a demanda dos reclamantes, após dar adequado tratamento às reclamações recebidas.","1","07/02/2024 11:48:54","07/02/2024 11:48:54"
"MULTCHOICE","False",,,,"803979",,"417637","2045",,"da realização de operações de crédito mediante penhor civil de bens e a gestão dos recursos do FGTS. ","1","07/02/2024 11:49:08","07/02/2024 11:49:08"
"MULTCHOICE","False",,,,"803980",,"417637","2046",,"A fabricação de papel moeda.","1","07/02/2024 11:49:45","07/02/2024 11:49:45"
"MULTCHOICE","False",,,,"803981",,"417837","2061",,"Semestral.","1","07/02/2024 12:07:56","07/02/2024 12:07:56"
"MULTCHOICE","False",,,,"803982",,"417837","2064",,"É dever da ouvidoria quanto às reclamações recebidas.","1","07/02/2024 12:12:04","07/02/2024 12:12:04"
"MULTCHOICE","False",,,,"803983",,"417837","2026",,"De todos os riscos, de modo detalhado, ainda que venha a perder o negócio.","1","07/02/2024 12:12:27","07/02/2024 12:12:27"
"MULTCHOICE","False",,,,"803984",,"417837","2030",,"O primeiro requisito do atendimento é o conhecimento, pois possibilita segurança ao tratar com o cliente.","1","07/02/2024 12:14:39","07/02/2024 12:14:39"
"MULTCHOICE","False",,,,"803985",,"417837","2043",,"Ter a opção de comprar o bem por um valor previamente estabelecido ao final do contrato.","1","07/02/2024 12:15:29","07/02/2024 12:15:29"
"MULTCHOICE","False",,,,"803986",,"417837","2036",,"Demonstrativo de pagamento de salário ou comprovante de benefício de aposentadoria/pensão, quando for o caso.","1","07/02/2024 12:15:46","07/02/2024 12:15:46"
"MULTCHOICE","False",,,,"803987",,"417837","2035",,"Rotativas (exemplo   :   cheque especial) e pontuais (parcelas e prazo fixo).","1","07/02/2024 12:18:01","07/02/2024 12:18:01"
"MULTCHOICE","False",,,,"803988",,"417837","2021",,"Tarifa.","1","07/02/2024 12:18:20","07/02/2024 12:18:20"
"MULTCHOICE","False",,,,"803989",,"417837","2033",,"Usar crachá de identificação visível ao cliente, ser ético e apresentar os planos oferecidos por todas as instituições para o cliente ter a opção de escolha.","1","07/02/2024 12:18:47","07/02/2024 12:18:47"
"MULTCHOICE","False",,,,"803990",,"417837","2047",,"Capitalização.","1","07/02/2024 12:19:04","07/02/2024 12:19:04"
"MULTCHOICE","False",,,,"803991",,"417837","2054",,"As Sociedade de Crédito, Financiamento e Investimento (Financeiras).","1","07/02/2024 12:21:37","07/02/2024 12:21:37"
"MULTCHOICE","False",,,,"803992",,"417837","2052",,"Distinguir fatos de opiniões, pessoais ou de mercado, com relação aos produtos e serviços oferecidos aos clientes.","1","07/02/2024 12:22:40","07/02/2024 12:22:40"
"MULTCHOICE","False",,,,"803993",,"417837","2068",,"Nos convênios celebrados entre instituições securitárias e INSS.","0","07/02/2024 12:25:42","07/02/2024 12:25:42"
"MULTCHOICE","False",,,,"803994",,"417837","2049",,"Verificar a adequação da oferta de crédito realizada ao perfil econômico e a capacidade de pagamento do consumidor contratante.","1","07/02/2024 12:30:40","07/02/2024 12:30:40"
"MULTCHOICE","False",,,,"803995",,"417837","2042",,"Solicitar que a empresa de arrendamento mercantil assuma todas as despesas com o seguro do bem.","1","07/02/2024 12:38:45","07/02/2024 12:38:45"
"MULTCHOICE","False",,,,"803996",,"417838","2020",,"FMI.","1","07/02/2024 14:05:57","07/02/2024 14:05:57"
"MULTCHOICE","False",,,,"803997",,"417838","2059",,"A comunicação do contratante por meio de carta, mesmo que não prevista no contrato.","0","07/02/2024 14:06:27","07/02/2024 14:06:27"
"MULTCHOICE","False",,,,"803998",,"417838","2040",,"Os titulares de benefícios de aposentadoria e pensão por morte pagos pelo INSS.","1","07/02/2024 14:07:51","07/02/2024 14:07:51"
"MULTCHOICE","False",,,,"803999",,"417838","2049",,"Verificar a adequação da oferta de crédito realizada ao perfil econômico e a capacidade de pagamento do consumidor contratante.","1","07/02/2024 14:11:31","07/02/2024 14:11:31"
"MULTCHOICE","False",,,,"804000",,"417838","2070",,"Devolver o bem à empresa de arrendamento mercantil.","1","07/02/2024 14:12:28","07/02/2024 14:12:28"
"MULTCHOICE","False",,,,"804001",,"417838","2028",,"O fornecedor deverá informar em 5 dias úteis a todos os bancos de dados para a retirada da negativação em nome do consumidor.","1","07/02/2024 14:16:18","07/02/2024 14:16:18"
"MULTCHOICE","False",,,,"804002",,"417838","2046",,"A fabricação de papel moeda.","1","07/02/2024 14:16:31","07/02/2024 14:16:31"
"MULTCHOICE","False",,,,"804003",,"417838","2034",,"É obrigatório ser cliente da instituição e possuir cadastro aprovado previamente.","0","07/02/2024 14:19:20","07/02/2024 14:19:20"
"MULTCHOICE","False",,,,"804004",,"417838","2036",,"Demonstrativo de pagamento de salário ou comprovante de benefício de aposentadoria/pensão, quando for o caso.","1","07/02/2024 14:19:53","07/02/2024 14:19:53"
"MULTCHOICE","False",,,,"804005",,"417838","2044",,"De forma clara e legível, o Custo Efetivo Total (CET), o referencial de remuneração e a taxa mensal e anual de juros.","1","07/02/2024 14:22:15","07/02/2024 14:22:15"
"MULTCHOICE","False",,,,"804006",,"417838","2031",,"O Programa de autorregulação de crédito responsável estabelece diretrizes e procedimentos a serem observados nas etapas de oferta e contratação de crédito e tratamento dos superendividados.","1","07/02/2024 14:23:17","07/02/2024 14:23:17"
"MULTCHOICE","False",,,,"804007",,"417838","2055",,"De relacionamento, de sensibilidade e do negócio.","1","07/02/2024 14:24:07","07/02/2024 14:24:07"
"MULTCHOICE","False",,,,"804008",,"417838","2022",,"Todas as modalidades de crédito e todas as formas de operações creditícias.","1","07/02/2024 14:24:34","07/02/2024 14:24:34"
"MULTCHOICE","False",,,,"804009",,"417737","2364",,"O fornecedor deverá informar em 5 dias úteis a todos os bancos de dados para a retirada da negativação em nome do consumidor.","1","07/02/2024 17:51:59","07/02/2024 17:52:36"
"MULTCHOICE","False",,,,"804010",,"417737","2360",,"Investimento e financiamento.","1","07/02/2024 17:59:13","07/02/2024 17:59:13"
"MULTCHOICE","False",,,,"804011",,"417737","2379",,"As Sociedade de Crédito, Financiamento e Investimento (Financeiras).","1","07/02/2024 17:59:27","07/02/2024 17:59:27"
"MULTCHOICE","False",,,,"804012",,"417737","2375",,"Verificar a adequação da oferta de crédito realizada ao perfil econômico e a capacidade de pagamento do consumidor contratante.","1","07/02/2024 18:01:32","07/02/2024 18:01:32"
"MULTCHOICE","False",,,,"804013",,"417737","2368",,"Financeiro e operacional. ","1","07/02/2024 18:01:55","07/02/2024 18:01:55"
"MULTCHOICE","False",,,,"804014",,"417737","2369",,"Solicitar que a empresa de arrendamento mercantil assuma todas as despesas com o seguro do bem.","1","07/02/2024 18:02:59","07/02/2024 18:02:59"
"MULTCHOICE","False",,,,"804015",,"417737","2378",,"O objetivo está em prestar esclarecimentos imediatos à referida equipe, sobre seus produtos e serviços e deve atender também às demandas dos seus clientes e usuários ao contratado.","1","07/02/2024 18:14:17","07/02/2024 18:14:17"
"MULTCHOICE","False",,,,"804016",,"417737","2358",,"FMI.","1","07/02/2024 18:15:48","07/02/2024 18:15:48"
"MULTCHOICE","False",,,,"804017",,"417737","2377",,"Distinguir fatos de opiniões, pessoais ou de mercado, com relação aos produtos e serviços oferecidos aos clientes.","1","07/02/2024 18:16:26","07/02/2024 18:16:26"
"MULTCHOICE","False",,,,"804018",,"417737","2387",,"Devolver o bem à empresa de arrendamento mercantil.","1","07/02/2024 18:16:51","07/02/2024 18:16:51"
"MULTCHOICE","False",,,,"804019",,"417938","2382",,"Houver indícios de crime contra o Sistema Financeiro Monetário, dispensando inclusive a necessidade de inquérito policial.","0","07/02/2024 20:18:47","07/02/2024 20:18:50"
"MULTCHOICE","False",,,,"804020",,"417938","2386",,"Aquisição. ","1","07/02/2024 20:21:03","07/02/2024 20:21:03"
"MULTCHOICE","False",,,,"804021",,"417938","2375",,"Verificar a adequação da oferta de crédito realizada ao perfil econômico e a capacidade de pagamento do consumidor contratante.","1","07/02/2024 20:25:46","07/02/2024 20:25:46"
"MULTCHOICE","False",,,,"804022",,"417938","2366",,"Usar crachá de identificação visível ao cliente, ser ético e apresentar os planos oferecidos por todas as instituições para o cliente ter a opção de escolha.","1","07/02/2024 20:42:30","07/02/2024 20:42:30"
"MULTCHOICE","False",,,,"804023",,"417938","2380",,"Em local visível no recinto das dependências das instituições e de seus correspondentes.","1","07/02/2024 20:43:11","07/02/2024 20:43:11"
"MULTCHOICE","False",,,,"804024",,"417938","2367",,"Não é necessário ser cliente da instituição, mas ter cadastro aprovado.","1","07/02/2024 20:44:05","07/02/2024 20:44:05"
"MULTCHOICE","False",,,,"804025",,"417839","2344",,"As Sociedade de Crédito, Financiamento e Investimento (Financeiras).","1","07/02/2024 23:26:24","07/02/2024 23:27:27"
"MULTCHOICE","False",,,,"804026",,"417839","2350",,"Sempre prefixados.","0","07/02/2024 23:28:21","07/02/2024 23:28:24"
"MULTCHOICE","False",,,,"804027",,"417839","2351",,"Responde como devedor principal e solidário da obrigação e o nome do empregado não pode ser inscrito em cadastro de inadimplente.","1","07/02/2024 23:39:26","07/02/2024 23:41:00"
"MULTCHOICE","False",,,,"804028",,"417839","2348",,"O consumidor será informado sobre a resolução de sua demanda no prazo máximo de setenta e duas horas por correspondência ou por meio eletrônico, a seu critério.","0","07/02/2024 23:48:19","07/02/2024 23:48:19"
"MULTCHOICE","False",,,,"804061",,"417636","13844",,"Garantir o equilíbrio da externalidade de rede no mercado de dois lados para o relacionamento de 4 partes, estabelecendo a estrutura de intercâmbio.","1","07/02/2024 10:16:46","07/02/2024 10:20:00"
"MULTCHOICE","False",,,,"804062",,"417636","13839",,"Uma pessoa jurídica que estabelece um arranjo de pagamento, que é o conjunto de regras e procedimentos que disciplina a prestação de determinado serviço de pagamento ao público.","1","07/02/2024 10:27:12","07/02/2024 10:29:37"
"MULTCHOICE","False",,,,"804063",,"417636","13842",,"Uma pessoa jurídica que habilita usuário final recebedor para a aceitação de instrumento de pagamento emitido por instituição de pagamento ou por instituição financeira participante de um mesmo arranjo de pagamento, mas que não participa do processo de liquidação das transações de pagamento como credor perante o Emissor.","1","07/02/2024 10:30:35","07/02/2024 10:30:35"
"MULTCHOICE","False",,,,"804064",,"417637","2039",,"Instituição consignatária é a instituição autorizada a conceder empréstimo ou financiamento.","1","07/02/2024 11:10:59","07/02/2024 11:10:59"
"MULTCHOICE","False",,,,"804065",,"417637","2063",,"A cobrança será suspensa imediatamente, salvo se o fornecedor indicar o contrato e comprovar que o valor é efetivamente devido.","1","07/02/2024 11:12:15","07/02/2024 11:12:15"
"MULTCHOICE","False",,,,"804066",,"417637","2047",,"Capitalização.","1","07/02/2024 11:20:04","07/02/2024 11:20:04"
"MULTCHOICE","False",,,,"804067",,"417637","2059",,"A inclusão de cláusula estipulando que o contratante será previamente informado da elevação respectiva, por meio do veículo de comunicação previsto contratualmente.","1","07/02/2024 11:22:08","07/02/2024 11:22:08"
"MULTCHOICE","False",,,,"804068",,"417637","2052",,"Distinguir fatos de opiniões, pessoais ou de mercado, com relação aos produtos e serviços oferecidos aos clientes.","1","07/02/2024 11:23:10","07/02/2024 11:23:10"
"MULTCHOICE","False",,,,"804069",,"417637","2031",,"As signatárias devem manter, na sua publicidade de produtos de crédito, mensagem que oriente o consumidor ao uso irresponsável do crédito.","0","07/02/2024 11:24:08","07/02/2024 11:24:08"
"MULTCHOICE","False",,,,"804070",,"417637","2057",,"For observada a vigência do contrato para fins do empréstimo ou de financiamentos.","1","07/02/2024 11:35:47","07/02/2024 11:35:47"
"MULTCHOICE","False",,,,"804071",,"417637","2023",,"Investimento e financiamento.","1","07/02/2024 11:40:10","07/02/2024 11:40:10"
"MULTCHOICE","False",,,,"804072",,"417637","2065",,"Dos impostos e taxas incidentes nas operações de crédito direto ao consumidor e de arrendamento mercantil financeiro.","0","07/02/2024 11:43:10","07/02/2024 11:43:10"
"MULTCHOICE","False",,,,"804073",,"417637","2029",,"O resumo contratual (sumário executivo) da operação.","1","07/02/2024 11:48:12","07/02/2024 11:48:12"
"MULTCHOICE","False",,,,"804074",,"417837","2055",,"De relacionamento, de sensibilidade e do negócio.","1","07/02/2024 12:24:22","07/02/2024 12:24:22"
"MULTCHOICE","False",,,,"804075",,"417837","2063",,"O consumidor será informado sobre a resolução de sua demanda no prazo máximo de setenta e duas horas por correspondência ou por meio eletrônico, a seu critério.","0","07/02/2024 12:26:38","07/02/2024 12:26:38"
"MULTCHOICE","False",,,,"804076",,"417837","2057",,"For observada a vigência do contrato para fins do empréstimo ou de financiamentos.","1","07/02/2024 12:43:35","07/02/2024 12:43:35"
"MULTCHOICE","False",,,,"804077",,"417837","2032",,"Integridade, equidade, respeito ao consumidor, transparência, excelência, sustentabilidade e confiança.","1","07/02/2024 12:44:17","07/02/2024 12:44:17"
"MULTCHOICE","False",,,,"804078",,"417837","2046",,"A fabricação de papel moeda.","1","07/02/2024 12:45:05","07/02/2024 12:45:05"
"MULTCHOICE","False",,,,"804079",,"417837","2024",,"As entradas e saídas de valores (dinheiro) efetivadas no decorrer do tempo numa dada operação.","1","07/02/2024 12:45:27","07/02/2024 12:45:27"
"MULTCHOICE","False",,,,"804080",,"417837","2038",,"Do valor total financiado e a taxa mensal e anual de juros.","1","07/02/2024 12:46:21","07/02/2024 12:46:21"
"MULTCHOICE","False",,,,"804081",,"417837","2028",,"O fornecedor deverá informar em 5 dias úteis a todos os bancos de dados para a retirada da negativação em nome do consumidor.","1","07/02/2024 12:48:33","07/02/2024 12:48:33"
"MULTCHOICE","False",,,,"804082",,"417838","2051",,"Encaminhar resposta conclusiva para a demanda dos reclamantes, após dar adequado tratamento às reclamações recebidas.","1","07/02/2024 14:05:38","07/02/2024 14:05:38"
"MULTCHOICE","False",,,,"804083",,"417838","2048",,"Menor será o seu valor presente.","1","07/02/2024 14:07:03","07/02/2024 14:07:03"
"MULTCHOICE","False",,,,"804084",,"417838","2052",,"Distinguir fatos de opiniões, pessoais ou de mercado, com relação aos produtos e serviços oferecidos aos clientes.","1","07/02/2024 14:12:14","07/02/2024 14:12:14"
"MULTCHOICE","False",,,,"804085",,"417838","2035",,"Rotativas (exemplo   :   cheque especial) e pontuais (parcelas e prazo fixo).","1","07/02/2024 14:14:58","07/02/2024 14:14:58"
"MULTCHOICE","False",,,,"804086",,"417838","2064",,"É dever informar mensalmente o Banco Central do Brasil sobre as reclamações recebidas.","0","07/02/2024 14:15:40","07/02/2024 14:15:40"
"MULTCHOICE","False",,,,"804087",,"417838","2054",,"As Sociedades de Arrendamento Mercantil.","0","07/02/2024 14:20:33","07/02/2024 14:20:33"
"MULTCHOICE","False",,,,"804088",,"417838","2030",,"O primeiro requisito do atendimento é o conhecimento, pois possibilita segurança ao tratar com o cliente.","1","07/02/2024 14:21:38","07/02/2024 14:21:38"
"MULTCHOICE","False",,,,"804089",,"417838","2047",,"Multiplicação.","0","07/02/2024 14:23:37","07/02/2024 14:23:37"
"MULTCHOICE","False",,,,"804090",,"417838","2023",,"Investimento e financiamento.","1","07/02/2024 14:24:16","07/02/2024 14:24:16"
"MULTCHOICE","False",,,,"804091",,"417638","2035",,"Rotativas (exemplo   :   cheque especial) e pontuais (parcelas e prazo fixo).","1","07/02/2024 17:29:36","07/02/2024 17:29:36"
"MULTCHOICE","False",,,,"804092",,"417638","2026",,"De todos os riscos, de modo detalhado, ainda que venha a perder o negócio.","1","07/02/2024 17:30:01","07/02/2024 17:30:01"
"MULTCHOICE","False",,,,"804093",,"417737","2380",,"Em local visível no recinto das dependências das instituições e de seus correspondentes.","1","07/02/2024 17:34:11","07/02/2024 17:34:11"
"MULTCHOICE","False",,,,"804094",,"417737","2363",,"Efetuada total ou parcialmente, acarreta obrigatoriamente a redução proporcional dos juros e demais acréscimos.","1","07/02/2024 17:37:36","07/02/2024 17:37:36"
"MULTCHOICE","False",,,,"804095",,"417638","2060",,"Houver processo administrativo instaurado e tais exames sejam considerados indispensáveis pela autoridade administrativa competente.","1","07/02/2024 17:40:11","07/02/2024 17:40:11"
"MULTCHOICE","False",,,,"804096",,"417638","2070",,"Devolver o bem à empresa de arrendamento mercantil.","1","07/02/2024 17:40:55","07/02/2024 17:40:55"
"MULTCHOICE","False",,,,"804097",,"417638","2039",,"Instituição consignatária é a instituição autorizada a conceder empréstimo ou financiamento.","1","07/02/2024 17:41:30","07/02/2024 17:41:30"
"MULTCHOICE","False",,,,"804098",,"417638","2028",,"O fornecedor deverá informar em 5 dias úteis a todos os bancos de dados para a retirada da negativação em nome do consumidor.","1","07/02/2024 17:42:00","07/02/2024 17:42:00"
"MULTCHOICE","False",,,,"804099",,"417737","2384",,"Da tabela de juros e prazos a ser empregada nas operações de crédito direto ao consumidor e de arrendamento mercantil financeiro.","0","07/02/2024 17:49:47","07/02/2024 17:49:47"
"MULTCHOICE","False",,,,"804100",,"417737","2373",,"Multiplicação.","0","07/02/2024 17:50:14","07/02/2024 17:50:14"
"MULTCHOICE","False",,,,"804101",,"417638","2063",,"O consumidor será informado sobre a resolução de sua demanda no prazo máximo de setenta e duas horas por correspondência ou por meio eletrônico, a seu critério.","0","07/02/2024 17:57:48","07/02/2024 17:57:48"
"MULTCHOICE","False",,,,"804102",,"417638","2037",,"Cadastral.","1","07/02/2024 17:58:20","07/02/2024 17:58:20"
"MULTCHOICE","False",,,,"804103",,"417638","2033",,"Usar crachá de identificação visível ao cliente, ser ético e apresentar os planos oferecidos por todas as instituições para o cliente ter a opção de escolha.","1","07/02/2024 17:58:46","07/02/2024 17:58:46"
"MULTCHOICE","False",,,,"804104",,"417638","2025",,"Risco.","1","07/02/2024 17:59:27","07/02/2024 17:59:27"
"MULTCHOICE","False",,,,"804105",,"417638","2061",,"Mensal.","0","07/02/2024 17:59:49","07/02/2024 17:59:49"
"MULTCHOICE","False",,,,"804106",,"417638","2051",,"Encaminhar resposta conclusiva para a demanda dos reclamantes, após dar adequado tratamento às reclamações recebidas.","1","07/02/2024 18:00:36","07/02/2024 18:00:36"
"MULTCHOICE","False",,,,"804107",,"417638","2024",,"As entradas e saídas de valores (dinheiro) efetivadas no decorrer do tempo numa dada operação.","1","07/02/2024 18:01:06","07/02/2024 18:01:06"
"MULTCHOICE","False",,,,"804108",,"417638","2021",,"Tarifa.","1","07/02/2024 18:01:32","07/02/2024 18:01:32"
"MULTCHOICE","False",,,,"804109",,"417638","2038",,"Do valor total financiado e a taxa mensal e anual de juros.","1","07/02/2024 18:02:02","07/02/2024 18:02:02"
"MULTCHOICE","False",,,,"804110",,"417638","2044",,"De forma clara e legível, o Custo Efetivo Total (CET), o referencial de remuneração e a taxa mensal e anual de juros.","1","07/02/2024 18:06:00","07/02/2024 18:06:00"
"MULTCHOICE","False",,,,"804111",,"417638","2046",,"A fabricação de papel moeda.","1","07/02/2024 18:06:22","07/02/2024 18:06:22"
"MULTCHOICE","False",,,,"804112",,"417638","2031",,"O Programa de autorregulação de crédito responsável estabelece diretrizes e procedimentos a serem observados nas etapas de oferta e contratação de crédito e tratamento dos superendividados.","1","07/02/2024 18:07:19","07/02/2024 18:07:19"
"MULTCHOICE","False",,,,"804113",,"417638","2042",,"Solicitar que a empresa de arrendamento mercantil assuma todas as despesas com o seguro do bem.","1","07/02/2024 18:07:51","07/02/2024 18:07:51"
"MULTCHOICE","False",,,,"804114",,"417638","2068",,"Por meio das Resoluções do Banco Central do Brasil.","0","07/02/2024 18:08:21","07/02/2024 18:08:21"
"MULTCHOICE","False",,,,"804115",,"417737","2365",,"O Programa de autorregulação de crédito responsável estabelece diretrizes e procedimentos a serem observados nas etapas de oferta e contratação de crédito e tratamento dos superendividados.","1","07/02/2024 18:08:29","07/02/2024 18:08:29"
"MULTCHOICE","False",,,,"804116",,"417638","2030",,"O primeiro requisito do atendimento é o conhecimento, pois possibilita segurança ao tratar com o cliente.","1","07/02/2024 18:09:00","07/02/2024 18:09:00"
"MULTCHOICE","False",,,,"804117",,"417737","2376",,"Cinco dias úteis.","1","07/02/2024 18:09:18","07/02/2024 18:09:42"
"MULTCHOICE","False",,,,"804118",,"417737","2372",,"Realizar penhor de bens pessoais e recolher o FGTS.","1","07/02/2024 18:09:52","07/02/2024 18:09:52"
"MULTCHOICE","False",,,,"804119",,"417737","2386",,"Mercado.","0","07/02/2024 18:10:59","07/02/2024 18:11:12"
"MULTCHOICE","False",,,,"804120",,"417737","2382",,"Houver indícios de crime contra o Sistema Financeiro Monetário, dispensando inclusive a necessidade de inquérito policial.","0","07/02/2024 18:13:01","07/02/2024 18:13:01"
"MULTCHOICE","False",,,,"804121",,"417737","2381",,"A inclusão de cláusula estipulando que o contratante será previamente informado da elevação respectiva, por meio do veículo de comunicação previsto contratualmente.","1","07/02/2024 18:17:52","07/02/2024 18:17:52"
"MULTCHOICE","False",,,,"804122",,"417737","2362",,"De todos os riscos, de modo detalhado, ainda que venha a perder o negócio.","1","07/02/2024 18:18:32","07/02/2024 18:18:32"
"MULTCHOICE","False",,,,"804123",,"417938","2373",,"Equalização.","0","07/02/2024 20:12:45","07/02/2024 20:12:45"
"MULTCHOICE","False",,,,"804124",,"417938","2359",,"Tarifa.","1","07/02/2024 20:13:52","07/02/2024 20:14:00"
"MULTCHOICE","False",,,,"804125",,"417938","2377",,"Distinguir fatos de opiniões, pessoais ou de mercado, com relação aos produtos e serviços oferecidos aos clientes.","1","07/02/2024 20:27:33","07/02/2024 20:27:33"
"MULTCHOICE","False",,,,"804126",,"417938","2378",,"O objetivo está em prestar esclarecimentos imediatos à referida equipe, sobre seus produtos e serviços e deve atender também às demandas dos seus clientes e usuários ao contratado.","1","07/02/2024 20:29:15","07/02/2024 20:29:15"
"MULTCHOICE","False",,,,"804127",,"417938","2384",,"Dos impostos e taxas incidentes nas operações de crédito direto ao consumidor e de arrendamento mercantil financeiro.","0","07/02/2024 20:39:11","07/02/2024 20:39:13"
"MULTCHOICE","False",,,,"804128",,"417839","2357",,"Todas as modalidades de crédito e todas as formas de operações creditícias.","1","07/02/2024 23:49:03","07/02/2024 23:51:48"
"MULTCHOICE","False",,,,"804162",,"418039","2048",,"Maior será o seu valor presente.","0","08/02/2024 08:48:56","08/02/2024 08:48:56"
"MULTCHOICE","False",,,,"804163",,"418039","2056",,"A operação financeira tenha sido realizada pela própria instituição financeira ou pela sociedade de arrendamento mercantil a ela vinculada.","1","08/02/2024 09:04:39","08/02/2024 09:04:39"
"MULTCHOICE","False",,,,"804164",,"418039","2037",,"Cadastral.","1","08/02/2024 09:05:36","08/02/2024 09:05:36"
"MULTCHOICE","False",,,,"804165",,"418039","2023",,"Investimento e financiamento.","1","08/02/2024 09:06:21","08/02/2024 09:06:21"
"MULTCHOICE","False",,,,"804166",,"418039","2044",,"De forma clara e legível, o Custo Efetivo Total (CET), o referencial de remuneração e a taxa mensal e anual de juros.","1","08/02/2024 09:27:34","08/02/2024 09:27:34"
"MULTCHOICE","False",,,,"804167",,"418039","2034",,"Não é necessário ser cliente da instituição, mas ter cadastro aprovado.","1","08/02/2024 09:33:14","08/02/2024 09:33:14"
"MULTCHOICE","False",,,,"804168",,"418039","2052",,"Distinguir fatos de opiniões, pessoais ou de mercado, com relação aos produtos e serviços oferecidos aos clientes.","1","08/02/2024 09:38:53","08/02/2024 09:38:53"
"MULTCHOICE","False",,,,"804169",,"418039","2027",,"Efetuada total ou parcialmente, acarreta obrigatoriamente a redução proporcional dos juros e demais acréscimos.","1","08/02/2024 09:40:03","08/02/2024 09:40:03"
"MULTCHOICE","False",,,,"804170",,"418039","2024",,"As entradas e saídas de valores (dinheiro) efetivadas no decorrer do tempo numa dada operação.","1","08/02/2024 09:58:18","08/02/2024 09:58:18"
"MULTCHOICE","False",,,,"804171",,"418039","2062",,"Financiamento do consumo das pessoas físicas e do capital de giro das empresas.","1","08/02/2024 09:59:14","08/02/2024 09:59:14"
"MULTCHOICE","False",,,,"804172",,"418039","2051",,"Encaminhar resposta conclusiva para a demanda dos reclamantes, após dar adequado tratamento às reclamações recebidas.","1","08/02/2024 10:15:43","08/02/2024 10:15:43"
"MULTCHOICE","False",,,,"804173",,"418039","2039",,"Instituição consignatária é a instituição autorizada a conceder empréstimo ou financiamento.","1","08/02/2024 10:16:20","08/02/2024 10:16:20"
"MULTCHOICE","False",,,,"804174",,"418039","2040",,"Os titulares de benefícios de aposentadoria e pensão por morte pagos pelo INSS.","1","08/02/2024 10:31:01","08/02/2024 10:31:01"
"MULTCHOICE","False",,,,"804175",,"418039","2063",,"A cobrança será suspensa imediatamente, salvo se o fornecedor indicar o contrato e comprovar que o valor é efetivamente devido.","1","08/02/2024 10:33:43","08/02/2024 10:33:43"
"MULTCHOICE","False",,,,"804176",,"418140","2325",,"Investimento e financiamento. ","1","08/02/2024 11:11:06","08/02/2024 11:11:06"
"MULTCHOICE","False",,,,"804177",,"418140","2353",,"Financiamento do consumo das pessoas físicas e do capital de giro das empresas.","1","08/02/2024 11:14:45","08/02/2024 11:14:45"
"MULTCHOICE","False",,,,"804178",,"418140","2346",,"Nunca um temporário terá direito ao crédito consignado.","0","08/02/2024 11:18:10","08/02/2024 11:18:10"
"MULTCHOICE","False",,,,"804179",,"418140","2334",,"Instituição consignatária é a instituição autorizada a conceder empréstimo ou financiamento.","1","08/02/2024 11:20:20","08/02/2024 11:20:20"
"MULTCHOICE","False",,,,"804180",,"418140","2331",,"Usar crachá de identificação visível ao cliente, ser ético e apresentar os planos oferecidos por todas as instituições para o cliente ter a opção de escolha.","1","08/02/2024 11:21:12","08/02/2024 11:21:12"
"MULTCHOICE","False",,,,"804181",,"418140","2338",,"Somatário.","0","08/02/2024 11:21:33","08/02/2024 11:21:33"
"MULTCHOICE","False",,,,"804182",,"418140","2348",,"A cobrança será suspensa imediatamente, salvo se o fornecedor indicar o contrato e comprovar que o valor é efetivamente devido.","1","08/02/2024 11:22:22","08/02/2024 11:22:22"
"MULTCHOICE","False",,,,"804183",,"418140","2355",,"Encaminhar as reclamações recebidas às respectivas agências de atendimento habitual competente, após prestar esclarecimentos.","0","08/02/2024 11:24:47","08/02/2024 11:24:47"
"MULTCHOICE","False",,,,"804184",,"418140","2332",,"É obrigatório ser cliente da instituição e possuir cadastro aprovado previamente.","0","08/02/2024 11:25:19","08/02/2024 11:25:19"
"MULTCHOICE","False",,,,"804185",,"418140","2343",,"O objetivo está em prestar esclarecimentos imediatos à referida equipe, sobre seus produtos e serviços e deve atender também às demandas dos seus clientes e usuários ao contratado.","1","08/02/2024 11:25:51","08/02/2024 11:25:51"
"MULTCHOICE","False",,,,"804186",,"418140","2347",,"Houver processo administrativo instaurado e tais exames sejam considerados indispensáveis pela autoridade administrativa competente.","1","08/02/2024 11:26:10","08/02/2024 11:26:10"
"MULTCHOICE","False",,,,"804187",,"418140","2352",,"Nos convênios celebrados entre instituições securitárias e INSS.","0","08/02/2024 11:26:25","08/02/2024 11:26:25"
"MULTCHOICE","False",,,,"804188",,"418241","14860",,"I e III, apenas.","1","08/02/2024 11:37:33","08/02/2024 11:37:33"
"MULTCHOICE","False",,,,"804189",,"418342","14862",,"Indicador de Risco (KRI) e Indicador de Controle (IC).","1","08/02/2024 11:45:19","08/02/2024 11:45:19"
"MULTCHOICE","False",,,,"804190",,"418342","14767",,"Indicadores Absolutos e Indicadores Relativos.","1","08/02/2024 12:02:32","08/02/2024 12:02:32"
"MULTCHOICE","False",,,,"804191",,"418041","9294",,"Segregação de funções e sistema de alçadas.","1","08/02/2024 13:14:35","08/02/2024 13:14:35"
"MULTCHOICE","False",,,,"804192",,"418041","9296",,"Uma visão de portfólio de riscos assumidos, conjugada com uma abordagem integrada para avaliar os efeitos adversos das interações entre os riscos.","1","08/02/2024 13:19:33","08/02/2024 13:19:33"
"MULTCHOICE","False",,,,"804193",,"418041","9311",,"A identificação dos riscos potenciais inerentes às atividades executadas, a avaliação qualitativa do ambiente de controles internos e a mensuração do nível de exposição residual dos riscos.","1","08/02/2024 13:31:48","08/02/2024 13:31:48"
"MULTCHOICE","False",,,,"804194",,"418041","9313",,"Área de controles internos e auditoria interna, apenas","0","08/02/2024 13:36:25","08/02/2024 13:36:41"
"MULTCHOICE","False",,,,"804195",,"418041","9318",,"I, III e IV apenas ","0","08/02/2024 13:44:24","08/02/2024 13:44:24"
"MULTCHOICE","False",,,,"804196",,"418041","9317",,"I, II e III ","1","08/02/2024 13:45:57","08/02/2024 13:45:57"
"MULTCHOICE","False",,,,"804197",,"418042","2337",,"(i) CMN - Conselho Monetário Nacional; (ii) Banco Central.","1","08/02/2024 15:59:42","08/02/2024 15:59:42"
"MULTCHOICE","False",,,,"804198",,"418042","2344",,"As Sociedade de Crédito, Financiamento e Investimento (Financeiras).","1","08/02/2024 16:00:52","08/02/2024 16:00:52"
"MULTCHOICE","False",,,,"804199",,"418042","2339",,"Menor será o seu valor presente.","1","08/02/2024 16:01:50","08/02/2024 16:01:50"
"MULTCHOICE","False",,,,"804200",,"418042","2324",,"Tarifa.","1","08/02/2024 16:06:34","08/02/2024 16:06:34"
"MULTCHOICE","False",,,,"804201",,"418042","2349",,"Da tabela de juros e prazos a ser empregada nas operações de crédito direto ao consumidor e de arrendamento mercantil financeiro.","0","08/02/2024 16:14:02","08/02/2024 16:14:02"
"MULTCHOICE","False",,,,"804202",,"418042","2331",,"Usar crachá de identificação visível ao cliente, ser ético e apresentar os planos oferecidos por todas as instituições para o cliente ter a opção de escolha.","1","08/02/2024 16:16:33","08/02/2024 16:16:33"
"MULTCHOICE","False",,,,"804203",,"418042","2336",,"De forma clara e legível, o Custo Efetivo Total (CET), o referencial de remuneração e a taxa mensal e anual de juros.","1","08/02/2024 16:24:08","08/02/2024 16:24:08"
"MULTCHOICE","False",,,,"804204",,"418042","2354",,"De relacionamento, de sensibilidade e do negócio.","1","08/02/2024 16:26:35","08/02/2024 16:26:35"
"MULTCHOICE","False",,,,"804205",,"418042","2347",,"Houver denúncia de qualquer cliente que se sinta logrado.","0","08/02/2024 16:28:19","08/02/2024 16:28:19"
"MULTCHOICE","False",,,,"804206",,"418042","2350",,"Normalmente prefixados, contudo, se previsto em contrato, podem ser pós-fixados.","1","08/02/2024 16:29:48","08/02/2024 16:29:48"
"MULTCHOICE","False",,,,"804207",,"418141","13846",,"Receber dos Emissores o valor das transações descontado do intercâmbio e liquidar a transação ao Estabelecimento Comercial ou ao Subcredenciador.","1","08/02/2024 17:39:16","08/02/2024 17:39:16"
"MULTCHOICE","False",,,,"804208",,"418141","13839",,"Uma pessoa jurídica que estabelece um arranjo de pagamento, que é o conjunto de regras e procedimentos que disciplina a prestação de determinado serviço de pagamento ao público.","1","08/02/2024 17:45:58","08/02/2024 17:45:58"
"MULTCHOICE","False",,,,"804209",,"418344","13837",,"Em 1979 foi lançado o Mastercharge, da Interbank Card Association, que deu origem à bandeira Mastercard.","0","08/02/2024 18:01:40","08/02/2024 18:04:52"
"MULTCHOICE","False",,,,"804210",,"418344","13844",,"Garantir o equilíbrio da externalidade de rede no mercado de dois lados para o relacionamento de 4 partes, estabelecendo a estrutura de intercâmbio.","1","08/02/2024 18:06:21","08/02/2024 18:06:21"
"MULTCHOICE","False",,,,"804211",,"418044","2041",,"Financeiro e operacional.","1","08/02/2024 19:25:07","08/02/2024 19:25:07"
"MULTCHOICE","False",,,,"804212",,"418043","2051",,"Encaminhar resposta conclusiva para a demanda dos reclamantes, após dar adequado tratamento às reclamações recebidas.","1","08/02/2024 19:27:53","08/02/2024 19:27:53"
"MULTCHOICE","False",,,,"804213",,"418043","2033",,"Usar crachá de identificação visível ao cliente, ser ético e apresentar os planos oferecidos por todas as instituições para o cliente ter a opção de escolha.","1","08/02/2024 19:30:28","08/02/2024 19:30:28"
"MULTCHOICE","False",,,,"804214",,"418043","2022",,"Todas as modalidades de crédito e todas as formas de operações creditícias.","1","08/02/2024 19:30:48","08/02/2024 19:30:48"
"MULTCHOICE","False",,,,"804215",,"418043","2056",,"A instituição financeira tenha celebrado convênio com o INSS para esse fim.","0","08/02/2024 19:31:59","08/02/2024 19:31:59"
"MULTCHOICE","False",,,,"804216",,"418043","2027",,"Efetuada total ou parcialmente, acarreta obrigatoriamente a redução proporcional dos juros e demais acréscimos.","1","08/02/2024 19:33:16","08/02/2024 19:33:16"
"MULTCHOICE","False",,,,"804217",,"418043","2054",,"As Sociedade de Crédito, Financiamento e Investimento (Financeiras).","1","08/02/2024 19:33:29","08/02/2024 19:33:29"
"MULTCHOICE","False",,,,"804218",,"418043","2052",,"Distinguir fatos de opiniões, pessoais ou de mercado, com relação aos produtos e serviços oferecidos aos clientes.","1","08/02/2024 19:33:54","08/02/2024 19:33:54"
"MULTCHOICE","False",,,,"804219",,"418044","2053",,"O objetivo está em prestar esclarecimentos imediatos à referida equipe, sobre seus produtos e serviços e deve atender também às demandas dos seus clientes e usuários ao contratado.","1","08/02/2024 19:34:43","08/02/2024 19:34:43"
"MULTCHOICE","False",,,,"804220",,"418044","2066",,"Normalmente prefixados, contudo, se previsto em contrato, podem ser pós-fixados.","1","08/02/2024 19:35:05","08/02/2024 19:35:05"
"MULTCHOICE","False",,,,"804221",,"418043","2059",,"A inclusão de cláusula estipulando que o contratante será previamente informado da elevação respectiva, independentemente de previsão contratual.","0","08/02/2024 19:35:11","08/02/2024 19:35:11"
"MULTCHOICE","False",,,,"804222",,"418044","2045",,"da realização de operações de crédito mediante penhor civil de bens e a gestão dos recursos do FGTS. ","1","08/02/2024 19:39:27","08/02/2024 19:39:27"
"MULTCHOICE","False",,,,"804223",,"418044","2062",,"Financiamento do consumo das pessoas físicas e do capital de giro das empresas.","1","08/02/2024 19:42:47","08/02/2024 19:42:47"
"MULTCHOICE","False",,,,"804224",,"418044","2029",,"Contrato social da instituição financeira.","0","08/02/2024 19:49:15","08/02/2024 19:49:15"
"MULTCHOICE","False",,,,"804225",,"418044","2047",,"Capitalização.","1","08/02/2024 19:55:29","08/02/2024 19:55:29"
"MULTCHOICE","False",,,,"804226",,"418142","2034",,"Não é necessário ser cliente da instituição, mas ter cadastro aprovado.","1","08/02/2024 20:20:15","08/02/2024 20:20:15"
"MULTCHOICE","False",,,,"804227",,"418142","2036",,"Demonstrativo de pagamento de salário ou comprovante de benefício de aposentadoria/pensão, quando for o caso.","1","08/02/2024 20:34:19","08/02/2024 20:34:19"
"MULTCHOICE","False",,,,"804228",,"418142","2057",,"For observada a vigência do contrato para fins do empréstimo ou de financiamentos.","1","08/02/2024 20:34:33","08/02/2024 20:34:33"
"MULTCHOICE","False",,,,"804229",,"418142","2020",,"FMI.","1","08/02/2024 20:34:42","08/02/2024 20:34:42"
"MULTCHOICE","False",,,,"804230",,"418142","2028",,"O fornecedor deverá informar em 5 dias úteis a todos os bancos de dados para a retirada da negativação em nome do consumidor.","1","08/02/2024 20:34:57","08/02/2024 20:34:57"
"MULTCHOICE","False",,,,"804231",,"418142","2060",,"Houver processo administrativo instaurado e tais exames sejam considerados indispensáveis pela autoridade administrativa competente.","1","08/02/2024 20:37:19","08/02/2024 20:37:19"
"MULTCHOICE","False",,,,"804232",,"418142","2051",,"Encaminhar resposta conclusiva para a demanda dos reclamantes, após dar adequado tratamento às reclamações recebidas.","1","08/02/2024 20:37:51","08/02/2024 20:37:51"
"MULTCHOICE","False",,,,"804233",,"418142","2059",,"A inclusão de cláusula estipulando que o contratante será previamente informado da elevação respectiva, por meio do veículo de comunicação previsto contratualmente.","1","08/02/2024 20:40:11","08/02/2024 20:40:11"
"MULTCHOICE","False",,,,"804263",,"418039","2068",,"Por meio das normativas do INSS.","1","08/02/2024 08:50:47","08/02/2024 08:50:47"
"MULTCHOICE","False",,,,"804264",,"418039","2030",,"O primeiro requisito do atendimento é o conhecimento, pois possibilita segurança ao tratar com o cliente.","1","08/02/2024 08:51:24","08/02/2024 08:51:24"
"MULTCHOICE","False",,,,"804265",,"418039","2032",,"Integridade, equidade, respeito ao consumidor, transparência, excelência, sustentabilidade e confiança.","1","08/02/2024 08:52:52","08/02/2024 08:52:52"
"MULTCHOICE","False",,,,"804266",,"418039","2021",,"Correção Monetária.","0","08/02/2024 08:53:56","08/02/2024 08:53:56"
"MULTCHOICE","False",,,,"804267",,"418039","2057",,"For observada a vigência do contrato para fins do empréstimo ou de financiamentos.","1","08/02/2024 09:07:16","08/02/2024 09:07:16"
"MULTCHOICE","False",,,,"804268",,"418039","2060",,"Houver denúncia de qualquer cliente que se sinta logrado.","0","08/02/2024 09:09:43","08/02/2024 09:09:43"
"MULTCHOICE","False",,,,"804269",,"418039","2028",,"O fornecedor deverá informar em 5 dias úteis a todos os bancos de dados para a retirada da negativação em nome do consumidor.","1","08/02/2024 09:20:32","08/02/2024 09:20:32"
"MULTCHOICE","False",,,,"804270",,"418039","2042",,"Solicitar que a empresa de arrendamento mercantil assuma todas as despesas com o seguro do bem.","1","08/02/2024 09:24:55","08/02/2024 09:24:55"
"MULTCHOICE","False",,,,"804271",,"418039","2061",,"Mensal.","0","08/02/2024 09:32:21","08/02/2024 09:32:21"
"MULTCHOICE","False",,,,"804272",,"418039","2031",,"O Programa de autorregulação de crédito responsável estabelece diretrizes e procedimentos a serem observados nas etapas de oferta e contratação de crédito e tratamento dos superendividados.","1","08/02/2024 09:35:34","08/02/2024 09:35:34"
"MULTCHOICE","False",,,,"804273",,"418039","2059",,"A inclusão de cláusula estipulando que o contratante será previamente informado da elevação respectiva, independentemente de previsão contratual.","0","08/02/2024 09:43:27","08/02/2024 09:43:27"
"MULTCHOICE","False",,,,"804274",,"418039","2026",,"De todos os riscos, de modo detalhado, ainda que venha a perder o negócio.","1","08/02/2024 09:51:38","08/02/2024 09:51:38"
"MULTCHOICE","False",,,,"804275",,"418039","2065",,"Da tabela de juros e prazos a ser empregada nas operações de crédito direto ao consumidor e de arrendamento mercantil financeiro.","0","08/02/2024 10:07:35","08/02/2024 10:09:46"
"MULTCHOICE","False",,,,"804276",,"418039","2055",,"De relacionamento, de sensibilidade e do negócio.","1","08/02/2024 10:20:53","08/02/2024 10:20:53"
"MULTCHOICE","False",,,,"804277",,"418039","2043",,"Ter a opção de comprar o bem por um valor previamente estabelecido ao final do contrato.","1","08/02/2024 10:21:37","08/02/2024 10:21:37"
"MULTCHOICE","False",,,,"804278",,"418039","2070",,"Devolver o bem à empresa de arrendamento mercantil.","1","08/02/2024 10:22:25","08/02/2024 10:22:25"
"MULTCHOICE","False",,,,"804279",,"418039","2046",,"A fabricação de papel moeda.","1","08/02/2024 10:23:13","08/02/2024 10:23:13"
"MULTCHOICE","False",,,,"804280",,"418039","2067",,"Responde como devedor principal e solidário da obrigação e o nome do empregado não pode ser inscrito em cadastro de inadimplente.","1","08/02/2024 10:25:41","08/02/2024 10:25:41"
"MULTCHOICE","False",,,,"804281",,"418039","2054",,"As Sociedade de Crédito, Financiamento e Investimento (Financeiras).","1","08/02/2024 10:27:46","08/02/2024 10:27:46"
"MULTCHOICE","False",,,,"804282",,"418039","2035",,"Leasing e Financiamento de Veículo.","0","08/02/2024 10:28:15","08/02/2024 10:28:15"
"MULTCHOICE","False",,,,"804283",,"418039","2066",,"Normalmente prefixados, contudo, se previsto em contrato, podem ser pós-fixados.","1","08/02/2024 10:29:34","08/02/2024 10:29:34"
"MULTCHOICE","False",,,,"804284",,"418140","2345",,"A operação financeira tenha sido realizada pela própria instituição financeira ou pela sociedade de arrendamento mercantil a ela vinculada.","1","08/02/2024 11:10:55","08/02/2024 11:10:55"
"MULTCHOICE","False",,,,"804285",,"418140","2337",,"(i) CMN - Conselho Monetário Nacional; (ii) Banco Central.","1","08/02/2024 11:17:52","08/02/2024 11:17:52"
"MULTCHOICE","False",,,,"804286",,"418140","2329",,"O fornecedor deverá informar em 5 dias úteis a todos os bancos de dados para a retirada da negativação em nome do consumidor.","1","08/02/2024 11:18:50","08/02/2024 11:18:50"
"MULTCHOICE","False",,,,"804287",,"418140","2342",,"Distinguir fatos de opiniões, pessoais ou de mercado, com relação aos produtos e serviços oferecidos aos clientes.","1","08/02/2024 11:19:31","08/02/2024 11:19:31"
"MULTCHOICE","False",,,,"804288",,"418140","2324",,"Juros.","0","08/02/2024 11:19:42","08/02/2024 11:19:42"
"MULTCHOICE","False",,,,"804289",,"418140","2341",,"Cinco dias úteis.","1","08/02/2024 11:25:06","08/02/2024 11:25:06"
"MULTCHOICE","False",,,,"804290",,"418342","14860",,"I e III, apenas.","1","08/02/2024 11:42:59","08/02/2024 11:42:59"
"MULTCHOICE","False",,,,"804291",,"418342","14967",,"Considera os efeitos financeiros e reputacionais do evento de risco.","1","08/02/2024 11:45:58","08/02/2024 11:47:52"
"MULTCHOICE","False",,,,"804292",,"418342","14660",,"Considerar a exposição aos riscos como algo não aceitável para a organização.","0","08/02/2024 11:58:24","08/02/2024 11:58:24"
"MULTCHOICE","False",,,,"804293",,"418343","2024",,"As entradas e saídas de valores (dinheiro) efetivadas no decorrer do tempo numa dada operação.","1","08/02/2024 12:13:44","08/02/2024 12:13:44"
"MULTCHOICE","False",,,,"804294",,"418041","9295",,"Aprovar os limites de riscos e formalizar a declaração do apetite por riscos.","0","08/02/2024 13:18:43","08/02/2024 13:18:43"
"MULTCHOICE","False",,,,"804295",,"418041","9303",,"A estrutura e o processo de gerenciamento de riscos são customizáveis e proporcionais ao contexto externo e interno da organização e relacionado aos seus objetivos.","0","08/02/2024 13:25:29","08/02/2024 13:25:29"
"MULTCHOICE","False",,,,"804296",,"418041","9305",,"Na padronização do entendimento comum sobre os conceitos de controles internos e como estes são aplicados dentro da instituição (o que é esperado e exigido).","1","08/02/2024 13:27:41","08/02/2024 13:27:41"
"MULTCHOICE","False",,,,"804297",,"418041","9306",,"Matriz de riscos inerentes (antes da avaliação dos controles) e a matriz de riscos residuais.","0","08/02/2024 13:28:09","08/02/2024 13:28:16"
"MULTCHOICE","False",,,,"804298",,"418041","9308",,"Aos riscos inerentes aos processos dos quais são responsáveis, os mitigantes necessários e/ou precisam de melhorias ou novos controles.","1","08/02/2024 13:29:45","08/02/2024 13:29:45"
"MULTCHOICE","False",,,,"804299",,"418041","9309",,"Hibrida, tanto os dados quantitativos quanto as informações qualitativas são utilizadas para julgamento quanto a efetividade do controle.","0","08/02/2024 13:30:20","08/02/2024 13:30:20"
"MULTCHOICE","False",,,,"804300",,"418041","9312",,"Os apontamentos das auditorias e das autoridades de fiscalização.","1","08/02/2024 13:33:40","08/02/2024 13:33:40"
"MULTCHOICE","False",,,,"804301",,"418041","9314",,"São visões independentes sobre situações de fragilidades existentes e/ou potenciais, não detectadas pelos mecanismos e ferramentas de gestão de riscos, controles e compliance, e que podem afetar adversamente o alcance dos objetivos estratégicos.","1","08/02/2024 13:37:13","08/02/2024 13:37:13"
"MULTCHOICE","False",,,,"804302",,"418042","2330",,"O Programa de autorregulação de crédito responsável estabelece diretrizes e procedimentos a serem observados nas etapas de oferta e contratação de crédito e tratamento dos superendividados.","1","08/02/2024 15:54:09","08/02/2024 15:55:41"
"MULTCHOICE","False",,,,"804303",,"418042","2356",,"As entradas e saídas de valores (dinheiro) efetivadas no decorrer do tempo numa dada operação.","1","08/02/2024 15:56:38","08/02/2024 15:56:38"
"MULTCHOICE","False",,,,"804304",,"418042","2334",,"Instituição consignatária é a instituição autorizada a conceder empréstimo ou financiamento.","1","08/02/2024 16:02:48","08/02/2024 16:02:48"
"MULTCHOICE","False",,,,"804305",,"418042","2325",,"Investimento e financiamento. ","1","08/02/2024 16:03:17","08/02/2024 16:03:17"
"MULTCHOICE","False",,,,"804306",,"418042","2346",,"For observada a vigência do contrato para fins do empréstimo ou de financiamentos.","1","08/02/2024 16:04:11","08/02/2024 16:04:11"
"MULTCHOICE","False",,,,"804307",,"418042","2355",,"Encaminhar as reclamações recebidas às respectivas agências de atendimento habitual competente, após prestar esclarecimentos.","0","08/02/2024 16:05:07","08/02/2024 16:05:46"
"MULTCHOICE","False",,,,"804308",,"418042","2338",,"Capitalização.","1","08/02/2024 16:15:18","08/02/2024 16:15:18"
"MULTCHOICE","False",,,,"804309",,"418042","2333",,"Do valor total financiado e a taxa mensal e anual de juros.","1","08/02/2024 16:17:20","08/02/2024 16:17:20"
"MULTCHOICE","False",,,,"804310",,"418042","2323",,"FMI.","1","08/02/2024 16:17:40","08/02/2024 16:17:40"
"MULTCHOICE","False",,,,"804311",,"418042","2326",,"Risco.","1","08/02/2024 16:18:24","08/02/2024 16:18:24"
"MULTCHOICE","False",,,,"804312",,"418042","2357",,"Todas as modalidades de crédito e todas as formas de operações creditícias.","1","08/02/2024 16:19:18","08/02/2024 16:19:18"
"MULTCHOICE","False",,,,"804313",,"418042","2332",,"Não é necessário ser cliente da instituição, mas ter cadastro aprovado.","1","08/02/2024 16:29:19","08/02/2024 16:29:19"
"MULTCHOICE","False",,,,"804314",,"418141","13843",,"Liquidar as transações realizadas em países diferentes do país de emissão do cartão.","0","08/02/2024 17:29:12","08/02/2024 17:29:12"
"MULTCHOICE","False",,,,"804315",,"418141","13848",,"Realizar pagamento ou transferência de fundos ao Estabelecimento Comercial.","1","08/02/2024 17:35:28","08/02/2024 17:35:28"
"MULTCHOICE","False",,,,"804316",,"418141","13841",,"Uma pessoa jurídica que habilita usuário final recebedor para a aceitação de instrumento de pagamento emitido por instituição de pagamento ou por instituição financeira participante de um mesmo arranjo de pagamento, mas que não participa do processo de liquidação das transações de pagamento como credor perante o Emissor.","0","08/02/2024 17:41:32","08/02/2024 17:41:32"
"MULTCHOICE","False",,,,"804317",,"418344","13845",,"Gerenciar a operacionalização do processo logístico da entrega do cartão ao portador.","1","08/02/2024 17:50:00","08/02/2024 17:50:00"
"MULTCHOICE","False",,,,"804318",,"418344","13843",,"Assumir o risco dos portadores inadimplentes.","1","08/02/2024 18:07:18","08/02/2024 18:07:18"
"MULTCHOICE","False",,,,"804319",,"418043","2066",,"Sempre prefixados.","0","08/02/2024 18:12:36","08/02/2024 18:12:36"
"MULTCHOICE","False",,,,"804320",,"418043","2061",,"Mensal.","0","08/02/2024 18:14:05","08/02/2024 18:14:05"
"MULTCHOICE","False",,,,"804321",,"418344","13840",,"Uma pessoa jurídica que gerencia contas de pagamento, sem a possibilidade de conceder empréstimos e financiamentos a seus clientes, para viabilizar serviços de movimentação de recursos por meio de um arranjo de pagamento.","1","08/02/2024 18:17:25","08/02/2024 18:17:25"
"MULTCHOICE","False",,,,"804322",,"418043","2040",,"Os titulares de benefícios de aposentadoria pagos pelo Banco Central.","0","08/02/2024 18:18:38","08/02/2024 18:18:38"
"MULTCHOICE","False",,,,"804323",,"418043","2063",,"A cobrança será suspensa imediatamente, mas caso ela seja procedente será cobrada em dobro.","0","08/02/2024 18:19:03","08/02/2024 18:19:03"
"MULTCHOICE","False",,,,"804324",,"418043","2062",,"Financiamento do consumo das pessoas físicas e do capital de giro das empresas.","1","08/02/2024 18:19:40","08/02/2024 18:19:40"
"MULTCHOICE","False",,,,"804325",,"418043","2067",,"Não pode ser cobrado nem ter seu nome inscrito como inadimplente por empréstimo feito por seu empregado.","0","08/02/2024 18:21:23","08/02/2024 18:21:23"
"MULTCHOICE","False",,,,"804326",,"418043","2069",,"Mercado.","0","08/02/2024 18:26:08","08/02/2024 18:26:08"
"MULTCHOICE","False",,,,"804327",,"418043","2049",,"Verificar, sob avaliação da instituição financeira, o histórico do contratante, bem como se há negativação do nome do contratante.","0","08/02/2024 18:26:35","08/02/2024 18:26:35"
"MULTCHOICE","False",,,,"804328",,"418043","2039",,"Instituição consignatária é a instituição autorizada a conceder empréstimo ou financiamento.","1","08/02/2024 18:27:52","08/02/2024 18:27:52"
"MULTCHOICE","False",,,,"804329",,"418043","2064",,"É dever informar mensalmente o Banco Central do Brasil sobre as reclamações recebidas.","0","08/02/2024 18:28:25","08/02/2024 18:28:25"
"MULTCHOICE","False",,,,"804330",,"418043","2021",,"Tarifa.","1","08/02/2024 18:29:05","08/02/2024 18:29:05"
"MULTCHOICE","False",,,,"804331",,"418044","2030",,"O primeiro requisito do atendimento é o conhecimento, pois possibilita segurança ao tratar com o cliente.","1","08/02/2024 19:15:19","08/02/2024 19:15:19"
"MULTCHOICE","False",,,,"804332",,"418044","2042",,"Solicitar que a empresa de arrendamento mercantil assuma todas as despesas com o seguro do bem.","1","08/02/2024 19:16:39","08/02/2024 19:16:39"
"MULTCHOICE","False",,,,"804333",,"418044","2036",,"Demonstrativo de pagamento de salário ou comprovante de benefício de aposentadoria/pensão, quando for o caso.","1","08/02/2024 19:17:12","08/02/2024 19:17:12"
"MULTCHOICE","False",,,,"804334",,"418044","2033",,"Usar crachá de identificação visível ao cliente, ser ético e apresentar os planos oferecidos por todas as instituições para o cliente ter a opção de escolha.","1","08/02/2024 19:17:30","08/02/2024 19:17:30"
"MULTCHOICE","False",,,,"804335",,"418044","2063",,"A cobrança será suspensa imediatamente, salvo se o fornecedor indicar o contrato e comprovar que o valor é efetivamente devido.","1","08/02/2024 19:29:15","08/02/2024 19:29:15"
"MULTCHOICE","False",,,,"804336",,"418043","2031",,"O Programa de autorregulação de crédito responsável estabelece diretrizes e procedimentos a serem observados nas etapas de oferta e contratação de crédito e tratamento dos superendividados.","1","08/02/2024 19:29:59","08/02/2024 19:29:59"
"MULTCHOICE","False",,,,"804337",,"418044","2056",,"A operação financeira tenha sido realizada pela própria instituição financeira ou pela sociedade de arrendamento mercantil a ela vinculada.","1","08/02/2024 19:32:02","08/02/2024 19:32:02"
"MULTCHOICE","False",,,,"804338",,"418044","2023",,"Investimento e financiamento.","1","08/02/2024 19:32:18","08/02/2024 19:32:18"
"MULTCHOICE","False",,,,"804339",,"418044","2061",,"Semestral.","1","08/02/2024 19:32:29","08/02/2024 19:32:29"
"MULTCHOICE","False",,,,"804340",,"418044","2031",,"As signatárias devem manter, na sua publicidade de produtos de crédito, mensagem que oriente o consumidor ao uso irresponsável do crédito.","0","08/02/2024 19:33:58","08/02/2024 19:33:58"
"MULTCHOICE","False",,,,"804341",,"418044","2049",,"Verificar, sob avaliação da instituição financeira, o histórico do contratante, bem como se há negativação do nome do contratante.","0","08/02/2024 19:37:49","08/02/2024 19:37:49"
"MULTCHOICE","False",,,,"804342",,"418044","2067",,"Responde como devedor principal e solidário da obrigação e o nome do empregado não pode ser inscrito em cadastro de inadimplente.","1","08/02/2024 19:38:43","08/02/2024 19:38:43"
"MULTCHOICE","False",,,,"804343",,"418044","2051",,"Encaminhar resposta conclusiva para a demanda dos reclamantes, após dar adequado tratamento às reclamações recebidas.","1","08/02/2024 19:41:35","08/02/2024 19:41:35"
"MULTCHOICE","False",,,,"804344",,"418044","2024",,"As entradas e saídas de valores (dinheiro) efetivadas no decorrer do tempo numa dada operação.","1","08/02/2024 19:42:05","08/02/2024 19:42:05"
"MULTCHOICE","False",,,,"804345",,"418044","2065",,"Dos impostos e taxas incidentes nas operações de crédito direto ao consumidor e de arrendamento mercantil financeiro.","0","08/02/2024 19:46:58","08/02/2024 19:46:58"
"MULTCHOICE","False",,,,"804346",,"418044","2052",,"Comunicar informação falsa ou enganosa para agilizar o processo de análise de crédito do cliente.","0","08/02/2024 19:54:01","08/02/2024 19:54:01"
"MULTCHOICE","False",,,,"804347",,"418044","2069",,"Aquisição.","1","08/02/2024 19:54:29","08/02/2024 19:54:29"
"MULTCHOICE","False",,,,"804348",,"418044","2046",,"A fabricação de papel moeda.","1","08/02/2024 19:58:05","08/02/2024 19:58:05"
"MULTCHOICE","False",,,,"804349",,"418142","2054",,"As Sociedade de Crédito, Financiamento e Investimento (Financeiras).","1","08/02/2024 20:20:31","08/02/2024 20:20:31"
"MULTCHOICE","False",,,,"804350",,"418142","2041",,"Financeiro e operacional.","1","08/02/2024 20:20:46","08/02/2024 20:20:46"
"MULTCHOICE","False",,,,"804351",,"418142","2063",,"A cobrança será suspensa imediatamente, salvo se o fornecedor indicar o contrato e comprovar que o valor é efetivamente devido.","1","08/02/2024 20:24:20","08/02/2024 20:24:20"
"MULTCHOICE","False",,,,"804352",,"418142","2069",,"Aquisição.","1","08/02/2024 20:24:48","08/02/2024 20:24:48"
"MULTCHOICE","False",,,,"804353",,"418142","2039",,"Instituição consignatária é a instituição autorizada a conceder empréstimo ou financiamento.","1","08/02/2024 20:25:05","08/02/2024 20:25:05"
"MULTCHOICE","False",,,,"804354",,"418142","2061",,"Semestral.","1","08/02/2024 20:25:13","08/02/2024 20:25:13"
"MULTCHOICE","False",,,,"804355",,"418142","2070",,"Devolver o bem à empresa de arrendamento mercantil.","1","08/02/2024 20:28:37","08/02/2024 20:28:37"
"MULTCHOICE","False",,,,"804356",,"418142","2064",,"É dever da ouvidoria quanto às reclamações recebidas.","1","08/02/2024 20:29:49","08/02/2024 20:29:49"
"MULTCHOICE","False",,,,"804357",,"418142","2045",,"da realização de operações de crédito mediante penhor civil de bens e a gestão dos recursos do FGTS. ","1","08/02/2024 20:31:36","08/02/2024 20:31:36"
"MULTCHOICE","False",,,,"804358",,"418142","2065",,"Da padronização dos documentos a serem utilizados nos procedimentos de oferta e contratação de operações de crédito direto ao consumidor e de arrendamento mercantil financeiro.","1","08/02/2024 20:31:55","08/02/2024 20:31:55"
"MULTCHOICE","False",,,,"804359",,"418142","2023",,"Investimento e financiamento.","1","08/02/2024 20:32:05","08/02/2024 20:32:05"
"MULTCHOICE","False",,,,"804360",,"418142","2042",,"Solicitar que a empresa de arrendamento mercantil assuma todas as despesas com o seguro do bem.","1","08/02/2024 20:32:31","08/02/2024 20:32:31"
"MULTCHOICE","False",,,,"804361",,"418142","2056",,"A operação financeira tenha sido realizada pela própria instituição financeira ou pela sociedade de arrendamento mercantil a ela vinculada.","1","08/02/2024 20:34:03","08/02/2024 20:34:03"
"MULTCHOICE","False",,,,"804362",,"418142","2026",,"De todos os riscos, de modo detalhado, ainda que venha a perder o negócio.","1","08/02/2024 20:35:57","08/02/2024 20:35:57"
"MULTCHOICE","False",,,,"804363",,"418142","2037",,"Cadastral.","1","08/02/2024 20:36:05","08/02/2024 20:36:05"
"MULTCHOICE","False",,,,"804364",,"418039","2020",,"FMI.","1","08/02/2024 09:07:44","08/02/2024 09:07:44"
"MULTCHOICE","False",,,,"804365",,"418039","2047",,"Equalização.","0","08/02/2024 09:12:12","08/02/2024 09:12:12"
"MULTCHOICE","False",,,,"804366",,"418039","2049",,"Investigar, com base nas informações declaradas e disponíveis nos bancos de dados, eventual negativação do contratante para lhe vedar acesso ao crédito.","0","08/02/2024 09:19:06","08/02/2024 09:19:06"
"MULTCHOICE","False",,,,"804367",,"418039","2022",,"Todas as modalidades de crédito e todas as formas de operações creditícias.","1","08/02/2024 10:03:32","08/02/2024 10:03:32"
"MULTCHOICE","False",,,,"804368",,"418039","2041",,"Financeiro e operacional.","1","08/02/2024 10:10:32","08/02/2024 10:10:32"
"MULTCHOICE","False",,,,"804369",,"418039","2036",,"Demonstrativo de pagamento de salário ou comprovante de benefício de aposentadoria/pensão, quando for o caso.","1","08/02/2024 10:11:03","08/02/2024 10:11:03"
"MULTCHOICE","False",,,,"804370",,"418039","2050",,"Cinco dias úteis.","1","08/02/2024 10:11:42","08/02/2024 10:11:42"
"MULTCHOICE","False",,,,"804371",,"418039","2038",,"Do valor total financiado e a taxa mensal e anual de juros.","1","08/02/2024 10:14:52","08/02/2024 10:14:52"
"MULTCHOICE","False",,,,"804372",,"418039","2069",,"Aquisição.","1","08/02/2024 10:16:51","08/02/2024 10:16:51"
"MULTCHOICE","False",,,,"804373",,"418039","2033",,"Usar crachá de identificação visível ao cliente, ser ético e apresentar os planos oferecidos por todas as instituições para o cliente ter a opção de escolha.","1","08/02/2024 10:17:31","08/02/2024 10:17:31"
"MULTCHOICE","False",,,,"804374",,"418039","2025",,"Risco.","1","08/02/2024 10:26:35","08/02/2024 10:26:35"
"MULTCHOICE","False",,,,"804375",,"418039","2064",,"É dever da área administrativa manter as reclamações arquivadas.","0","08/02/2024 10:31:38","08/02/2024 10:39:36"
"MULTCHOICE","False",,,,"804376",,"418039","2053",,"O objetivo está em prestar esclarecimentos imediatos à referida equipe, sobre seus produtos e serviços e deve atender também às demandas dos seus clientes e usuários ao contratado.","1","08/02/2024 10:32:16","08/02/2024 10:32:16"
"MULTCHOICE","False",,,,"804377",,"418039","2029",,"O resumo contratual (sumário executivo) da operação.","1","08/02/2024 10:32:49","08/02/2024 10:32:49"
"MULTCHOICE","False",,,,"804378",,"418140","2350",,"Sempre prefixados.","0","08/02/2024 11:14:17","08/02/2024 11:14:17"
"MULTCHOICE","False",,,,"804379",,"418140","2340",,"Verificar a adequação da oferta de crédito realizada ao perfil econômico e a capacidade de pagamento do consumidor contratante.","1","08/02/2024 11:16:40","08/02/2024 11:16:40"
"MULTCHOICE","False",,,,"804380",,"418140","2335",,"Os titulares de benefícios de aposentadoria e pensão por morte pagos pelo INSS.","1","08/02/2024 11:17:10","08/02/2024 11:17:10"
"MULTCHOICE","False",,,,"804381",,"418140","2323",,"Banco do Brasil.","0","08/02/2024 11:19:07","08/02/2024 11:19:07"
"MULTCHOICE","False",,,,"804382",,"418140","2351",,"É corresponsável pelo pagamento e ambos os nomes podem ser inscritos em cadastro de inadimplente.","0","08/02/2024 11:22:37","08/02/2024 11:22:37"
"MULTCHOICE","False",,,,"804383",,"418140","2333",,"Do valor total financiado e a taxa mensal e anual de juros.","1","08/02/2024 11:23:30","08/02/2024 11:23:30"
"MULTCHOICE","False",,,,"804384",,"418140","2344",,"As Sociedade de Crédito, Financiamento e Investimento (Financeiras).","1","08/02/2024 11:24:24","08/02/2024 11:24:24"
"MULTCHOICE","False",,,,"804385",,"418342","14663",,"Se dá pelo produto do fator de deficiência de cobertura de controle (DFCC) pelo impacto potencial do Risco Inerente (IPRI).","1","08/02/2024 11:50:05","08/02/2024 11:50:05"
"MULTCHOICE","False",,,,"804386",,"418342","14965",,"Caracterizam as probabilidades alteradas em função do controle interno.","0","08/02/2024 11:55:13","08/02/2024 11:56:20"
"MULTCHOICE","False",,,,"804387",,"418342","14661",,"Multiplicação do peso da Probabilidade pelo peso do impacto.","1","08/02/2024 11:59:27","08/02/2024 11:59:27"
"MULTCHOICE","False",,,,"804388",,"418041","9292",,"Avaliar a aderência da exposição a riscos e do capital aos níveis aprovados como aceitáveis pelo Conselho de Administração.","0","08/02/2024 13:14:01","08/02/2024 13:14:01"
"MULTCHOICE","False",,,,"804389",,"418041","9293",,"Conselho de Administração e Diretoria.","1","08/02/2024 13:14:17","08/02/2024 13:14:17"
"MULTCHOICE","False",,,,"804390",,"418041","9393",,"I, II e IV apenas","1","08/02/2024 13:17:52","08/02/2024 13:17:52"
"MULTCHOICE","False",,,,"804391",,"418041","9297",,"Realizar reuniões de worshop com os gestores das áreas contratantes e representantes dos terceiros, para explicar os procedimentos de testes de efetividade de controles.","0","08/02/2024 13:21:24","08/02/2024 13:21:24"
"MULTCHOICE","False",,,,"804392",,"418041","9299",,"A estrutura de processos considerados relevantes para a consecução do planejamento estratégico.","0","08/02/2024 13:22:42","08/02/2024 13:22:44"
"MULTCHOICE","False",,,,"804393",,"418041","9300",,"Vincular as normas internas e regulatórias ao inventário de processos considerados críticos da instituição.","1","08/02/2024 13:23:23","08/02/2024 13:23:23"
"MULTCHOICE","False",,,,"804394",,"418041","9301",,"Nos trabalhos de mapeamento de processos, riscos e controles e na realização dos testes de efetividade de controles.","1","08/02/2024 13:24:18","08/02/2024 13:24:18"
"MULTCHOICE","False",,,,"804395",,"418041","9310",,"Capturar novos normativos dos reguladores e leis aplicáveis às atividades de negócios e encaminhar para os gestores responsáveis pelos processos.","0","08/02/2024 13:31:08","08/02/2024 13:31:08"
"MULTCHOICE","False",,,,"804396",,"418041","9494",,"I, II, III e IV ","1","08/02/2024 13:35:56","08/02/2024 13:35:59"
"MULTCHOICE","False",,,,"804397",,"418041","9315",,"Uma cultura consolidada de comunicação e canais informacionais confiáveis estabelecidos e eficientes, bem como acessíveis a todos colaboradores.","1","08/02/2024 13:38:31","08/02/2024 13:38:31"
"MULTCHOICE","False",,,,"804398",,"418041","9316",,"A existência de procedimentos de monitoramento estabelecidos para o gerenciamento as exposições de riscos.","0","08/02/2024 13:39:06","08/02/2024 13:39:06"
"MULTCHOICE","False",,,,"804399",,"418042","2351",,"Responde como devedor principal e solidário da obrigação e o nome do empregado não pode ser inscrito em cadastro de inadimplente.","1","08/02/2024 15:58:18","08/02/2024 15:58:18"
"MULTCHOICE","False",,,,"804400",,"418042","2341",,"Quinze dias úteis.","0","08/02/2024 16:20:24","08/02/2024 16:20:24"
"MULTCHOICE","False",,,,"804401",,"418042","2353",,"Financiamento do consumo das pessoas físicas e do capital de giro das empresas.","1","08/02/2024 16:25:03","08/02/2024 16:25:03"
"MULTCHOICE","False",,,,"804402",,"418043","2025",,"Risco.","1","08/02/2024 18:12:56","08/02/2024 18:12:56"
"MULTCHOICE","False",,,,"804403",,"418043","2037",,"Cadastral.","1","08/02/2024 18:13:07","08/02/2024 18:13:07"
"MULTCHOICE","False",,,,"804404",,"418043","2044",,"De forma clara e legível, o Custo Efetivo Total (CET), o referencial de remuneração e a taxa mensal e anual de juros.","1","08/02/2024 18:13:44","08/02/2024 18:13:44"
"MULTCHOICE","False",,,,"804405",,"418043","2038",,"Do valor total financiado e a taxa mensal e anual de juros.","1","08/02/2024 18:14:38","08/02/2024 18:14:38"
"MULTCHOICE","False",,,,"804406",,"418043","2034",,"É obrigatório ser cliente da instituição e possuir cadastro aprovado previamente.","0","08/02/2024 18:21:46","08/02/2024 18:21:46"
"MULTCHOICE","False",,,,"804407",,"418043","2070",,"Desfrutar do bem gratuitamente até o fim de sua vida útil.","0","08/02/2024 18:22:25","08/02/2024 18:22:25"
"MULTCHOICE","False",,,,"804408",,"418043","2058",,"Em local visível no recinto das dependências das instituições e de seus correspondentes.","1","08/02/2024 18:22:53","08/02/2024 18:22:53"
"MULTCHOICE","False",,,,"804409",,"418043","2030",,"O primeiro requisito do atendimento é o conhecimento, pois possibilita segurança ao tratar com o cliente.","1","08/02/2024 18:23:12","08/02/2024 18:23:12"
"MULTCHOICE","False",,,,"804410",,"418043","2028",,"O fornecedor deverá informar em 10 dias úteis a todos os bancos de dados para a retirada da negativação em nome do consumidor.","0","08/02/2024 18:23:42","08/02/2024 18:23:42"
"MULTCHOICE","False",,,,"804411",,"418043","2035",,"Leasing e Financiamento de Veículo.","0","08/02/2024 18:25:09","08/02/2024 18:25:09"
"MULTCHOICE","False",,,,"804412",,"418043","2036",,"Demonstrativo de pagamento de salário ou comprovante de benefício de aposentadoria/pensão, quando for o caso.","1","08/02/2024 18:25:32","08/02/2024 18:25:32"
"MULTCHOICE","False",,,,"804413",,"418043","2055",,"De relacionamento, de sensibilidade e do negócio.","1","08/02/2024 18:25:55","08/02/2024 18:25:55"
"MULTCHOICE","False",,,,"804414",,"418043","2057",,"Se houver um avalista para a operação.","0","08/02/2024 18:26:54","08/02/2024 18:26:54"
"MULTCHOICE","False",,,,"804415",,"418043","2042",,"Solicitar que a empresa de arrendamento mercantil assuma todas as despesas com o seguro do bem.","1","08/02/2024 18:28:47","08/02/2024 18:28:47"
"MULTCHOICE","False",,,,"804416",,"418044","2048",,"Menor será o seu valor presente.","1","08/02/2024 19:20:24","08/02/2024 19:20:24"
"MULTCHOICE","False",,,,"804417",,"418044","2050",,"Cinco dias úteis.","1","08/02/2024 19:20:59","08/02/2024 19:20:59"
"MULTCHOICE","False",,,,"804418",,"418044","2022",,"Todas as modalidades de crédito e todas as formas de operações creditícias.","1","08/02/2024 19:23:10","08/02/2024 19:23:10"
"MULTCHOICE","False",,,,"804419",,"418043","2024",,"As entradas e saídas de valores (dinheiro) efetivadas no decorrer do tempo numa dada operação.","1","08/02/2024 19:28:17","08/02/2024 19:28:17"
"MULTCHOICE","False",,,,"804420",,"418043","2053",,"O objetivo está em prestar esclarecimentos imediatos à referida equipe, sobre seus produtos e serviços e deve atender também às demandas dos seus clientes e usuários ao contratado.","1","08/02/2024 19:28:42","08/02/2024 19:28:42"
"MULTCHOICE","False",,,,"804421",,"418043","2060",,"Houver processo administrativo instaurado e tais exames sejam considerados indispensáveis pela autoridade administrativa competente.","1","08/02/2024 19:29:33","08/02/2024 19:29:33"
"MULTCHOICE","False",,,,"804422",,"418043","2029",,"O resumo contratual (sumário executivo) da operação.","1","08/02/2024 19:34:44","08/02/2024 19:34:45"
"MULTCHOICE","False",,,,"804423",,"418044","2040",,"Os titulares de benefícios de aposentadoria e pensão por morte pagos pelo INSS.","1","08/02/2024 19:40:31","08/02/2024 19:40:31"
"MULTCHOICE","False",,,,"804424",,"418044","2058",,"Em local visível, apenas para colaboradores, no recinto das dependências das instituições e de seus correspondentes.","0","08/02/2024 19:47:34","08/02/2024 19:47:34"
"MULTCHOICE","False",,,,"804425",,"418044","2054",,"As Sociedade de Crédito, Financiamento e Investimento (Financeiras).","1","08/02/2024 19:51:51","08/02/2024 19:51:51"
"MULTCHOICE","False",,,,"804426",,"418044","2060",,"Houver processo administrativo instaurado e tais exames sejam considerados indispensáveis pela autoridade administrativa competente.","1","08/02/2024 19:52:55","08/02/2024 19:52:55"
"MULTCHOICE","False",,,,"804427",,"418044","2034",,"Não é necessário ser cliente da instituição, mas ter cadastro aprovado.","1","08/02/2024 19:57:43","08/02/2024 19:57:43"
"MULTCHOICE","False",,,,"804428",,"418044","2057",,"For observada a vigência do contrato para fins do empréstimo ou de financiamentos.","1","08/02/2024 20:00:25","08/02/2024 20:00:25"
"MULTCHOICE","False",,,,"804429",,"418142","2058",,"Em local visível no recinto das dependências das instituições e de seus correspondentes.","1","08/02/2024 20:26:15","08/02/2024 20:26:15"
"MULTCHOICE","False",,,,"804430",,"418142","2050",,"Cinco dias úteis.","1","08/02/2024 20:26:31","08/02/2024 20:26:31"
"MULTCHOICE","False",,,,"804431",,"418142","2022",,"Todas as modalidades de crédito e todas as formas de operações creditícias.","1","08/02/2024 20:26:53","08/02/2024 20:26:53"
"MULTCHOICE","False",,,,"804432",,"418142","2067",,"Responde como devedor principal e solidário da obrigação e o nome do empregado não pode ser inscrito em cadastro de inadimplente.","1","08/02/2024 20:27:19","08/02/2024 20:27:19"
"MULTCHOICE","False",,,,"804433",,"418142","2029",,"O resumo contratual (sumário executivo) da operação.","1","08/02/2024 20:28:56","08/02/2024 20:28:56"
"MULTCHOICE","False",,,,"804434",,"418142","2044",,"De forma clara e legível, o Custo Efetivo Total (CET), o referencial de remuneração e a taxa mensal e anual de juros.","1","08/02/2024 20:30:29","08/02/2024 20:30:29"
"MULTCHOICE","False",,,,"804435",,"418142","2068",,"Por meio das normativas do INSS.","1","08/02/2024 20:30:52","08/02/2024 20:30:52"
"MULTCHOICE","False",,,,"804436",,"418142","2066",,"Normalmente prefixados, contudo, se previsto em contrato, podem ser pós-fixados.","1","08/02/2024 20:31:20","08/02/2024 20:31:20"
"MULTCHOICE","False",,,,"804437",,"418142","2021",,"Tarifa.","1","08/02/2024 20:31:29","08/02/2024 20:31:29"
"MULTCHOICE","False",,,,"804438",,"418142","2035",,"Rotativas (exemplo   :   cheque especial) e pontuais (parcelas e prazo fixo).","1","08/02/2024 20:43:05","08/02/2024 20:43:05"
"MULTCHOICE","False",,,,"804465",,"418039","2058",,"Em local visível no recinto das dependências das instituições e de seus correspondentes.","1","08/02/2024 09:29:24","08/02/2024 09:29:24"
"MULTCHOICE","False",,,,"804466",,"418140","2327",,"De todos os riscos, de modo detalhado, ainda que venha a perder o negócio.","1","08/02/2024 11:13:53","08/02/2024 11:13:53"
"MULTCHOICE","False",,,,"804467",,"418140","2330",,"O Programa de autorregulação de crédito responsável estabelece diretrizes e procedimentos a serem observados nas etapas de oferta e contratação de crédito e tratamento dos superendividados.","1","08/02/2024 11:15:42","08/02/2024 11:15:42"
"MULTCHOICE","False",,,,"804468",,"418140","2328",,"Efetuada total ou parcialmente, acarreta obrigatoriamente a redução proporcional dos juros e demais acréscimos.","1","08/02/2024 11:22:34","08/02/2024 11:22:34"
"MULTCHOICE","False",,,,"804469",,"418140","2356",,"As entradas e saídas de valores (dinheiro) efetivadas no decorrer do tempo numa dada operação.","1","08/02/2024 11:23:06","08/02/2024 11:23:06"
"MULTCHOICE","False",,,,"804470",,"418140","2349",,"Da padronização dos documentos a serem utilizados nos procedimentos de oferta e contratação de operações de crédito direto ao consumidor e de arrendamento mercantil financeiro.","1","08/02/2024 11:24:08","08/02/2024 11:24:08"
"MULTCHOICE","False",,,,"804471",,"418241","14964",,"I e III, apenas.","1","08/02/2024 11:38:27","08/02/2024 11:38:27"
"MULTCHOICE","False",,,,"804472",,"418342","14859",,"Analisa os tipos de riscos e suas causas, seu ambiente de controles internos e sua exposição ao risco residual.","1","08/02/2024 11:41:13","08/02/2024 11:41:13"
"MULTCHOICE","False",,,,"804473",,"418342","14665",,"Manter como está, pois não há necessidade de investimentos em controles.","1","08/02/2024 11:54:23","08/02/2024 11:54:23"
"MULTCHOICE","False",,,,"804474",,"418343","2048",,"Menor será o seu valor presente.","1","08/02/2024 12:14:33","08/02/2024 12:14:33"
"MULTCHOICE","False",,,,"804475",,"418041","9298",,"Capital Nível I, Capital Nível II e Adicional de Capital Principal (ACP)","1","08/02/2024 13:21:48","08/02/2024 13:21:48"
"MULTCHOICE","False",,,,"804476",,"418041","9302",,"Um conjunto de políticas, processos, funções, atribuições e alçadas, procedimentos e ferramentas, assim como deve ser estruturado para articular e integrar os demais processos, áreas e pessoas da instituição.","1","08/02/2024 13:24:35","08/02/2024 13:24:35"
"MULTCHOICE","False",,,,"804477",,"418041","9304",,"O nível de maturidade do ambiente de controles internos.","1","08/02/2024 13:26:41","08/02/2024 13:26:41"
"MULTCHOICE","False",,,,"804478",,"418041","9307",,"Assegurar a condução dos processos, o conhecimento necessário sobre as suas funções e responsabilidades dos envolvidos, garantir o cumprimento e a execução com segurança.","1","08/02/2024 13:29:11","08/02/2024 13:29:11"
"MULTCHOICE","False",,,,"804479",,"418041","9595",,"I, II e III apenas","1","08/02/2024 13:41:30","08/02/2024 13:41:30"
"MULTCHOICE","False",,,,"804480",,"418042","2340",,"Verificar a adequação da oferta de crédito realizada ao perfil econômico e a capacidade de pagamento do consumidor contratante.","1","08/02/2024 16:08:34","08/02/2024 16:08:34"
"MULTCHOICE","False",,,,"804481",,"418042","2348",,"A cobrança será suspensa imediatamente, salvo se o fornecedor indicar o contrato e comprovar que o valor é efetivamente devido.","1","08/02/2024 16:09:20","08/02/2024 16:09:20"
"MULTCHOICE","False",,,,"804482",,"418042","2343",,"O objetivo está em prestar esclarecimentos imediatos à referida equipe, sobre seus produtos e serviços e deve atender também às demandas dos seus clientes e usuários ao contratado.","1","08/02/2024 16:10:28","08/02/2024 16:11:11"
"MULTCHOICE","False",,,,"804483",,"418042","2329",,"O fornecedor deverá informar em 5 dias úteis a todos os bancos de dados para a retirada da negativação em nome do consumidor.","1","08/02/2024 16:12:42","08/02/2024 16:12:42"
"MULTCHOICE","False",,,,"804484",,"418042","2327",,"De todos os riscos, de modo detalhado, ainda que venha a perder o negócio.","1","08/02/2024 16:21:19","08/02/2024 16:21:19"
"MULTCHOICE","False",,,,"804485",,"418141","13837",,"“Marquette Decision” foi a lei que criou os cartões de crédito nos Estados Unidos.","1","08/02/2024 17:32:00","08/02/2024 17:32:00"
"MULTCHOICE","False",,,,"804486",,"418141","13854",,"Instituições que usam a agenda como garantia da linha de crédito liberada para o Estabelecimento Comercial registram essa operação na “Câmara Registradora de Recebíveis”, e esses volumes não podem ser usados por outra instituição até que a operação seja quitada.","0","08/02/2024 17:40:54","08/02/2024 17:40:54"
"MULTCHOICE","False",,,,"804487",,"418141","13838",,"A primeira bandeira de cartão de crédito lançada no Brasil foi a bandeira Dinners Club, em 1954.","0","08/02/2024 17:43:12","08/02/2024 17:43:12"
"MULTCHOICE","False",,,,"804488",,"418344","13838",,"Em 1987, foi lançada a Credicard associando-se exclusivamente à Visa e consolidando seu crescimento com essa bandeira.","1","08/02/2024 17:52:21","08/02/2024 17:56:09"
"MULTCHOICE","False",,,,"804489",,"418344","13841",,"Uma pessoa jurídica que gerencia contas de pagamento, sem a possibilidade de conceder empréstimos e financiamentos a seus clientes, para viabilizar serviços de movimentação de recursos por meio de um arranjo de pagamento.","0","08/02/2024 17:58:16","08/02/2024 17:58:51"
"MULTCHOICE","False",,,,"804490",,"418043","2043",,"Ter, ao final do período contratado, a obrigação de comprar  o bem pelo valor de mercado.","0","08/02/2024 18:16:32","08/02/2024 18:16:32"
"MULTCHOICE","False",,,,"804491",,"418043","2046",,"Expedir normas gerais de contabilidade e estatística a serem observadas pelas instituições financeiras.","0","08/02/2024 18:16:52","08/02/2024 18:16:52"
"MULTCHOICE","False",,,,"804492",,"418043","2045",,"da captação de depósitos à vista e abertura de contas de poupança. ","0","08/02/2024 18:17:15","08/02/2024 18:17:15"
"MULTCHOICE","False",,,,"804493",,"418044","2055",,"De relacionamento, médica e de aversão a risco.","0","08/02/2024 19:16:02","08/02/2024 19:16:02"
"MULTCHOICE","False",,,,"804494",,"418044","2038",,"Do valor total financiado e a taxa mensal e anual de juros.","1","08/02/2024 19:21:25","08/02/2024 19:21:25"
"MULTCHOICE","False",,,,"804495",,"418044","2068",,"Nos convênios celebrados entre instituições securitárias e INSS.","0","08/02/2024 19:22:37","08/02/2024 19:22:37"
"MULTCHOICE","False",,,,"804496",,"418044","2026",,"De todos os riscos, de modo detalhado, ainda que venha a perder o negócio.","1","08/02/2024 19:23:50","08/02/2024 19:23:50"
"MULTCHOICE","False",,,,"804497",,"418044","2021",,"Tarifa.","1","08/02/2024 19:24:02","08/02/2024 19:24:02"
"MULTCHOICE","False",,,,"804498",,"418044","2028",,"O fornecedor deverá informar em 5 dias úteis a todos os bancos de dados para a retirada da negativação em nome do consumidor.","1","08/02/2024 19:24:20","08/02/2024 19:24:20"
"MULTCHOICE","False",,,,"804499",,"418043","2065",,"Das regras determinadas pela CVM para abertura de capital de empresas concessionárias de veículos.","0","08/02/2024 19:26:53","08/02/2024 19:26:53"
"MULTCHOICE","False",,,,"804500",,"418044","2044",,"De forma clara e legível, o Custo Efetivo Total (CET), o referencial de remuneração e a taxa mensal e anual de juros.","1","08/02/2024 19:26:55","08/02/2024 19:26:55"
"MULTCHOICE","False",,,,"804501",,"418043","2020",,"FMI.","1","08/02/2024 19:27:00","08/02/2024 19:27:00"
"MULTCHOICE","False",,,,"804502",,"418044","2020",,"FMI.","1","08/02/2024 19:27:15","08/02/2024 19:27:15"
"MULTCHOICE","False",,,,"804503",,"418043","2041",,"Financeiro e operacional.","1","08/02/2024 19:27:21","08/02/2024 19:27:21"
"MULTCHOICE","False",,,,"804504",,"418044","2070",,"Devolver o bem à empresa de arrendamento mercantil.","1","08/02/2024 19:28:43","08/02/2024 19:28:43"
"MULTCHOICE","False",,,,"804505",,"418043","2048",,"Maior será o seu valor presente.","0","08/02/2024 19:31:29","08/02/2024 19:31:29"
"MULTCHOICE","False",,,,"804506",,"418043","2050",,"Cinco dias úteis.","1","08/02/2024 19:32:17","08/02/2024 19:32:17"
"MULTCHOICE","False",,,,"804507",,"418043","2023",,"Logística e produção.","0","08/02/2024 19:32:35","08/02/2024 19:32:35"
"MULTCHOICE","False",,,,"804508",,"418043","2032",,"Integridade, equidade, respeito ao consumidor, transparência, excelência, sustentabilidade e confiança.","1","08/02/2024 19:32:47","08/02/2024 19:32:47"
"MULTCHOICE","False",,,,"804509",,"418043","2026",,"De todos os riscos, com moderação, para tentar não perder o negócio.","0","08/02/2024 19:34:15","08/02/2024 19:34:15"
"MULTCHOICE","False",,,,"804510",,"418043","2068",,"Por meio das normativas do INSS.","1","08/02/2024 19:34:32","08/02/2024 19:34:32"
"MULTCHOICE","False",,,,"804511",,"418044","2027",,"Efetuada total ou parcialmente, acarreta obrigatoriamente a redução proporcional dos juros e demais acréscimos.","1","08/02/2024 19:36:07","08/02/2024 19:36:07"
"MULTCHOICE","False",,,,"804512",,"418044","2039",,"Instituição consignatária é a instituição autorizada a conceder empréstimo ou financiamento.","1","08/02/2024 19:48:32","08/02/2024 19:48:32"
"MULTCHOICE","False",,,,"804513",,"418044","2043",,"Ter a opção de comprar o bem por um valor previamente estabelecido ao final do contrato.","1","08/02/2024 19:49:44","08/02/2024 19:49:44"
"MULTCHOICE","False",,,,"804514",,"418044","2037",,"Cadastral.","1","08/02/2024 19:54:58","08/02/2024 19:54:58"
"MULTCHOICE","False",,,,"804515",,"418044","2025",,"Risco.","1","08/02/2024 19:55:16","08/02/2024 19:55:16"
"MULTCHOICE","False",,,,"804516",,"418044","2064",,"É dever informar mensalmente o Banco Central do Brasil sobre as reclamações recebidas.","0","08/02/2024 19:57:13","08/02/2024 19:57:13"
"MULTCHOICE","False",,,,"804517",,"418044","2032",,"Integridade, equidade, respeito ao consumidor, transparência, excelência, sustentabilidade e confiança.","1","08/02/2024 19:58:37","08/02/2024 19:58:37"
"MULTCHOICE","False",,,,"804518",,"418044","2059",,"A inclusão de cláusula estipulando que o contratante será previamente informado da elevação respectiva, por meio do veículo de comunicação previsto contratualmente.","1","08/02/2024 20:00:03","08/02/2024 20:00:03"
"MULTCHOICE","False",,,,"804519",,"418142","2052",,"Distinguir fatos de opiniões, pessoais ou de mercado, com relação aos produtos e serviços oferecidos aos clientes.","1","08/02/2024 20:20:00","08/02/2024 20:20:00"
"MULTCHOICE","False",,,,"804520",,"418142","2040",,"Os titulares de benefícios de aposentadoria e pensão por morte pagos pelo INSS.","1","08/02/2024 20:21:05","08/02/2024 20:21:05"
"MULTCHOICE","False",,,,"804521",,"418142","2031",,"A publicidade de produtos de crédito não precisa indicar necessariamente os meios colocados à disposição do consumidor para orientações.","0","08/02/2024 20:22:55","08/02/2024 20:22:55"
"MULTCHOICE","False",,,,"804522",,"418142","2048",,"Menor será o seu valor presente.","1","08/02/2024 20:23:13","08/02/2024 20:23:13"
"MULTCHOICE","False",,,,"804523",,"418142","2062",,"Financiamento do consumo das pessoas físicas e do capital de giro das empresas.","1","08/02/2024 20:23:37","08/02/2024 20:23:37"
"MULTCHOICE","False",,,,"804524",,"418142","2053",,"O objetivo está em prestar esclarecimentos imediatos à referida equipe, sobre seus produtos e serviços e deve atender também às demandas dos seus clientes e usuários ao contratado.","1","08/02/2024 20:27:49","08/02/2024 20:27:49"
"MULTCHOICE","False",,,,"804525",,"418142","2027",,"Efetuada total ou parcialmente, acarreta obrigatoriamente a redução proporcional dos juros e demais acréscimos.","1","08/02/2024 20:28:19","08/02/2024 20:28:19"
"MULTCHOICE","False",,,,"804526",,"418142","2046",,"A fabricação de papel moeda.","1","08/02/2024 20:29:04","08/02/2024 20:29:04"
"MULTCHOICE","False",,,,"804527",,"418142","2033",,"Usar crachá de identificação visível ao cliente, ser ético e apresentar os planos oferecidos por todas as instituições para o cliente ter a opção de escolha.","1","08/02/2024 20:30:01","08/02/2024 20:30:01"
"MULTCHOICE","False",,,,"804528",,"418142","2025",,"Risco.","1","08/02/2024 20:31:09","08/02/2024 20:31:09"
"MULTCHOICE","False",,,,"804529",,"418142","2032",,"Integridade, equidade, respeito ao consumidor, transparência, excelência, sustentabilidade e confiança.","1","08/02/2024 20:35:31","08/02/2024 20:35:31"
"MULTCHOICE","False",,,,"804530",,"418142","2024",,"As entradas e saídas de valores (dinheiro) efetivadas no decorrer do tempo numa dada operação.","1","08/02/2024 20:38:48","08/02/2024 20:38:48"
"MULTCHOICE","False",,,,"804531",,"418142","2043",,"Ter a opção de comprar o bem por um valor previamente estabelecido ao final do contrato.","1","08/02/2024 20:39:21","08/02/2024 20:39:21"
"MULTCHOICE","False",,,,"804532",,"418142","2038",,"Do valor total financiado e a taxa mensal e anual de juros.","1","08/02/2024 20:42:11","08/02/2024 20:42:11"
"MULTCHOICE","False",,,,"804533",,"418345","2373",,"Capitalização.","1","08/02/2024 22:22:27","08/02/2024 22:22:27"
"MULTCHOICE","False",,,,"804534",,"418345","2382",,"Houver indícios de crime contra o Sistema Financeiro Monetário, dispensando inclusive a necessidade de inquérito policial.","0","08/02/2024 22:22:56","08/02/2024 22:22:56"
"MULTCHOICE","False",,,,"804566",,"418142","2049",,"Verificar a adequação da oferta de crédito realizada ao perfil econômico e a capacidade de pagamento do consumidor contratante.","1","08/02/2024 20:36:57","08/02/2024 20:36:57"
"MULTCHOICE","False",,,,"804567",,"418142","2047",,"Capitalização.","1","08/02/2024 20:38:02","08/02/2024 20:38:02"
"MULTCHOICE","False",,,,"804568",,"418142","2055",,"De relacionamento, de sensibilidade e do negócio.","1","08/02/2024 20:38:28","08/02/2024 20:38:28"
"MULTCHOICE","False",,,,"804667",,"418443","2034",,"Não é necessário ser cliente da instituição, mas ter cadastro aprovado.","1","09/02/2024 13:29:43","09/02/2024 13:29:43"
"MULTCHOICE","False",,,,"804668",,"418443","2042",,"Solicitar que a empresa de arrendamento mercantil assuma todas as despesas com o seguro do bem.","1","09/02/2024 13:30:13","09/02/2024 13:30:13"
"MULTCHOICE","False",,,,"804669",,"418443","2033",,"Usar crachá de identificação visível ao cliente, ser ético e apresentar os planos oferecidos por todas as instituições para o cliente ter a opção de escolha.","1","09/02/2024 13:32:33","09/02/2024 13:32:33"
"MULTCHOICE","False",,,,"804670",,"418443","2054",,"As Sociedade de Crédito, Financiamento e Investimento (Financeiras).","1","09/02/2024 13:33:09","09/02/2024 13:33:09"
"MULTCHOICE","False",,,,"804671",,"418443","2058",,"Em local visível, apenas para colaboradores, no recinto das dependências das instituições e de seus correspondentes.","0","09/02/2024 13:41:58","09/02/2024 13:41:58"
"MULTCHOICE","False",,,,"804672",,"418443","2045",,"da realização de operações de crédito mediante penhor civil de bens e a gestão dos recursos do FGTS. ","1","09/02/2024 13:42:19","09/02/2024 13:42:19"
"MULTCHOICE","False",,,,"804673",,"418443","2049",,"Verificar a adequação da oferta de crédito realizada ao perfil econômico e a capacidade de pagamento do consumidor contratante.","1","09/02/2024 14:07:58","09/02/2024 14:07:58"
"MULTCHOICE","False",,,,"804674",,"418443","2066",,"Sempre prefixados.","0","09/02/2024 14:10:07","09/02/2024 14:11:33"
"MULTCHOICE","False",,,,"804675",,"418544","2341",,"Cinco dias úteis.","1","09/02/2024 14:10:20","09/02/2024 14:10:20"
"MULTCHOICE","False",,,,"804676",,"418544","2333",,"Do valor total financiado e a taxa mensal e anual de juros.","1","09/02/2024 14:11:32","09/02/2024 14:11:32"
"MULTCHOICE","False",,,,"804677",,"418443","2044",,"De forma clara e legível, o Custo Efetivo Total (CET), o referencial de remuneração e a taxa mensal e anual de juros.","1","09/02/2024 14:13:18","09/02/2024 14:13:18"
"MULTCHOICE","False",,,,"804678",,"418544","2343",,"O objetivo está em prestar esclarecimentos imediatos à referida equipe, sobre seus produtos e serviços e deve atender também às demandas dos seus clientes e usuários ao contratado.","1","09/02/2024 14:14:03","09/02/2024 14:14:03"
"MULTCHOICE","False",,,,"804679",,"418544","2330",,"O Programa de autorregulação de crédito responsável estabelece diretrizes e procedimentos a serem observados nas etapas de oferta e contratação de crédito e tratamento dos superendividados.","1","09/02/2024 14:15:11","09/02/2024 14:15:11"
"MULTCHOICE","False",,,,"804680",,"418443","2020",,"FMI.","1","09/02/2024 14:26:40","09/02/2024 14:26:40"
"MULTCHOICE","False",,,,"804681",,"418443","2027",,"Efetuada total ou parcialmente, acarreta obrigatoriamente a redução proporcional dos juros e demais acréscimos.","1","09/02/2024 14:32:38","09/02/2024 14:32:38"
"MULTCHOICE","False",,,,"804682",,"418544","2350",,"Normalmente prefixados, contudo, se previsto em contrato, podem ser pós-fixados.","1","09/02/2024 14:35:35","09/02/2024 14:35:35"
"MULTCHOICE","False",,,,"804683",,"418544","2335",,"Os titulares de benefícios de aposentadoria e pensão por morte pagos pelo INSS.","1","09/02/2024 14:38:26","09/02/2024 14:38:26"
"MULTCHOICE","False",,,,"804684",,"418443","2065",,"Da padronização dos documentos a serem utilizados nos procedimentos de oferta e contratação de operações de crédito direto ao consumidor e de arrendamento mercantil financeiro.","1","09/02/2024 14:54:37","09/02/2024 14:54:37"
"MULTCHOICE","False",,,,"804685",,"418443","2029",,"O resumo contratual (sumário executivo) da operação.","1","09/02/2024 14:56:48","09/02/2024 14:56:52"
"MULTCHOICE","False",,,,"804686",,"418443","2060",,"Houver processo administrativo instaurado e tais exames sejam considerados indispensáveis pela autoridade administrativa competente.","1","09/02/2024 15:10:43","09/02/2024 15:10:43"
"MULTCHOICE","False",,,,"804687",,"418443","2055",,"De relacionamento, médica e de aversão a risco.","0","09/02/2024 15:12:14","09/02/2024 15:17:26"
"MULTCHOICE","False",,,,"804688",,"418645","2063",,"O consumidor será informado sobre a resolução de sua demanda no prazo máximo de setenta e duas horas por correspondência ou por meio eletrônico, a seu critério.","0","09/02/2024 15:15:29","09/02/2024 15:15:29"
"MULTCHOICE","False",,,,"804689",,"418645","2022",,"Todas as modalidades de crédito e todas as formas de operações creditícias.","1","09/02/2024 15:17:06","09/02/2024 15:17:06"
"MULTCHOICE","False",,,,"804690",,"418443","2023",,"Investimento e financiamento.","1","09/02/2024 15:24:42","09/02/2024 15:24:42"
"MULTCHOICE","False",,,,"804691",,"418645","2050",,"Cinco dias úteis.","1","09/02/2024 15:26:36","09/02/2024 15:26:36"
"MULTCHOICE","False",,,,"804692",,"418645","2028",,"O fornecedor deverá informar em 5 dias úteis a todos os bancos de dados para a retirada da negativação em nome do consumidor.","1","09/02/2024 15:27:01","09/02/2024 15:27:01"
"MULTCHOICE","False",,,,"804693",,"418645","2052",,"Distinguir fatos de opiniões, pessoais ou de mercado, com relação aos produtos e serviços oferecidos aos clientes.","1","09/02/2024 15:27:52","09/02/2024 15:27:52"
"MULTCHOICE","False",,,,"804694",,"418645","2037",,"Cadastral.","1","09/02/2024 15:40:26","09/02/2024 15:40:26"
"MULTCHOICE","False",,,,"804695",,"418645","2048",,"Menor será o seu valor presente.","1","09/02/2024 15:41:42","09/02/2024 15:41:42"
"MULTCHOICE","False",,,,"804696",,"418645","2020",,"FMI.","1","09/02/2024 15:42:01","09/02/2024 15:42:01"
"MULTCHOICE","False",,,,"804697",,"418545","2070",,"Devolver o bem à empresa de arrendamento mercantil.","1","09/02/2024 15:45:36","09/02/2024 15:45:36"
"MULTCHOICE","False",,,,"804698",,"418545","2034",,"É obrigatório ser cliente da instituição e possuir cadastro aprovado previamente.","0","09/02/2024 15:46:37","09/02/2024 15:46:37"
"MULTCHOICE","False",,,,"804699",,"418645","2057",,"For observada a vigência do contrato para fins do empréstimo ou de financiamentos.","1","09/02/2024 15:48:20","09/02/2024 15:48:20"
"MULTCHOICE","False",,,,"804700",,"418545","2048",,"Menor será o seu valor presente.","1","09/02/2024 15:50:58","09/02/2024 15:50:58"
"MULTCHOICE","False",,,,"804701",,"418545","2067",,"É corresponsável pelo pagamento e ambos os nomes podem ser inscritos em cadastro de inadimplente.","0","09/02/2024 15:56:08","09/02/2024 15:56:08"
"MULTCHOICE","False",,,,"804702",,"418645","2065",,"Da padronização dos documentos a serem utilizados nos procedimentos de oferta e contratação de operações de crédito direto ao consumidor e de arrendamento mercantil financeiro.","1","09/02/2024 15:56:16","09/02/2024 15:56:16"
"MULTCHOICE","False",,,,"804703",,"418645","2064",,"É dever informar mensalmente o Banco Central do Brasil sobre as reclamações recebidas.","0","09/02/2024 15:58:37","09/02/2024 15:58:37"
"MULTCHOICE","False",,,,"804704",,"418545","2041",,"Operacional e executivo.","0","09/02/2024 15:58:53","09/02/2024 15:58:53"
"MULTCHOICE","False",,,,"804705",,"418645","2041",,"Financeiro e operacional.","1","09/02/2024 15:59:35","09/02/2024 15:59:35"
"MULTCHOICE","False",,,,"804706",,"418545","2036",,"Demonstrativo de pagamento de salário ou comprovante de benefício de aposentadoria/pensão, quando for o caso.","1","09/02/2024 16:00:03","09/02/2024 16:00:03"
"MULTCHOICE","False",,,,"804707",,"418545","2020",,"FMI.","1","09/02/2024 16:05:28","09/02/2024 16:05:28"
"MULTCHOICE","False",,,,"804708",,"418645","2059",,"A inclusão de cláusula estipulando que o contratante será previamente informado da elevação respectiva, independentemente de previsão contratual.","0","09/02/2024 16:06:33","09/02/2024 16:06:33"
"MULTCHOICE","False",,,,"804709",,"418545","2045",,"do financiamento do setor habitacional. ","0","09/02/2024 16:06:52","09/02/2024 16:06:53"
"MULTCHOICE","False",,,,"804710",,"418645","2021",,"Tarifa.","1","09/02/2024 16:07:01","09/02/2024 16:07:01"
"MULTCHOICE","False",,,,"804711",,"418645","2042",,"Solicitar que a empresa de arrendamento mercantil assuma todas as despesas com o seguro do bem.","1","09/02/2024 16:08:15","09/02/2024 16:08:15"
"MULTCHOICE","False",,,,"804712",,"418645","2051",,"Encaminhar resposta conclusiva para a demanda dos reclamantes, após dar adequado tratamento às reclamações recebidas.","1","09/02/2024 16:09:30","09/02/2024 16:09:30"
"MULTCHOICE","False",,,,"804713",,"418545","2064",,"É dever da área administrativa manter as reclamações arquivadas.","0","09/02/2024 16:20:20","09/02/2024 16:20:20"
"MULTCHOICE","False",,,,"804714",,"418545","2037",,"Cadastral.","1","09/02/2024 16:21:15","09/02/2024 16:21:15"
"MULTCHOICE","False",,,,"804715",,"418545","2028",,"O fornecedor não possui a obrigação de informar aos bancos de dados sobre a retirada da negativação em nome do consumidor.","0","09/02/2024 16:28:25","09/02/2024 16:28:25"
"MULTCHOICE","False",,,,"804716",,"418545","2050",,"Cinco dias úteis.","1","09/02/2024 16:29:16","09/02/2024 16:29:16"
"MULTCHOICE","False",,,,"804717",,"418545","2024",,"As entradas e saídas de valores (dinheiro) efetivadas no decorrer do tempo numa dada operação.","1","09/02/2024 16:30:08","09/02/2024 16:30:08"
"MULTCHOICE","False",,,,"804718",,"418545","2053",,"O objetivo está em prestar esclarecimentos imediatos à referida equipe, sobre seus produtos e serviços e deve atender também às demandas dos seus clientes e usuários ao contratado.","1","09/02/2024 16:31:05","09/02/2024 16:31:05"
"MULTCHOICE","False",,,,"804719",,"418545","2027",,"Efetuada total ou parcialmente, não acarreta a redução de acréscimos.","0","09/02/2024 16:35:13","09/02/2024 16:35:13"
"MULTCHOICE","False",,,,"804720",,"418545","2065",,"Da padronização dos documentos a serem utilizados nos procedimentos de oferta e contratação de operações de crédito direto ao consumidor e de arrendamento mercantil financeiro.","1","09/02/2024 16:42:29","09/02/2024 16:42:29"
"MULTCHOICE","False",,,,"804721",,"418545","2066",,"Normalmente prefixados, contudo, se previsto em contrato, podem ser pós-fixados.","1","09/02/2024 16:42:59","09/02/2024 16:42:59"
"MULTCHOICE","False",,,,"804722",,"418746","2045",,"da realização de operações de crédito mediante penhor civil de bens e a gestão dos recursos do FGTS. ","1","09/02/2024 16:56:01","09/02/2024 16:56:01"
"MULTCHOICE","False",,,,"804723",,"418545","2029",,"O resumo contratual (sumário executivo) da operação.","1","09/02/2024 16:56:18","09/02/2024 16:56:18"
"MULTCHOICE","False",,,,"804724",,"418545","2055",,"De relacionamento, de sensibilidade e do negócio.","1","09/02/2024 16:57:55","09/02/2024 16:57:55"
"MULTCHOICE","False",,,,"804725",,"418746","2033",,"Usar crachá de identificação visível ao cliente, ser ético e apresentar os planos oferecidos por todas as instituições para o cliente ter a opção de escolha.","1","09/02/2024 17:02:56","09/02/2024 17:02:56"
"MULTCHOICE","False",,,,"804726",,"418546","2058",,"Em local visível no recinto das dependências das instituições e de seus correspondentes.","1","09/02/2024 17:03:38","09/02/2024 17:03:38"
"MULTCHOICE","False",,,,"804727",,"418546","2049",,"Verificar a adequação da oferta de crédito realizada ao perfil econômico e a capacidade de pagamento do consumidor contratante.","1","09/02/2024 17:04:15","09/02/2024 17:04:15"
"MULTCHOICE","False",,,,"804728",,"418546","2023",,"Investimento e financiamento.","1","09/02/2024 17:04:26","09/02/2024 17:04:26"
"MULTCHOICE","False",,,,"804729",,"418546","2030",,"O primeiro requisito do atendimento é o conhecimento, pois possibilita segurança ao tratar com o cliente.","1","09/02/2024 17:04:55","09/02/2024 17:04:55"
"MULTCHOICE","False",,,,"804730",,"418546","2037",,"De sensibilidade.","0","09/02/2024 17:05:25","09/02/2024 17:05:34"
"MULTCHOICE","False",,,,"804731",,"418546","2056",,"O somatório dos descontos e/ou retenções consignados para pagamento de empréstimo pessoal não exceda, a qualquer momento, a trinta por cento do valor do benefício.","0","09/02/2024 17:22:52","09/02/2024 17:22:52"
"MULTCHOICE","False",,,,"804732",,"418546","2022",,"Todas as modalidades de crédito e todas as formas de operações creditícias.","1","09/02/2024 17:26:16","09/02/2024 17:26:16"
"MULTCHOICE","False",,,,"804733",,"418546","2035",,"Rotativas (exemplo   :   cheque especial) e pontuais (parcelas e prazo fixo).","1","09/02/2024 17:28:27","09/02/2024 17:28:27"
"MULTCHOICE","False",,,,"804734",,"418546","2028",,"O fornecedor deverá informar em 5 dias úteis a todos os bancos de dados para a retirada da negativação em nome do consumidor.","1","09/02/2024 17:50:30","09/02/2024 17:50:30"
"MULTCHOICE","False",,,,"804735",,"418546","2029",,"O resumo contratual (sumário executivo) da operação.","1","09/02/2024 17:50:54","09/02/2024 17:50:54"
"MULTCHOICE","False",,,,"804736",,"418546","2027",,"Efetuada total ou parcialmente, acarreta obrigatoriamente a redução proporcional dos juros e demais acréscimos.","1","09/02/2024 17:55:03","09/02/2024 17:55:03"
"MULTCHOICE","False",,,,"804737",,"418546","2024",,"As entradas e saídas de valores (dinheiro) efetivadas no decorrer do tempo numa dada operação.","1","09/02/2024 17:59:49","09/02/2024 17:59:49"
"MULTCHOICE","False",,,,"804738",,"418746","2049",,"Investigar, com base nas informações declaradas e disponíveis nos bancos de dados, eventual negativação do contratante para lhe vedar acesso ao crédito.","0","09/02/2024 18:17:56","09/02/2024 18:17:56"
"MULTCHOICE","False",,,,"804739",,"418546","2052",,"Distinguir fatos de opiniões, pessoais ou de mercado, com relação aos produtos e serviços oferecidos aos clientes.","1","09/02/2024 18:22:01","09/02/2024 18:22:01"
"MULTCHOICE","False",,,,"804740",,"418546","2047",,"Multiplicação.","0","09/02/2024 18:22:40","09/02/2024 18:22:40"
"MULTCHOICE","False",,,,"804741",,"418746","2059",,"A inclusão de cláusula estipulando que o contratante será previamente informado da elevação respectiva, por meio do veículo de comunicação previsto contratualmente.","1","09/02/2024 18:40:00","09/02/2024 18:40:00"
"MULTCHOICE","False",,,,"804742",,"418746","2030",,"O primeiro requisito do atendimento é o conhecimento, pois possibilita segurança ao tratar com o cliente.","1","09/02/2024 18:40:47","09/02/2024 18:40:47"
"MULTCHOICE","False",,,,"804743",,"418746","2035",,"Rotativas (exemplo   :   cheque especial) e pontuais (parcelas e prazo fixo).","1","09/02/2024 18:44:38","09/02/2024 18:45:02"
"MULTCHOICE","False",,,,"804744",,"418746","2031",,"O Programa de autorregulação de crédito responsável estabelece diretrizes e procedimentos a serem observados nas etapas de oferta e contratação de crédito e tratamento dos superendividados.","1","09/02/2024 18:46:32","09/02/2024 18:46:32"
"MULTCHOICE","False",,,,"804745",,"418746","2029",,"O resumo contratual (sumário executivo) da operação.","1","09/02/2024 18:51:45","09/02/2024 18:51:45"
"MULTCHOICE","False",,,,"804746",,"418746","2050",,"Cinco dias úteis.","1","09/02/2024 18:52:16","09/02/2024 18:52:16"
"MULTCHOICE","False",,,,"804747",,"418746","2023",,"Investimento e financiamento.","1","09/02/2024 18:52:34","09/02/2024 18:52:34"
"MULTCHOICE","False",,,,"804768",,"418443","2040",,"Os titulares de benefícios de aposentadoria e pensão por morte pagos pelo INSS.","1","09/02/2024 13:34:46","09/02/2024 13:34:46"
"MULTCHOICE","False",,,,"804769",,"418443","2051",,"Encaminhar resposta conclusiva para a demanda dos reclamantes, após dar adequado tratamento às reclamações recebidas.","1","09/02/2024 13:51:29","09/02/2024 13:51:29"
"MULTCHOICE","False",,,,"804770",,"418443","2035",,"Leasing e Financiamento de Veículo.","0","09/02/2024 13:52:17","09/02/2024 13:52:17"
"MULTCHOICE","False",,,,"804771",,"418443","2062",,"Financiamento do consumo das pessoas físicas e do capital de giro das empresas.","1","09/02/2024 14:03:37","09/02/2024 14:03:37"
"MULTCHOICE","False",,,,"804772",,"418443","2069",,"Mercado.","0","09/02/2024 14:24:45","09/02/2024 14:24:45"
"MULTCHOICE","False",,,,"804773",,"418544","2339",,"Menor será o seu valor presente.","1","09/02/2024 14:25:02","09/02/2024 14:25:02"
"MULTCHOICE","False",,,,"804774",,"418544","2357",,"Todas as modalidades de crédito e todas as formas de operações creditícias.","1","09/02/2024 14:27:14","09/02/2024 14:27:14"
"MULTCHOICE","False",,,,"804775",,"418544","2325",,"Investimento e financiamento. ","1","09/02/2024 14:27:41","09/02/2024 14:27:41"
"MULTCHOICE","False",,,,"804776",,"418544","2327",,"De todos os riscos, de modo detalhado, ainda que venha a perder o negócio.","1","09/02/2024 14:28:44","09/02/2024 14:28:44"
"MULTCHOICE","False",,,,"804777",,"418544","2323",,"FMI.","1","09/02/2024 14:29:38","09/02/2024 14:29:38"
"MULTCHOICE","False",,,,"804778",,"418544","2345",,"A operação financeira tenha sido realizada pela própria instituição financeira ou pela sociedade de arrendamento mercantil a ela vinculada.","1","09/02/2024 14:31:30","09/02/2024 14:31:30"
"MULTCHOICE","False",,,,"804779",,"418544","2347",,"Houver processo administrativo instaurado e tais exames sejam considerados indispensáveis pela autoridade administrativa competente.","1","09/02/2024 14:32:01","09/02/2024 14:32:01"
"MULTCHOICE","False",,,,"804780",,"418544","2344",,"As Sociedade de Crédito, Financiamento e Investimento (Financeiras).","1","09/02/2024 14:33:10","09/02/2024 14:33:10"
"MULTCHOICE","False",,,,"804781",,"418544","2355",,"Encaminhar resposta conclusiva para a demanda dos reclamantes, após dar adequado tratamento às reclamações recebidas.","1","09/02/2024 14:33:47","09/02/2024 14:33:47"
"MULTCHOICE","False",,,,"804782",,"418544","2337",,"(i) CMN - Conselho Monetário Nacional; (ii) Banco Central.","1","09/02/2024 14:34:48","09/02/2024 14:34:48"
"MULTCHOICE","False",,,,"804783",,"418544","2340",,"Verificar a adequação da oferta de crédito realizada ao perfil econômico e a capacidade de pagamento do consumidor contratante.","1","09/02/2024 14:39:15","09/02/2024 14:39:15"
"MULTCHOICE","False",,,,"804784",,"418544","2352",,"Por meio das normativas do INSS.","1","09/02/2024 14:42:13","09/02/2024 14:42:13"
"MULTCHOICE","False",,,,"804785",,"418544","2346",,"For observada a vigência do contrato para fins do empréstimo ou de financiamentos.","1","09/02/2024 14:43:49","09/02/2024 14:43:49"
"MULTCHOICE","False",,,,"804786",,"418544","2326",,"Risco.","1","09/02/2024 14:44:35","09/02/2024 14:44:35"
"MULTCHOICE","False",,,,"804787",,"418443","2032",,"Integridade, equidade, respeito ao consumidor, transparência, excelência, sustentabilidade e confiança.","1","09/02/2024 14:46:13","09/02/2024 14:46:13"
"MULTCHOICE","False",,,,"804788",,"418443","2047",,"Multiplicação.","0","09/02/2024 14:53:06","09/02/2024 14:53:06"
"MULTCHOICE","False",,,,"804789",,"418645","2027",,"Efetuada total ou parcialmente, acarreta obrigatoriamente a redução proporcional dos juros e demais acréscimos.","1","09/02/2024 15:00:59","09/02/2024 15:00:59"
"MULTCHOICE","False",,,,"804790",,"418443","2056",,"A instituição financeira tenha celebrado convênio com o INSS para esse fim.","0","09/02/2024 15:09:09","09/02/2024 15:09:09"
"MULTCHOICE","False",,,,"804791",,"418645","2035",,"Leasing e Financiamento de Veículo.","0","09/02/2024 15:10:48","09/02/2024 15:10:48"
"MULTCHOICE","False",,,,"804792",,"418645","2053",,"O objetivo está em prestar esclarecimentos imediatos à referida equipe, sobre seus produtos e serviços e deve atender também às demandas dos seus clientes e usuários ao contratado.","1","09/02/2024 15:17:55","09/02/2024 15:17:55"
"MULTCHOICE","False",,,,"804793",,"418443","2064",,"É dever da ouvidoria quanto às reclamações recebidas.","1","09/02/2024 15:21:51","09/02/2024 15:21:51"
"MULTCHOICE","False",,,,"804794",,"418443","2024",,"As entradas e saídas de valores (dinheiro) efetivadas no decorrer do tempo numa dada operação.","1","09/02/2024 15:22:31","09/02/2024 15:22:31"
"MULTCHOICE","False",,,,"804795",,"418645","2056",,"A operação financeira tenha sido realizada pela própria instituição financeira ou pela sociedade de arrendamento mercantil a ela vinculada.","1","09/02/2024 15:31:18","09/02/2024 15:31:18"
"MULTCHOICE","False",,,,"804796",,"418645","2055",,"De relacionamento, médica e de aversão a risco.","0","09/02/2024 15:33:58","09/02/2024 15:33:58"
"MULTCHOICE","False",,,,"804797",,"418645","2049",,"Verificar a adequação da oferta de crédito realizada ao perfil econômico e a capacidade de pagamento do consumidor contratante.","1","09/02/2024 15:36:29","09/02/2024 15:36:29"
"MULTCHOICE","False",,,,"804798",,"418645","2067",,"É o único responsável pelo pagamento e o empregado deve solicitar o estorno dos descontos efetuados.","0","09/02/2024 15:37:12","09/02/2024 15:37:12"
"MULTCHOICE","False",,,,"804799",,"418645","2031",,"A consulta e o registro das informações pessoais do consumidor poderão ser feitas ilimitadamente.","0","09/02/2024 15:38:14","09/02/2024 15:38:14"
"MULTCHOICE","False",,,,"804800",,"418645","2036",,"Demonstrativo de pagamento de salário ou comprovante de benefício de aposentadoria/pensão, quando for o caso.","1","09/02/2024 15:38:58","09/02/2024 15:38:58"
"MULTCHOICE","False",,,,"804801",,"418645","2032",,"Integridade, equidade, respeito ao consumidor, transparência, excelência, sustentabilidade e confiança.","1","09/02/2024 15:45:39","09/02/2024 15:45:39"
"MULTCHOICE","False",,,,"804802",,"418645","2060",,"Forem detectados indícios de falhas, incorreções ou omissões pela instituição financeira junto ao BNDES.","0","09/02/2024 15:48:48","09/02/2024 15:48:48"
"MULTCHOICE","False",,,,"804803",,"418645","2026",,"De todos os riscos, de modo detalhado, ainda que venha a perder o negócio.","1","09/02/2024 15:49:21","09/02/2024 15:49:21"
"MULTCHOICE","False",,,,"804804",,"418645","2070",,"Devolver o bem à empresa de arrendamento mercantil.","1","09/02/2024 15:49:48","09/02/2024 15:49:48"
"MULTCHOICE","False",,,,"804805",,"418545","2062",,"Financiamento do consumo das pessoas físicas e do capital de giro das empresas.","1","09/02/2024 15:50:24","09/02/2024 15:50:24"
"MULTCHOICE","False",,,,"804806",,"418645","2058",,"Em local visível no recinto das dependências das instituições e de seus correspondentes.","1","09/02/2024 15:51:10","09/02/2024 15:51:10"
"MULTCHOICE","False",,,,"804807",,"418545","2022",,"Todas as modalidades de crédito e as formas de operação creditícia, com exceção de aceites.","0","09/02/2024 15:53:12","09/02/2024 15:53:12"
"MULTCHOICE","False",,,,"804808",,"418545","2043",,"Ter a opção de comprar o bem por um valor previamente estabelecido ao final do contrato.","1","09/02/2024 16:02:34","09/02/2024 16:02:34"
"MULTCHOICE","False",,,,"804809",,"418545","2058",,"Em local visível no recinto das dependências das instituições e de seus correspondentes.","1","09/02/2024 16:05:03","09/02/2024 16:05:03"
"MULTCHOICE","False",,,,"804810",,"418645","2039",,"Instituição consignatária é a instituição autorizada a conceder empréstimo ou financiamento.","1","09/02/2024 16:05:04","09/02/2024 16:05:04"
"MULTCHOICE","False",,,,"804811",,"418645","2040",,"Os titulares de benefícios de aposentadoria e pensão por morte pagos pelo INSS.","1","09/02/2024 16:07:55","09/02/2024 16:07:55"
"MULTCHOICE","False",,,,"804812",,"418545","2061",,"Mensal.","0","09/02/2024 16:09:06","09/02/2024 16:09:06"
"MULTCHOICE","False",,,,"804813",,"418645","2066",,"Sempre prefixados.","0","09/02/2024 16:11:33","09/02/2024 16:11:33"
"MULTCHOICE","False",,,,"804814",,"418645","2068",,"Por meio das Resoluções do Banco Central do Brasil.","0","09/02/2024 16:11:54","09/02/2024 16:11:54"
"MULTCHOICE","False",,,,"804815",,"418645","2044",,"De forma clara e legível, o Custo Efetivo Total (CET), o referencial de remuneração e a taxa mensal e anual de juros.","1","09/02/2024 16:12:39","09/02/2024 16:12:39"
"MULTCHOICE","False",,,,"804816",,"418545","2054",,"As Sociedade de Crédito, Financiamento e Investimento (Financeiras).","1","09/02/2024 16:20:55","09/02/2024 16:20:55"
"MULTCHOICE","False",,,,"804817",,"418545","2056",,"A operação financeira tenha sido realizada pela própria instituição financeira ou pela sociedade de arrendamento mercantil a ela vinculada.","1","09/02/2024 16:51:56","09/02/2024 16:51:56"
"MULTCHOICE","False",,,,"804818",,"418545","2040",,"Os titulares de benefícios de aposentadoria e pensão por morte pagos pelo INSS.","1","09/02/2024 16:57:06","09/02/2024 16:57:06"
"MULTCHOICE","False",,,,"804819",,"418546","2031",,"O Programa de autorregulação de crédito responsável estabelece diretrizes e procedimentos a serem observados nas etapas de oferta e contratação de crédito e tratamento dos superendividados.","1","09/02/2024 17:12:21","09/02/2024 17:12:21"
"MULTCHOICE","False",,,,"804820",,"418746","2065",,"Da padronização dos documentos a serem utilizados nos procedimentos de oferta e contratação de operações de crédito direto ao consumidor e de arrendamento mercantil financeiro.","1","09/02/2024 17:25:17","09/02/2024 17:25:17"
"MULTCHOICE","False",,,,"804821",,"418746","2068",,"Por meio das Resoluções do Banco Central do Brasil.","0","09/02/2024 18:03:23","09/02/2024 18:03:23"
"MULTCHOICE","False",,,,"804822",,"418546","2060",,"Houver processo administrativo instaurado e tais exames sejam considerados indispensáveis pela autoridade administrativa competente.","1","09/02/2024 18:12:57","09/02/2024 18:12:57"
"MULTCHOICE","False",,,,"804823",,"418546","2063",,"A cobrança será suspensa imediatamente, salvo se o fornecedor indicar o contrato e comprovar que o valor é efetivamente devido.","1","09/02/2024 18:13:31","09/02/2024 18:13:31"
"MULTCHOICE","False",,,,"804824",,"418546","2044",,"De forma clara e legível, o Custo Efetivo Total (CET), o referencial de remuneração e a taxa mensal e anual de juros.","1","09/02/2024 18:18:29","09/02/2024 18:18:29"
"MULTCHOICE","False",,,,"804825",,"418746","2054",,"As Sociedade de Crédito, Financiamento e Investimento (Financeiras).","1","09/02/2024 18:20:52","09/02/2024 18:20:52"
"MULTCHOICE","False",,,,"804826",,"418746","2058",,"Em local visível no recinto das dependências das instituições e de seus correspondentes.","1","09/02/2024 18:21:46","09/02/2024 18:21:46"
"MULTCHOICE","False",,,,"804827",,"418746","2043",,"Ter a opção de comprar o bem por um valor previamente estabelecido ao final do contrato.","1","09/02/2024 18:22:23","09/02/2024 18:22:23"
"MULTCHOICE","False",,,,"804828",,"418746","2053",,"O objetivo está em prestar esclarecimentos imediatos à referida equipe, sobre seus produtos e serviços e deve atender também às demandas dos seus clientes e usuários ao contratado.","1","09/02/2024 18:23:18","09/02/2024 18:23:18"
"MULTCHOICE","False",,,,"804829",,"418746","2055",,"De relacionamento, de sensibilidade e do negócio.","1","09/02/2024 18:31:45","09/02/2024 18:31:45"
"MULTCHOICE","False",,,,"804830",,"418746","2021",,"Correção Monetária.","0","09/02/2024 18:33:16","09/02/2024 18:33:16"
"MULTCHOICE","False",,,,"804831",,"418746","2039",,"Instituição consignatária é a instituição autorizada a conceder empréstimo ou financiamento.","1","09/02/2024 18:34:05","09/02/2024 18:34:05"
"MULTCHOICE","False",,,,"804832",,"418746","2025",,"Risco.","1","09/02/2024 18:42:43","09/02/2024 18:42:43"
"MULTCHOICE","False",,,,"804833",,"418746","2034",,"É obrigatório ser cliente da instituição e possuir cadastro aprovado previamente.","0","09/02/2024 18:47:08","09/02/2024 18:47:08"
"MULTCHOICE","False",,,,"804869",,"418443","2053",,"O objetivo está em prestar esclarecimentos imediatos à referida equipe, sobre seus produtos e serviços e deve atender também às demandas dos seus clientes e usuários ao contratado.","1","09/02/2024 13:37:11","09/02/2024 13:37:36"
"MULTCHOICE","False",,,,"804870",,"418443","2057",,"Nunca um temporário terá direito ao crédito consignado.","0","09/02/2024 13:39:09","09/02/2024 13:39:09"
"MULTCHOICE","False",,,,"804871",,"418443","2063",,"A cobrança será suspensa imediatamente, salvo se o fornecedor indicar o contrato e comprovar que o valor é efetivamente devido.","1","09/02/2024 13:43:15","09/02/2024 13:43:15"
"MULTCHOICE","False",,,,"804872",,"418443","2046",,"A fabricação de papel moeda.","1","09/02/2024 13:44:53","09/02/2024 13:44:53"
"MULTCHOICE","False",,,,"804873",,"418443","2037",,"Cadastral.","1","09/02/2024 13:45:11","09/02/2024 13:45:11"
"MULTCHOICE","False",,,,"804874",,"418443","2030",,"O primeiro requisito do atendimento é o conhecimento, pois possibilita segurança ao tratar com o cliente.","1","09/02/2024 13:46:41","09/02/2024 13:46:41"
"MULTCHOICE","False",,,,"804875",,"418443","2039",,"Instituição consignatária é a instituição autorizada a conceder empréstimo ou financiamento.","1","09/02/2024 13:53:40","09/02/2024 13:53:58"
"MULTCHOICE","False",,,,"804876",,"418443","2031",,"O Programa de autorregulação de crédito responsável estabelece diretrizes e procedimentos a serem observados nas etapas de oferta e contratação de crédito e tratamento dos superendividados.","1","09/02/2024 13:58:17","09/02/2024 13:58:23"
"MULTCHOICE","False",,,,"804877",,"418443","2048",,"Menor será o seu valor presente.","1","09/02/2024 14:15:54","09/02/2024 14:15:54"
"MULTCHOICE","False",,,,"804878",,"418544","2332",,"É obrigatório ser cliente da instituição e possuir cadastro aprovado previamente.","0","09/02/2024 14:19:44","09/02/2024 14:19:44"
"MULTCHOICE","False",,,,"804879",,"418544","2329",,"O fornecedor deverá informar em 5 dias úteis a todos os bancos de dados para a retirada da negativação em nome do consumidor.","1","09/02/2024 14:22:12","09/02/2024 14:22:12"
"MULTCHOICE","False",,,,"804880",,"418544","2334",,"Instituição consignatária é a instituição autorizada a conceder empréstimo ou financiamento.","1","09/02/2024 14:29:22","09/02/2024 14:29:22"
"MULTCHOICE","False",,,,"804881",,"418443","2050",,"Cinco dias úteis.","1","09/02/2024 14:29:49","09/02/2024 14:29:49"
"MULTCHOICE","False",,,,"804882",,"418544","2354",,"De relacionamento, de sensibilidade e do negócio.","1","09/02/2024 14:37:03","09/02/2024 14:37:03"
"MULTCHOICE","False",,,,"804883",,"418544","2331",,"Usar crachá de identificação visível ao cliente, ser ético e apresentar os planos oferecidos por todas as instituições para o cliente ter a opção de escolha.","1","09/02/2024 14:37:30","09/02/2024 14:37:30"
"MULTCHOICE","False",,,,"804884",,"418544","2353",,"Financiamento do consumo das pessoas físicas e do capital de giro das empresas.","1","09/02/2024 14:40:16","09/02/2024 14:40:16"
"MULTCHOICE","False",,,,"804885",,"418544","2324",,"Tarifa.","1","09/02/2024 14:40:35","09/02/2024 14:40:35"
"MULTCHOICE","False",,,,"804886",,"418544","2328",,"Efetuada total ou parcialmente, acarreta obrigatoriamente a redução proporcional dos juros e demais acréscimos.","1","09/02/2024 14:43:05","09/02/2024 14:43:05"
"MULTCHOICE","False",,,,"804887",,"418443","2052",,"Comunicar informação falsa ou enganosa para agilizar o processo de análise de crédito do cliente.","0","09/02/2024 14:45:08","09/02/2024 14:45:08"
"MULTCHOICE","False",,,,"804888",,"418443","2061",,"Semestral.","1","09/02/2024 14:52:07","09/02/2024 14:52:07"
"MULTCHOICE","False",,,,"804889",,"418443","2025",,"Risco.","1","09/02/2024 14:52:35","09/02/2024 14:52:35"
"MULTCHOICE","False",,,,"804890",,"418443","2041",,"Financeiro e operacional.","1","09/02/2024 15:09:43","09/02/2024 15:09:45"
"MULTCHOICE","False",,,,"804891",,"418443","2036",,"Demonstrativo de pagamento de salário ou comprovante de benefício de aposentadoria/pensão, quando for o caso.","1","09/02/2024 15:10:00","09/02/2024 15:10:00"
"MULTCHOICE","False",,,,"804892",,"418443","2038",,"Do valor total financiado e a taxa mensal e anual de juros.","1","09/02/2024 15:23:45","09/02/2024 15:23:45"
"MULTCHOICE","False",,,,"804893",,"418645","2023",,"Investimento e financiamento.","1","09/02/2024 15:40:02","09/02/2024 15:40:02"
"MULTCHOICE","False",,,,"804894",,"418545","2068",,"Por meio das Resoluções do Banco Central do Brasil.","0","09/02/2024 15:43:55","09/02/2024 15:43:55"
"MULTCHOICE","False",,,,"804895",,"418645","2025",,"Risco.","1","09/02/2024 15:53:58","09/02/2024 15:53:58"
"MULTCHOICE","False",,,,"804896",,"418545","2042",,"Solicitar que a empresa de arrendamento mercantil assuma todas as despesas com o seguro do bem.","1","09/02/2024 15:59:35","09/02/2024 15:59:35"
"MULTCHOICE","False",,,,"804897",,"418545","2023",,"Investimento e financiamento.","1","09/02/2024 16:07:24","09/02/2024 16:07:24"
"MULTCHOICE","False",,,,"804898",,"418545","2033",,"Usar crachá visível e informar ao cliente que só presta serviço a uma instituição financeira.","0","09/02/2024 16:08:14","09/02/2024 16:08:14"
"MULTCHOICE","False",,,,"804899",,"418545","2057",,"Nunca um temporário terá direito ao crédito consignado.","0","09/02/2024 16:09:54","09/02/2024 16:09:54"
"MULTCHOICE","False",,,,"804900",,"418545","2031",,"A consulta e o registro das informações pessoais do consumidor poderão ser feitas ilimitadamente.","0","09/02/2024 16:24:18","09/02/2024 16:24:18"
"MULTCHOICE","False",,,,"804901",,"418546","2057",,"For observada a vigência do contrato para fins do empréstimo ou de financiamentos.","1","09/02/2024 17:07:11","09/02/2024 17:07:11"
"MULTCHOICE","False",,,,"804902",,"418746","2066",,"Normalmente prefixados, contudo, se previsto em contrato, podem ser pós-fixados.","1","09/02/2024 17:07:19","09/02/2024 17:07:19"
"MULTCHOICE","False",,,,"804903",,"418546","2065",,"Da padronização dos documentos a serem utilizados nos procedimentos de oferta e contratação de operações de crédito direto ao consumidor e de arrendamento mercantil financeiro.","1","09/02/2024 17:11:22","09/02/2024 17:11:22"
"MULTCHOICE","False",,,,"804904",,"418546","2036",,"Demonstrativo de pagamento de salário ou comprovante de benefício de aposentadoria/pensão, quando for o caso.","1","09/02/2024 17:11:41","09/02/2024 17:11:41"
"MULTCHOICE","False",,,,"804905",,"418546","2043",,"Ter a opção de comprar o bem por um valor previamente estabelecido ao final do contrato.","1","09/02/2024 17:15:30","09/02/2024 17:15:30"
"MULTCHOICE","False",,,,"804906",,"418546","2045",,"da realização de operações de crédito mediante penhor civil de bens e a gestão dos recursos do FGTS. ","1","09/02/2024 17:16:27","09/02/2024 17:16:27"
"MULTCHOICE","False",,,,"804907",,"418546","2050",,"Cinco dias úteis.","1","09/02/2024 17:24:18","09/02/2024 17:24:18"
"MULTCHOICE","False",,,,"804908",,"418546","2033",,"Usar crachá de identificação visível ao cliente, ser ético e apresentar os planos oferecidos por todas as instituições para o cliente ter a opção de escolha.","1","09/02/2024 17:30:15","09/02/2024 17:30:15"
"MULTCHOICE","False",,,,"804909",,"418546","2069",,"Aquisição.","1","09/02/2024 17:45:11","09/02/2024 17:45:11"
"MULTCHOICE","False",,,,"804910",,"418546","2054",,"As Sociedade de Crédito, Financiamento e Investimento (Financeiras).","1","09/02/2024 17:45:55","09/02/2024 17:45:55"
"MULTCHOICE","False",,,,"804911",,"418546","2040",,"Os titulares de benefícios de aposentadoria e pensão por morte pagos pelo INSS.","1","09/02/2024 17:48:24","09/02/2024 17:48:24"
"MULTCHOICE","False",,,,"804912",,"418546","2026",,"De todos os riscos, de modo detalhado, ainda que venha a perder o negócio.","1","09/02/2024 17:48:54","09/02/2024 17:48:54"
"MULTCHOICE","False",,,,"804913",,"418546","2070",,"Desfrutar do bem gratuitamente até o fim de sua vida útil.","0","09/02/2024 17:49:19","09/02/2024 17:49:19"
"MULTCHOICE","False",,,,"804914",,"418746","2060",,"Houver processo administrativo instaurado e tais exames sejam considerados indispensáveis pela autoridade administrativa competente.","1","09/02/2024 17:53:06","09/02/2024 17:53:06"
"MULTCHOICE","False",,,,"804915",,"418546","2041",,"Financeiro e operacional.","1","09/02/2024 17:55:31","09/02/2024 17:55:31"
"MULTCHOICE","False",,,,"804916",,"418746","2052",,"Distinguir fatos de opiniões, pessoais ou de mercado, com relação aos produtos e serviços oferecidos aos clientes.","1","09/02/2024 17:58:46","09/02/2024 17:58:46"
"MULTCHOICE","False",,,,"804917",,"418546","2051",,"Encaminhar resposta conclusiva para a demanda dos reclamantes, após dar adequado tratamento às reclamações recebidas.","1","09/02/2024 17:58:58","09/02/2024 17:58:58"
"MULTCHOICE","False",,,,"804918",,"418546","2021",,"Tarifa.","1","09/02/2024 18:00:09","09/02/2024 18:00:09"
"MULTCHOICE","False",,,,"804919",,"418546","2020",,"FMI.","1","09/02/2024 18:00:20","09/02/2024 18:00:20"
"MULTCHOICE","False",,,,"804920",,"418546","2068",,"Por meio das normativas do INSS.","1","09/02/2024 18:16:14","09/02/2024 18:16:14"
"MULTCHOICE","False",,,,"804921",,"418546","2042",,"Solicitar que a empresa de arrendamento mercantil assuma todas as despesas com o seguro do bem.","1","09/02/2024 18:16:46","09/02/2024 18:16:46"
"MULTCHOICE","False",,,,"804922",,"418546","2032",,"Integridade, equidade, respeito ao consumidor, transparência, excelência, sustentabilidade e confiança.","1","09/02/2024 18:17:05","09/02/2024 18:17:05"
"MULTCHOICE","False",,,,"804923",,"418546","2025",,"Risco.","1","09/02/2024 18:17:29","09/02/2024 18:17:29"
"MULTCHOICE","False",,,,"804924",,"418546","2039",,"Instituição consignatária é a instituição autorizada a conceder empréstimo ou financiamento.","1","09/02/2024 18:21:10","09/02/2024 18:21:10"
"MULTCHOICE","False",,,,"804925",,"418546","2066",,"Sempre prefixados.","0","09/02/2024 18:24:11","09/02/2024 18:24:11"
"MULTCHOICE","False",,,,"804926",,"418546","2034",,"É obrigatório ser cliente da instituição e possuir cadastro aprovado previamente.","0","09/02/2024 18:24:31","09/02/2024 18:24:31"
"MULTCHOICE","False",,,,"804927",,"418746","2046",,"Zelar pela liquidez e solvência das instituições financeiras.","0","09/02/2024 18:24:52","09/02/2024 18:25:53"
"MULTCHOICE","False",,,,"804928",,"418546","2046",,"A fabricação de papel moeda.","1","09/02/2024 18:25:42","09/02/2024 18:25:42"
"MULTCHOICE","False",,,,"804929",,"418746","2042",,"Solicitar que a empresa de arrendamento mercantil assuma todas as despesas com o seguro do bem.","1","09/02/2024 18:26:48","09/02/2024 18:26:48"
"MULTCHOICE","False",,,,"804930",,"418546","2064",,"É dever da ouvidoria guardar por mais de 10 anos o histórico das reclamações recebidas.","0","09/02/2024 18:27:52","09/02/2024 18:27:52"
"MULTCHOICE","False",,,,"804931",,"418546","2053",,"O objetivo está em prestar esclarecimentos imediatos à referida equipe, sobre seus produtos e serviços e deve atender também às demandas dos seus clientes e usuários ao contratado.","1","09/02/2024 18:28:34","09/02/2024 18:28:34"
"MULTCHOICE","False",,,,"804932",,"418546","2055",,"De relacionamento, médica e de aversão a risco.","0","09/02/2024 18:29:52","09/02/2024 18:29:52"
"MULTCHOICE","False",,,,"804933",,"418746","2038",,"Do valor total financiado e a taxa mensal e anual de juros.","1","09/02/2024 18:34:51","09/02/2024 18:34:51"
"MULTCHOICE","False",,,,"804934",,"418746","2040",,"Os titulares de benefícios de aposentadoria e pensão por morte pagos pelo INSS.","1","09/02/2024 18:36:06","09/02/2024 18:36:06"
"MULTCHOICE","False",,,,"804935",,"418746","2037",,"Cadastral.","1","09/02/2024 18:48:22","09/02/2024 18:48:22"
"MULTCHOICE","False",,,,"804936",,"418746","2048",,"Menor será o seu valor presente.","1","09/02/2024 18:49:05","09/02/2024 18:49:05"
"MULTCHOICE","False",,,,"804937",,"418746","2032",,"Integridade, equidade, respeito ao consumidor, transparência, excelência, sustentabilidade e confiança.","1","09/02/2024 18:49:34","09/02/2024 18:49:34"
"MULTCHOICE","False",,,,"804938",,"418746","2063",,"A cobrança será suspensa imediatamente, salvo se o fornecedor indicar o contrato e comprovar que o valor é efetivamente devido.","1","09/02/2024 18:50:21","09/02/2024 18:50:21"
"MULTCHOICE","False",,,,"804939",,"418746","2022",,"Todas as modalidades de crédito e todas as formas de operações creditícias.","1","09/02/2024 18:51:20","09/02/2024 18:51:20"
"MULTCHOICE","False",,,,"804970",,"418443","2028",,"O fornecedor deverá informar em 5 dias úteis a todos os bancos de dados para a retirada da negativação em nome do consumidor.","1","09/02/2024 13:55:15","09/02/2024 13:55:15"
"MULTCHOICE","False",,,,"804971",,"418443","2021",,"Tarifa.","1","09/02/2024 13:55:41","09/02/2024 13:55:41"
"MULTCHOICE","False",,,,"804972",,"418544","2349",,"Da padronização dos documentos a serem utilizados nos procedimentos de oferta e contratação de operações de crédito direto ao consumidor e de arrendamento mercantil financeiro.","1","09/02/2024 14:20:52","09/02/2024 14:20:52"
"MULTCHOICE","False",,,,"804973",,"418544","2336",,"De forma clara e legível, o Custo Efetivo Total (CET), o referencial de remuneração e a taxa mensal e anual de juros.","1","09/02/2024 14:25:52","09/02/2024 14:25:52"
"MULTCHOICE","False",,,,"804974",,"418443","2022",,"Todas as modalidades de crédito e todas as formas de operações creditícias.","1","09/02/2024 14:26:28","09/02/2024 14:26:28"
"MULTCHOICE","False",,,,"804975",,"418443","2070",,"Devolver o bem à empresa de arrendamento mercantil.","1","09/02/2024 14:31:37","09/02/2024 14:31:37"
"MULTCHOICE","False",,,,"804976",,"418443","2026",,"De todos os riscos, de modo detalhado, ainda que venha a perder o negócio.","1","09/02/2024 14:33:05","09/02/2024 14:33:05"
"MULTCHOICE","False",,,,"804977",,"418443","2067",,"Responde como devedor principal e solidário da obrigação e o nome do empregado não pode ser inscrito em cadastro de inadimplente.","1","09/02/2024 14:38:01","09/02/2024 14:38:01"
"MULTCHOICE","False",,,,"804978",,"418443","2043",,"Ter a opção de comprar o bem por um valor previamente estabelecido ao final do contrato.","1","09/02/2024 14:39:07","09/02/2024 14:39:07"
"MULTCHOICE","False",,,,"804979",,"418645","2038",,"Do valor total financiado e a taxa mensal e anual de juros.","1","09/02/2024 15:08:57","09/02/2024 15:08:57"
"MULTCHOICE","False",,,,"804980",,"418645","2043",,"Ter a opção de comprar o bem por um valor previamente estabelecido ao final do contrato.","1","09/02/2024 15:09:27","09/02/2024 15:09:27"
"MULTCHOICE","False",,,,"804981",,"418645","2030",,"O primeiro requisito do atendimento é o conhecimento, pois possibilita segurança ao tratar com o cliente.","1","09/02/2024 15:10:07","09/02/2024 15:10:07"
"MULTCHOICE","False",,,,"804982",,"418645","2034",,"Não é necessário ser cliente da instituição, mas ter cadastro aprovado.","1","09/02/2024 15:20:39","09/02/2024 15:20:39"
"MULTCHOICE","False",,,,"804983",,"418645","2069",,"Mercado.","0","09/02/2024 15:21:02","09/02/2024 15:21:02"
"MULTCHOICE","False",,,,"804984",,"418443","2059",,"A inclusão de cláusula estipulando que o contratante será previamente informado da elevação respectiva, por meio do veículo de comunicação previsto contratualmente.","1","09/02/2024 15:27:40","09/02/2024 15:27:40"
"MULTCHOICE","False",,,,"804985",,"418645","2054",,"As Sociedade de Crédito, Financiamento e Investimento (Financeiras).","1","09/02/2024 15:39:45","09/02/2024 15:39:45"
"MULTCHOICE","False",,,,"804986",,"418645","2062",,"Financiamento do consumo das pessoas físicas e do capital de giro das empresas.","1","09/02/2024 15:40:55","09/02/2024 15:40:55"
"MULTCHOICE","False",,,,"804987",,"418545","2046",,"Zelar pela liquidez e solvência das instituições financeiras.","0","09/02/2024 15:44:40","09/02/2024 15:44:40"
"MULTCHOICE","False",,,,"804988",,"418545","2051",,"Encaminhar as reclamações recebidas às respectivas agências de atendimento habitual competente, após prestar esclarecimentos.","0","09/02/2024 15:48:38","09/02/2024 15:48:38"
"MULTCHOICE","False",,,,"804989",,"418645","2029",,"O nome do gerente de atendimento e telefone da ouvidoria.","0","09/02/2024 15:52:52","09/02/2024 15:52:52"
"MULTCHOICE","False",,,,"804990",,"418545","2063",,"O consumidor será informado sobre a resolução de sua demanda no prazo máximo de setenta e duas horas por correspondência ou por meio eletrônico, a seu critério.","0","09/02/2024 15:54:00","09/02/2024 15:54:00"
"MULTCHOICE","False",,,,"804991",,"418545","2039",,"Instituição consignatária é a instituição autorizada a conceder empréstimo ou financiamento.","1","09/02/2024 15:56:47","09/02/2024 15:56:47"
"MULTCHOICE","False",,,,"804992",,"418645","2046",,"A fabricação de papel moeda.","1","09/02/2024 15:57:13","09/02/2024 15:57:13"
"MULTCHOICE","False",,,,"804993",,"418645","2061",,"Semestral.","1","09/02/2024 16:00:11","09/02/2024 16:00:11"
"MULTCHOICE","False",,,,"804994",,"418645","2024",,"As entradas e saídas de valores (dinheiro) efetivadas no decorrer do tempo numa dada operação.","1","09/02/2024 16:00:35","09/02/2024 16:00:35"
"MULTCHOICE","False",,,,"804995",,"418645","2047",,"Somatário.","0","09/02/2024 16:01:51","09/02/2024 16:01:51"
"MULTCHOICE","False",,,,"804996",,"418545","2069",,"Mercado.","0","09/02/2024 16:03:10","09/02/2024 16:03:10"
"MULTCHOICE","False",,,,"804997",,"418545","2021",,"Tarifa.","1","09/02/2024 16:10:25","09/02/2024 16:10:25"
"MULTCHOICE","False",,,,"804998",,"418645","2033",,"Usar crachá de identificação visível ao cliente, ser ético e apresentar os planos oferecidos por todas as instituições para o cliente ter a opção de escolha.","1","09/02/2024 16:13:13","09/02/2024 16:13:13"
"MULTCHOICE","False",,,,"804999",,"418545","2038",,"Da cópia do convênio entre a instituição e o INSS.","0","09/02/2024 16:26:32","09/02/2024 16:26:32"
"MULTCHOICE","False",,,,"805000",,"418545","2032",,"Integridade, equidade, respeito ao consumidor, transparência, excelência, sustentabilidade e confiança.","1","09/02/2024 16:27:08","09/02/2024 16:27:08"
"MULTCHOICE","False",,,,"805001",,"418545","2059",,"A inclusão de cláusula estipulando que o contratante será previamente informado da elevação respectiva, por meio do veículo de comunicação previsto contratualmente.","1","09/02/2024 16:38:27","09/02/2024 16:38:27"
"MULTCHOICE","False",,,,"805002",,"418545","2052",,"Comunicar informação falsa ou enganosa para agilizar o processo de análise de crédito do cliente.","0","09/02/2024 16:39:28","09/02/2024 16:39:28"
"MULTCHOICE","False",,,,"805003",,"418545","2044",,"A taxa mensal de juros, o Custo Efetivo Total (CET) e apresentar uma simulação para quitação do contrato em 12 meses.","0","09/02/2024 16:44:17","09/02/2024 16:44:17"
"MULTCHOICE","False",,,,"805004",,"418545","2035",,"Rotativas (exemplo   :   cheque especial) e pontuais (parcelas e prazo fixo).","1","09/02/2024 16:45:36","09/02/2024 16:45:36"
"MULTCHOICE","False",,,,"805005",,"418545","2025",,"Risco.","1","09/02/2024 16:46:06","09/02/2024 16:46:06"
"MULTCHOICE","False",,,,"805006",,"418545","2047",,"Capitalização.","1","09/02/2024 16:46:35","09/02/2024 16:46:35"
"MULTCHOICE","False",,,,"805007",,"418545","2030",,"O primeiro requisito do atendimento é o conhecimento, pois possibilita segurança ao tratar com o cliente.","1","09/02/2024 16:47:04","09/02/2024 16:47:04"
"MULTCHOICE","False",,,,"805008",,"418545","2049",,"Verificar, sob avaliação da instituição financeira autorizada, eventual insolvência do contratante para privá-lo de crédito.","0","09/02/2024 16:52:37","09/02/2024 16:52:37"
"MULTCHOICE","False",,,,"805009",,"418545","2060",,"Houver processo administrativo instaurado e tais exames sejam considerados indispensáveis pela autoridade administrativa competente.","1","09/02/2024 16:54:43","09/02/2024 16:54:43"
"MULTCHOICE","False",,,,"805010",,"418746","2020",,"FMI.","1","09/02/2024 17:07:49","09/02/2024 17:07:49"
"MULTCHOICE","False",,,,"805011",,"418746","2070",,"Devolver o bem à empresa de arrendamento mercantil.","1","09/02/2024 17:34:33","09/02/2024 17:34:33"
"MULTCHOICE","False",,,,"805012",,"418746","2026",,"De todos os riscos, de modo detalhado, ainda que venha a perder o negócio.","1","09/02/2024 17:35:32","09/02/2024 17:35:32"
"MULTCHOICE","False",,,,"805013",,"418546","2038",,"Da autorização do INSS para a contratação do crédito.","0","09/02/2024 17:35:34","09/02/2024 17:35:34"
"MULTCHOICE","False",,,,"805014",,"418546","2061",,"Mensal.","0","09/02/2024 17:35:59","09/02/2024 17:35:59"
"MULTCHOICE","False",,,,"805015",,"418546","2048",,"Menor será o seu valor presente.","1","09/02/2024 17:37:40","09/02/2024 17:37:40"
"MULTCHOICE","False",,,,"805016",,"418746","2028",,"O fornecedor deverá informar em 5 dias úteis a todos os bancos de dados para a retirada da negativação em nome do consumidor.","1","09/02/2024 17:37:59","09/02/2024 17:37:59"
"MULTCHOICE","False",,,,"805017",,"418546","2062",,"Financiamento do consumo das pessoas físicas e do capital de giro das empresas.","1","09/02/2024 17:38:49","09/02/2024 17:38:49"
"MULTCHOICE","False",,,,"805018",,"418746","2062",,"Financiamento do consumo das pessoas físicas e do capital de giro das empresas.","1","09/02/2024 17:46:56","09/02/2024 17:46:56"
"MULTCHOICE","False",,,,"805019",,"418546","2067",,"Responde como devedor principal e solidário da obrigação e o nome do empregado não pode ser inscrito em cadastro de inadimplente.","1","09/02/2024 17:47:46","09/02/2024 17:47:46"
"MULTCHOICE","False",,,,"805020",,"418746","2057",,"Se houver um avalista para a operação.","0","09/02/2024 17:48:08","09/02/2024 17:48:08"
"MULTCHOICE","False",,,,"805021",,"418746","2051",,"Encaminhar as reclamações recebidas às respectivas agências de atendimento habitual competente, após prestar esclarecimentos.","0","09/02/2024 17:57:20","09/02/2024 17:57:20"
"MULTCHOICE","False",,,,"805022",,"418746","2056",,"A instituição financeira tenha celebrado convênio com o INSS para esse fim.","0","09/02/2024 18:08:59","09/02/2024 18:08:59"
"MULTCHOICE","False",,,,"805023",,"418746","2047",,"Capitalização.","1","09/02/2024 18:12:37","09/02/2024 18:12:37"
"MULTCHOICE","False",,,,"805024",,"418746","2061",,"Trimestral.","0","09/02/2024 18:13:29","09/02/2024 18:13:29"
"MULTCHOICE","False",,,,"805025",,"418746","2069",,"Aquisição.","1","09/02/2024 18:14:19","09/02/2024 18:14:19"
"MULTCHOICE","False",,,,"805026",,"418746","2027",,"Efetuada total ou parcialmente, acarreta obrigatoriamente a redução proporcional dos juros e demais acréscimos.","1","09/02/2024 18:15:03","09/02/2024 18:15:03"
"MULTCHOICE","False",,,,"805027",,"418746","2036",,"Demonstrativo de pagamento de salário ou comprovante de benefício de aposentadoria/pensão, quando for o caso.","1","09/02/2024 18:18:22","09/02/2024 18:18:22"
"MULTCHOICE","False",,,,"805028",,"418746","2044",,"De forma clara e legível, o Custo Efetivo Total (CET), o referencial de remuneração e a taxa mensal e anual de juros.","1","09/02/2024 18:31:09","09/02/2024 18:31:09"
"MULTCHOICE","False",,,,"805029",,"418746","2067",,"Não pode ser cobrado nem ter seu nome inscrito como inadimplente por empréstimo feito por seu empregado.","0","09/02/2024 18:41:53","09/02/2024 18:41:53"
"MULTCHOICE","False",,,,"805030",,"418746","2041",,"Financeiro e operacional.","1","09/02/2024 18:42:07","09/02/2024 18:42:07"
"MULTCHOICE","False",,,,"805031",,"418746","2064",,"É dever da área administrativa manter as reclamações arquivadas.","0","09/02/2024 18:48:00","09/02/2024 18:48:00"
"MULTCHOICE","False",,,,"805071",,"418847","2033",,"Usar crachá de identificação visível ao cliente, ser ético e apresentar os planos oferecidos por todas as instituições para o cliente ter a opção de escolha.","1","10/02/2024 08:55:31","10/02/2024 08:56:11"
"MULTCHOICE","False",,,,"805072",,"418847","2061",,"Mensal.","0","10/02/2024 08:56:36","10/02/2024 08:56:36"
"MULTCHOICE","False",,,,"805073",,"418847","2038",,"Do valor total financiado e a taxa mensal e anual de juros.","1","10/02/2024 08:57:18","10/02/2024 08:57:18"
"MULTCHOICE","False",,,,"805074",,"418847","2036",,"Demonstrativo de pagamento de salário ou comprovante de benefício de aposentadoria/pensão, quando for o caso.","1","10/02/2024 08:57:54","10/02/2024 08:57:54"
"MULTCHOICE","False",,,,"805075",,"418847","2040",,"Os titulares de benefícios de aposentadoria e pensão por morte pagos pelo INSS.","1","10/02/2024 08:59:19","10/02/2024 08:59:19"
"MULTCHOICE","False",,,,"805076",,"418847","2037",,"Cadastral.","1","10/02/2024 08:59:54","10/02/2024 08:59:54"
"MULTCHOICE","False",,,,"805077",,"418847","2063",,"A cobrança será suspensa imediatamente, salvo se o fornecedor indicar o contrato e comprovar que o valor é efetivamente devido.","1","10/02/2024 09:00:53","10/02/2024 09:00:53"
"MULTCHOICE","False",,,,"805078",,"418847","2035",,"Rotativas (exemplo   :   cheque especial) e pontuais (parcelas e prazo fixo).","1","10/02/2024 09:01:29","10/02/2024 09:01:29"
"MULTCHOICE","False",,,,"805079",,"418847","2044",,"De forma clara e legível, o limite de crédito disponível e a taxa mensal de juros.","0","10/02/2024 09:02:25","10/02/2024 09:02:25"
"MULTCHOICE","False",,,,"805080",,"418847","2053",,"O objetivo está em prestar esclarecimentos imediatos à referida equipe, sobre seus produtos e serviços e deve atender também às demandas dos seus clientes e usuários ao contratado.","1","10/02/2024 09:04:15","10/02/2024 09:04:15"
"MULTCHOICE","False",,,,"805081",,"418847","2031",,"O Programa de autorregulação de crédito responsável estabelece diretrizes e procedimentos a serem observados nas etapas de oferta e contratação de crédito e tratamento dos superendividados.","1","10/02/2024 09:06:38","10/02/2024 09:06:38"
"MULTCHOICE","False",,,,"805082",,"418847","2027",,"Efetuada parcialmente, não acarreta a redução proporcional dos juros","0","10/02/2024 09:35:54","10/02/2024 09:35:57"
"MULTCHOICE","False",,,,"805083",,"418847","2069",,"Mercado.","0","10/02/2024 09:41:07","10/02/2024 09:41:07"
"MULTCHOICE","False",,,,"805084",,"418847","2045",,"do financiamento do setor habitacional. ","0","10/02/2024 09:41:34","10/02/2024 09:41:34"
"MULTCHOICE","False",,,,"805085",,"418847","2043",,"Ter a opção de comprar o bem por um valor previamente estabelecido ao final do contrato.","1","10/02/2024 09:42:07","10/02/2024 09:42:07"
"MULTCHOICE","False",,,,"805086",,"418847","2046",,"Zelar pela liquidez e solvência das instituições financeiras.","0","10/02/2024 09:42:44","10/02/2024 09:42:44"
"MULTCHOICE","False",,,,"805087",,"418847","2050",,"Dez dias úteis.","0","10/02/2024 09:43:27","10/02/2024 09:43:32"
"MULTCHOICE","False",,,,"805088",,"418847","2058",,"Em local visível no recinto das dependências das instituições e de seus correspondentes.","1","10/02/2024 09:44:47","10/02/2024 09:44:47"
"MULTCHOICE","False",,,,"805089",,"418847","2051",,"Encaminhar resposta conclusiva para a demanda dos reclamantes, após dar adequado tratamento às reclamações recebidas.","1","10/02/2024 09:45:34","10/02/2024 09:45:34"
"MULTCHOICE","False",,,,"805090",,"418847","2067",,"Não pode ser cobrado nem ter seu nome inscrito como inadimplente por empréstimo feito por seu empregado.","0","10/02/2024 09:46:41","10/02/2024 09:47:51"
"MULTCHOICE","False",,,,"805091",,"418847","2052",,"Distinguir fatos de opiniões, pessoais ou de mercado, com relação aos produtos e serviços oferecidos aos clientes.","1","10/02/2024 09:48:29","10/02/2024 09:48:31"
"MULTCHOICE","False",,,,"805092",,"418847","2068",,"Por meio das normativas do INSS.","1","10/02/2024 09:49:03","10/02/2024 09:49:03"
"MULTCHOICE","False",,,,"805093",,"418847","2021",,"Tarifa.","1","10/02/2024 09:49:37","10/02/2024 09:49:37"
"MULTCHOICE","False",,,,"805094",,"418847","2034",,"Não é necessário ser cliente da instituição, mas ter cadastro aprovado.","1","10/02/2024 09:49:42","10/02/2024 09:49:42"
"MULTCHOICE","False",,,,"805095",,"418847","2028",,"O fornecedor não possui a obrigação de informar aos bancos de dados sobre a retirada da negativação em nome do consumidor.","0","10/02/2024 09:49:45","10/02/2024 09:49:45"
"MULTCHOICE","False",,,,"805096",,"418848","14648",,"É fundamental que haja a proteção do denunciante de boa-fé, que deve ser a todo o custo blindado de retaliações ou represálias.","1","10/02/2024 11:15:07","10/02/2024 11:15:07"
"MULTCHOICE","False",,,,"805097",,"418848","14949",,"Todas as alternativas estão corretas.","1","10/02/2024 11:15:42","10/02/2024 11:15:42"
"MULTCHOICE","False",,,,"805098",,"418848","14749",,"A implantação de programas de compliance gerou um efeito cascata na cadeia de valor das corporações, pois as grandes empresas passaram a exigir que seus terceiros se comprometessem quanto a padrões mínimos de integridade corporativa.","1","10/02/2024 11:16:10","10/02/2024 11:16:10"
"MULTCHOICE","False",,,,"805099",,"418848","14746",,"São pilares do programa de compliance: a conformidade com as normas legais e empresariais e a supervisão dos funcionários.","1","10/02/2024 11:17:09","10/02/2024 11:17:09"
"MULTCHOICE","False",,,,"805100",,"418848","14952",,"O conhecimento de ação comissiva ou omissiva de conotação imprópria.","1","10/02/2024 11:18:15","10/02/2024 11:18:15"
"MULTCHOICE","False",,,,"805101",,"418849","2428",,"De todos os riscos, de modo detalhado, ainda que venha a perder o negócio.","1","10/02/2024 12:15:02","10/02/2024 12:15:02"
"MULTCHOICE","False",,,,"805102",,"418849","2424",,"BNDES.","0","10/02/2024 12:15:34","10/02/2024 12:15:34"
"MULTCHOICE","False",,,,"805103",,"418849","2451",,"O consumidor será informado sobre a resolução de sua demanda no prazo máximo de setenta e duas horas por correspondência ou por meio eletrônico, a seu critério.","0","10/02/2024 12:16:48","10/02/2024 12:16:48"
"MULTCHOICE","False",,,,"805104",,"418849","2441",,"Capitalização.","1","10/02/2024 12:52:45","10/02/2024 12:52:45"
"MULTCHOICE","False",,,,"805105",,"418849","2453",,"Sempre prefixados.","0","10/02/2024 12:55:12","10/02/2024 12:55:12"
"MULTCHOICE","False",,,,"805106",,"418849","2444",,"Cinco dias úteis.","1","10/02/2024 12:57:27","10/02/2024 12:57:27"
"MULTCHOICE","False",,,,"805107",,"418849","2442",,"Menor será o seu valor presente.","1","10/02/2024 12:57:57","10/02/2024 12:58:00"
"MULTCHOICE","False",,,,"805108",,"418948","2049",,"Verificar a adequação da oferta de crédito realizada ao perfil econômico e a capacidade de pagamento do consumidor contratante.","1","10/02/2024 15:07:37","10/02/2024 15:07:37"
"MULTCHOICE","False",,,,"805109",,"418948","2033",,"Usar crachá de identificação visível ao cliente, ser ético e apresentar os planos oferecidos por todas as instituições para o cliente ter a opção de escolha.","1","10/02/2024 15:08:12","10/02/2024 15:08:12"
"MULTCHOICE","False",,,,"805110",,"418948","2051",,"Encaminhar as reclamações recebidas às respectivas agências de atendimento habitual competente, após prestar esclarecimentos.","0","10/02/2024 15:09:38","10/02/2024 15:09:38"
"MULTCHOICE","False",,,,"805111",,"418948","2027",,"Efetuada total ou parcialmente, acarreta obrigatoriamente a redução proporcional dos juros e demais acréscimos.","1","10/02/2024 15:10:42","10/02/2024 15:10:42"
"MULTCHOICE","False",,,,"805112",,"418948","2022",,"Todas as modalidades de crédito e todas as formas de operações creditícias.","1","10/02/2024 15:11:03","10/02/2024 15:11:03"
"MULTCHOICE","False",,,,"805113",,"418948","2021",,"Tarifa.","1","10/02/2024 15:11:23","10/02/2024 15:11:23"
"MULTCHOICE","False",,,,"805114",,"418948","2066",,"Normalmente prefixados, contudo, se previsto em contrato, podem ser pós-fixados.","1","10/02/2024 15:11:37","10/02/2024 15:11:37"
"MULTCHOICE","False",,,,"805115",,"418948","2029",,"O resumo contratual (sumário executivo) da operação.","1","10/02/2024 15:12:16","10/02/2024 15:12:16"
"MULTCHOICE","False",,,,"805116",,"418948","2044",,"De forma clara e legível, o Custo Efetivo Total (CET), o referencial de remuneração e a taxa mensal e anual de juros.","1","10/02/2024 15:13:30","10/02/2024 15:13:30"
"MULTCHOICE","False",,,,"805117",,"418948","2023",,"Investimento e financiamento.","1","10/02/2024 15:13:41","10/02/2024 15:13:41"
"MULTCHOICE","False",,,,"805118",,"418948","2045",,"da realização de operações de crédito mediante penhor civil de bens e a gestão dos recursos do FGTS. ","1","10/02/2024 15:14:37","10/02/2024 15:14:37"
"MULTCHOICE","False",,,,"805119",,"418948","2028",,"O fornecedor deverá informar em 5 dias úteis a todos os bancos de dados para a retirada da negativação em nome do consumidor.","1","10/02/2024 15:54:19","10/02/2024 15:54:19"
"MULTCHOICE","False",,,,"805120",,"418948","2061",,"Mensal.","0","10/02/2024 15:54:34","10/02/2024 15:54:34"
"MULTCHOICE","False",,,,"805121",,"418949","2064",,"É dever da ouvidoria quanto às reclamações recebidas.","1","10/02/2024 17:43:35","10/02/2024 17:43:35"
"MULTCHOICE","False",,,,"805122",,"418949","2044",,"De forma clara e legível, o Custo Efetivo Total (CET), o referencial de remuneração e a taxa mensal e anual de juros.","1","10/02/2024 17:45:57","10/02/2024 17:45:57"
"MULTCHOICE","False",,,,"805123",,"418949","2050",,"Cinco dias úteis.","1","10/02/2024 17:47:12","10/02/2024 17:47:12"
"MULTCHOICE","False",,,,"805124",,"418949","2054",,"As Sociedade de Crédito, Financiamento e Investimento (Financeiras).","1","10/02/2024 17:47:44","10/02/2024 17:47:44"
"MULTCHOICE","False",,,,"805125",,"418949","2046",,"A fabricação de papel moeda.","1","10/02/2024 17:48:02","10/02/2024 17:48:02"
"MULTCHOICE","False",,,,"805126",,"418949","2058",,"Em local visível no recinto das dependências das instituições e de seus correspondentes.","1","10/02/2024 17:48:37","10/02/2024 17:48:37"
"MULTCHOICE","False",,,,"805127",,"418949","2055",,"De relacionamento, médica e de aversão a risco.","0","10/02/2024 17:58:59","10/02/2024 17:58:59"
"MULTCHOICE","False",,,,"805128",,"418949","2025",,"Risco.","1","10/02/2024 17:59:32","10/02/2024 17:59:32"
"MULTCHOICE","False",,,,"805129",,"418949","2038",,"Do valor total financiado e a taxa mensal e anual de juros.","1","10/02/2024 18:00:18","10/02/2024 18:00:18"
"MULTCHOICE","False",,,,"805130",,"418949","2053",,"O objetivo está em prestar esclarecimentos imediatos à referida equipe, sobre seus produtos e serviços e deve atender também às demandas dos seus clientes e usuários ao contratado.","1","10/02/2024 18:01:07","10/02/2024 18:01:07"
"MULTCHOICE","False",,,,"805131",,"418949","2022",,"Todas as modalidades de crédito e todas as formas de operações creditícias.","1","10/02/2024 18:01:31","10/02/2024 18:01:31"
"MULTCHOICE","False",,,,"805132",,"418949","2069",,"Mercado.","0","10/02/2024 18:02:14","10/02/2024 18:02:14"
"MULTCHOICE","False",,,,"805133",,"418949","2029",,"O resumo contratual (sumário executivo) da operação.","1","10/02/2024 18:02:37","10/02/2024 18:02:37"
"MULTCHOICE","False",,,,"805134",,"418949","2045",,"da realização de operações de crédito mediante penhor civil de bens e a gestão dos recursos do FGTS. ","1","10/02/2024 18:02:52","10/02/2024 18:02:52"
"MULTCHOICE","False",,,,"805135",,"418949","2030",,"O primeiro requisito do atendimento é o conhecimento, pois possibilita segurança ao tratar com o cliente.","1","10/02/2024 18:03:23","10/02/2024 18:03:23"
"MULTCHOICE","False",,,,"805136",,"418949","2068",,"Nos convênios celebrados entre instituições securitárias e INSS.","0","10/02/2024 18:03:49","10/02/2024 18:03:49"
"MULTCHOICE","False",,,,"805137",,"418949","2049",,"Verificar a adequação da oferta de crédito realizada ao perfil econômico e a capacidade de pagamento do consumidor contratante.","1","10/02/2024 18:04:24","10/02/2024 18:04:24"
"MULTCHOICE","False",,,,"805138",,"418949","2035",,"Rotativas (exemplo   :   cheque especial) e pontuais (parcelas e prazo fixo).","1","10/02/2024 18:05:11","10/02/2024 18:05:11"
"MULTCHOICE","False",,,,"805139",,"418949","2039",,"Instituição consignatária é a instituição autorizada a conceder empréstimo ou financiamento.","1","10/02/2024 18:06:06","10/02/2024 18:06:06"
"MULTCHOICE","False",,,,"805172",,"418847","2026",,"De todos os riscos, com moderação, para tentar não perder o negócio.","0","10/02/2024 09:07:13","10/02/2024 09:07:13"
"MULTCHOICE","False",,,,"805173",,"418847","2048",,"Maior será o seu valor presente.","0","10/02/2024 09:09:23","10/02/2024 09:10:08"
"MULTCHOICE","False",,,,"805174",,"418847","2054",,"As Sociedade de Crédito, Financiamento e Investimento (Financeiras).","1","10/02/2024 09:11:05","10/02/2024 09:11:05"
"MULTCHOICE","False",,,,"805175",,"418848","14650",,"Ambas as afirmativas estão corretas.","1","10/02/2024 11:17:26","10/02/2024 11:17:26"
"MULTCHOICE","False",,,,"805176",,"418848","14649",,"Estejam cientes quanto a todas as vulnerabilidades da empresa.","0","10/02/2024 11:18:57","10/02/2024 11:18:57"
"MULTCHOICE","False",,,,"805177",,"418849","2437",,"Demonstrativo de pagamento de salário ou comprovante de benefício de aposentadoria/pensão, quando for o caso.","1","10/02/2024 12:25:07","10/02/2024 12:25:24"
"MULTCHOICE","False",,,,"805178",,"418849","2449",,"Houver processo administrativo instaurado e tais exames sejam considerados indispensáveis pela autoridade administrativa competente.","1","10/02/2024 12:33:01","10/02/2024 12:33:15"
"MULTCHOICE","False",,,,"805179",,"418849","2430",,"O fornecedor deverá informar em 5 dias úteis a todos os bancos de dados para a retirada da negativação em nome do consumidor.","1","10/02/2024 12:34:11","10/02/2024 12:34:11"
"MULTCHOICE","False",,,,"805180",,"418849","2439",,"De forma clara e legível, o Custo Efetivo Total (CET), o referencial de remuneração e a taxa mensal e anual de juros.","1","10/02/2024 12:34:32","10/02/2024 12:35:08"
"MULTCHOICE","False",,,,"805181",,"418849","2426",,"Investimento e financiamento.","1","10/02/2024 12:35:18","10/02/2024 12:35:18"
"MULTCHOICE","False",,,,"805182",,"418849","2446",,"O objetivo está em prestar esclarecimentos imediatos à referida equipe, sobre seus produtos e serviços e deve atender também às demandas dos seus clientes e usuários ao contratado.","1","10/02/2024 12:35:56","10/02/2024 12:35:56"
"MULTCHOICE","False",,,,"805183",,"418849","2429",,"Efetuada total ou parcialmente, acarreta obrigatoriamente a redução proporcional dos juros e demais acréscimos.","1","10/02/2024 12:37:05","10/02/2024 12:37:05"
"MULTCHOICE","False",,,,"805184",,"418948","2025",,"Risco.","1","10/02/2024 15:05:27","10/02/2024 15:05:27"
"MULTCHOICE","False",,,,"805185",,"418948","2062",,"Alocação eficiente dos recursos escassos da economia e servir como termômetro do nível de atividade econômica.","0","10/02/2024 15:05:49","10/02/2024 15:05:49"
"MULTCHOICE","False",,,,"805186",,"418948","2026",,"De todos os riscos, de modo detalhado, ainda que venha a perder o negócio.","1","10/02/2024 15:15:18","10/02/2024 15:15:18"
"MULTCHOICE","False",,,,"805187",,"418948","2042",,"Solicitar que a empresa de arrendamento mercantil assuma todas as despesas com o seguro do bem.","1","10/02/2024 15:16:21","10/02/2024 15:16:21"
"MULTCHOICE","False",,,,"805188",,"418948","2030",,"O primeiro requisito do atendimento é o conhecimento, pois possibilita segurança ao tratar com o cliente.","1","10/02/2024 15:16:56","10/02/2024 15:16:56"
"MULTCHOICE","False",,,,"805189",,"418948","2036",,"Demonstrativo de pagamento de salário ou comprovante de benefício de aposentadoria/pensão, quando for o caso.","1","10/02/2024 15:17:18","10/02/2024 15:17:18"
"MULTCHOICE","False",,,,"805190",,"418948","2063",,"O consumidor será informado sobre a resolução de sua demanda no prazo máximo de setenta e duas horas por correspondência ou por meio eletrônico, a seu critério.","0","10/02/2024 15:18:49","10/02/2024 15:18:49"
"MULTCHOICE","False",,,,"805191",,"418948","2057",,"For observada a vigência do contrato para fins do empréstimo ou de financiamentos.","1","10/02/2024 15:22:41","10/02/2024 15:22:41"
"MULTCHOICE","False",,,,"805192",,"418948","2039",,"Instituição consignatária é a instituição autorizada a conceder empréstimo ou financiamento.","1","10/02/2024 15:23:28","10/02/2024 15:23:28"
"MULTCHOICE","False",,,,"805193",,"418948","2020",,"FMI.","1","10/02/2024 15:23:47","10/02/2024 15:23:47"
"MULTCHOICE","False",,,,"805194",,"418948","2069",,"Mercado.","0","10/02/2024 15:54:53","10/02/2024 15:54:53"
"MULTCHOICE","False",,,,"805195",,"418949","2027",,"Efetuada total ou parcialmente, acarreta obrigatoriamente a redução proporcional dos juros e demais acréscimos.","1","10/02/2024 17:26:46","10/02/2024 17:26:46"
"MULTCHOICE","False",,,,"805196",,"418949","2061",,"Mensal.","0","10/02/2024 17:33:12","10/02/2024 17:33:12"
"MULTCHOICE","False",,,,"805197",,"418949","2028",,"O fornecedor deverá informar em 5 dias úteis a todos os bancos de dados para a retirada da negativação em nome do consumidor.","1","10/02/2024 17:33:35","10/02/2024 17:33:35"
"MULTCHOICE","False",,,,"805198",,"418949","2041",,"Financeiro e operacional.","1","10/02/2024 17:33:43","10/02/2024 17:33:43"
"MULTCHOICE","False",,,,"805199",,"418949","2052",,"Distinguir fatos de opiniões, pessoais ou de mercado, com relação aos produtos e serviços oferecidos aos clientes.","1","10/02/2024 17:36:04","10/02/2024 17:36:04"
"MULTCHOICE","False",,,,"805200",,"418949","2032",,"Integridade, equidade, respeito ao consumidor, transparência, excelência, sustentabilidade e confiança.","1","10/02/2024 17:36:24","10/02/2024 17:36:24"
"MULTCHOICE","False",,,,"805201",,"418949","2026",,"De todos os riscos, de modo detalhado, ainda que venha a perder o negócio.","1","10/02/2024 17:36:42","10/02/2024 17:36:42"
"MULTCHOICE","False",,,,"805202",,"418949","2023",,"Investimento e financiamento.","1","10/02/2024 17:36:51","10/02/2024 17:36:51"
"MULTCHOICE","False",,,,"805203",,"418949","2051",,"Encaminhar resposta conclusiva para a demanda dos reclamantes, após dar adequado tratamento às reclamações recebidas.","1","10/02/2024 17:37:24","10/02/2024 17:37:24"
"MULTCHOICE","False",,,,"805204",,"418949","2056",,"O somatório dos descontos e/ou retenções consignados para pagamento de empréstimo pessoal não exceda, a qualquer momento, a trinta por cento do valor do benefício.","0","10/02/2024 17:38:58","10/02/2024 17:38:58"
"MULTCHOICE","False",,,,"805205",,"418949","2059",,"A inclusão de cláusula estipulando que o contratante será previamente informado da elevação respectiva, independentemente de previsão contratual.","0","10/02/2024 17:40:04","10/02/2024 17:40:04"
"MULTCHOICE","False",,,,"805206",,"418949","2065",,"Da padronização dos documentos a serem utilizados nos procedimentos de oferta e contratação de operações de crédito direto ao consumidor e de arrendamento mercantil financeiro.","1","10/02/2024 18:09:08","10/02/2024 18:09:08"
"MULTCHOICE","False",,,,"805273",,"418847","2047",,"Capitalização.","1","10/02/2024 09:08:25","10/02/2024 09:08:45"
"MULTCHOICE","False",,,,"805274",,"418847","2023",,"Investimento e financiamento.","1","10/02/2024 09:32:31","10/02/2024 09:32:31"
"MULTCHOICE","False",,,,"805275",,"418847","2032",,"Integridade, equidade, respeito ao consumidor, transparência, excelência, sustentabilidade e confiança.","1","10/02/2024 09:33:20","10/02/2024 09:33:20"
"MULTCHOICE","False",,,,"805276",,"418847","2065",,"Da padronização dos documentos a serem utilizados nos procedimentos de oferta e contratação de operações de crédito direto ao consumidor e de arrendamento mercantil financeiro.","1","10/02/2024 09:34:07","10/02/2024 09:34:07"
"MULTCHOICE","False",,,,"805277",,"418847","2024",,"As entradas e saídas de valores (dinheiro) efetivadas no decorrer do tempo numa dada operação.","1","10/02/2024 09:34:27","10/02/2024 09:34:34"
"MULTCHOICE","False",,,,"805278",,"418847","2042",,"Devolver o bem à empresa de arrendamento mercantil.","0","10/02/2024 09:36:53","10/02/2024 09:36:53"
"MULTCHOICE","False",,,,"805279",,"418847","2029",,"O resumo contratual (sumário executivo) da operação.","1","10/02/2024 09:37:20","10/02/2024 09:37:20"
"MULTCHOICE","False",,,,"805280",,"418847","2056",,"O somatório dos descontos e/ou retenções consignados para pagamento de empréstimo pessoal não exceda, a qualquer momento, a trinta por cento do valor do benefício.","0","10/02/2024 09:40:24","10/02/2024 09:40:24"
"MULTCHOICE","False",,,,"805281",,"418847","2059",,"A inclusão de cláusula estipulando que o contratante será previamente informado da elevação respectiva, por meio do veículo de comunicação previsto contratualmente.","1","10/02/2024 09:44:33","10/02/2024 09:44:33"
"MULTCHOICE","False",,,,"805282",,"418847","2041",,"Financeiro e operacional.","1","10/02/2024 09:49:54","10/02/2024 09:49:54"
"MULTCHOICE","False",,,,"805283",,"418847","2055",,"De relacionamento, de sensibilidade e do negócio.","1","10/02/2024 09:49:56","10/02/2024 09:49:56"
"MULTCHOICE","False",,,,"805284",,"418847","2066",,"Normalmente prefixados, contudo, se previsto em contrato, podem ser pós-fixados.","1","10/02/2024 09:49:59","10/02/2024 09:49:59"
"MULTCHOICE","False",,,,"805285",,"418847","2049",,"Verificar a adequação da oferta de crédito realizada ao perfil econômico e a capacidade de pagamento do consumidor contratante.","1","10/02/2024 09:50:01","10/02/2024 09:50:01"
"MULTCHOICE","False",,,,"805286",,"418847","2070",,"Desfrutar do bem gratuitamente até o fim de sua vida útil.","0","10/02/2024 09:50:04","10/02/2024 09:50:04"
"MULTCHOICE","False",,,,"805287",,"418847","2057",,"Nunca um temporário terá direito ao crédito consignado.","0","10/02/2024 09:50:06","10/02/2024 09:50:06"
"MULTCHOICE","False",,,,"805288",,"418847","2030",,"Deve-se agir com rapidez, mesmo que o atendimento aos demais seja prejudicado.","0","10/02/2024 09:50:11","10/02/2024 09:50:11"
"MULTCHOICE","False",,,,"805289",,"418847","2060",,"Houver processo administrativo instaurado e tais exames sejam considerados indispensáveis pela autoridade administrativa competente.","1","10/02/2024 09:50:12","10/02/2024 09:50:12"
"MULTCHOICE","False",,,,"805290",,"418847","2020",,"Banco do Brasil.","0","10/02/2024 09:50:18","10/02/2024 09:50:18"
"MULTCHOICE","False",,,,"805291",,"418847","2022",,"Todas as modalidades de crédito e as formas de operação creditícia, com exceção da prestação de garantias.","0","10/02/2024 09:50:20","10/02/2024 09:50:20"
"MULTCHOICE","False",,,,"805292",,"418847","2062",,"Financiamento do consumo das pessoas físicas e do capital de giro das empresas.","1","10/02/2024 09:50:22","10/02/2024 09:50:22"
"MULTCHOICE","False",,,,"805293",,"418847","2064",,"É dever da ouvidoria quanto às reclamações recebidas.","1","10/02/2024 09:50:25","10/02/2024 09:50:25"
"MULTCHOICE","False",,,,"805294",,"418848","14645",,"Tem como finalidade promover o cumprimento de normas legais e regulamentares.","0","10/02/2024 11:20:04","10/02/2024 11:20:04"
"MULTCHOICE","False",,,,"805295",,"418848","14646",,"Um Compliance Officer comprometido e bem qualificado é capaz de, a partir da implementação do programa, desenvolver uma cultura de integridade com criatividade.","0","10/02/2024 11:21:00","10/02/2024 11:21:00"
"MULTCHOICE","False",,,,"805296",,"418849","2455",,"A fabricação de papel moeda.","1","10/02/2024 12:18:01","10/02/2024 12:18:01"
"MULTCHOICE","False",,,,"805297",,"418849","2434",,"Usar crachá de identificação visível ao cliente, ser ético e apresentar os planos oferecidos por todas as instituições para o cliente ter a opção de escolha.","1","10/02/2024 12:18:44","10/02/2024 12:18:44"
"MULTCHOICE","False",,,,"805298",,"418849","2427",,"Risco.","1","10/02/2024 12:19:06","10/02/2024 12:19:06"
"MULTCHOICE","False",,,,"805299",,"418849","2436",,"Rotativas (exemplo : cheque especial) e pontuais (parcelas e prazo fixo).","1","10/02/2024 12:19:34","10/02/2024 12:19:34"
"MULTCHOICE","False",,,,"805300",,"418849","2440",,"Realizar penhor de bens pessoais e recolher o FGTS.","1","10/02/2024 12:20:27","10/02/2024 12:20:27"
"MULTCHOICE","False",,,,"805301",,"418849","2443",,"Verificar a adequação da oferta de crédito realizada ao perfil econômico e a capacidade de pagamento do consumidor contratante.","1","10/02/2024 12:21:19","10/02/2024 12:22:13"
"MULTCHOICE","False",,,,"805302",,"418849","2456",,"As entradas e saídas de valores (dinheiro) efetivadas no decorrer do tempo numa dada operação.","1","10/02/2024 12:46:21","10/02/2024 12:46:21"
"MULTCHOICE","False",,,,"805303",,"418849","2431",,"O resumo contratual (sumário executivo) da operação.","1","10/02/2024 12:53:10","10/02/2024 12:53:10"
"MULTCHOICE","False",,,,"805304",,"418849","2454",,"Em local visível no recinto das dependências das instituições e de seus correspondentes.","1","10/02/2024 12:54:24","10/02/2024 12:54:24"
"MULTCHOICE","False",,,,"805305",,"418948","2048",,"Menor será o seu valor presente.","1","10/02/2024 15:12:41","10/02/2024 15:12:41"
"MULTCHOICE","False",,,,"805306",,"418948","2059",,"A inclusão de cláusula estipulando que o contratante será previamente informado da elevação respectiva, por meio do veículo de comunicação previsto contratualmente.","1","10/02/2024 15:52:25","10/02/2024 15:52:25"
"MULTCHOICE","False",,,,"805307",,"418948","2031",,"O Programa de autorregulação de crédito responsável estabelece diretrizes e procedimentos a serem observados nas etapas de oferta e contratação de crédito e tratamento dos superendividados.","1","10/02/2024 15:55:36","10/02/2024 15:55:36"
"MULTCHOICE","False",,,,"805308",,"418948","2055",,"De relacionamento, de sensibilidade e do negócio.","1","10/02/2024 15:55:58","10/02/2024 15:55:58"
"MULTCHOICE","False",,,,"805309",,"418948","2032",,"Integridade, equidade, respeito ao consumidor, transparência, excelência, sustentabilidade e confiança.","1","10/02/2024 15:56:11","10/02/2024 15:56:11"
"MULTCHOICE","False",,,,"805310",,"418948","2037",,"Cadastral.","1","10/02/2024 15:56:35","10/02/2024 15:56:35"
"MULTCHOICE","False",,,,"805311",,"418948","2038",,"Do valor total financiado e a taxa mensal e anual de juros.","1","10/02/2024 15:57:02","10/02/2024 15:57:02"
"MULTCHOICE","False",,,,"805312",,"418948","2035",,"Rotativas (exemplo   :   cheque especial) e pontuais (parcelas e prazo fixo).","1","10/02/2024 15:57:47","10/02/2024 15:57:47"
"MULTCHOICE","False",,,,"805313",,"418949","2040",,"Os titulares de benefícios de aposentadoria e pensão por morte pagos pelo INSS.","1","10/02/2024 17:34:21","10/02/2024 17:34:21"
"MULTCHOICE","False",,,,"805314",,"418949","2066",,"Sempre prefixados.","0","10/02/2024 17:34:35","10/02/2024 17:34:35"
"MULTCHOICE","False",,,,"805315",,"418949","2021",,"Tarifa.","1","10/02/2024 17:34:49","10/02/2024 17:34:49"
"MULTCHOICE","False",,,,"805316",,"418949","2067",,"Responde como devedor principal e solidário da obrigação e o nome do empregado não pode ser inscrito em cadastro de inadimplente.","1","10/02/2024 17:49:38","10/02/2024 17:49:38"
"MULTCHOICE","False",,,,"805317",,"418949","2057",,"For observada a vigência do contrato para fins do empréstimo ou de financiamentos.","1","10/02/2024 17:52:06","10/02/2024 17:52:06"
"MULTCHOICE","False",,,,"805318",,"418949","2024",,"As entradas e saídas de valores (dinheiro) efetivadas no decorrer do tempo numa dada operação.","1","10/02/2024 17:52:30","10/02/2024 17:52:30"
"MULTCHOICE","False",,,,"805319",,"418949","2062",,"Financiamento do consumo das pessoas físicas e do capital de giro das empresas.","1","10/02/2024 17:52:49","10/02/2024 17:52:49"
"MULTCHOICE","False",,,,"805374",,"418847","2025",,"Desprendimento.","0","10/02/2024 09:50:17","10/02/2024 09:50:17"
"MULTCHOICE","False",,,,"805375",,"418848","14751",,"Apenas a afirmativa II é correta.","1","10/02/2024 11:20:33","10/02/2024 11:20:33"
"MULTCHOICE","False",,,,"805376",,"418849","2433",,"Integridade, equidade, respeito ao consumidor, transparência, excelência, sustentabilidade e confiança.","1","10/02/2024 12:27:51","10/02/2024 12:27:51"
"MULTCHOICE","False",,,,"805377",,"418849","2435",,"É obrigatório ser cliente da instituição e possuir cadastro aprovado previamente.","0","10/02/2024 12:28:23","10/02/2024 12:28:23"
"MULTCHOICE","False",,,,"805378",,"418849","2450",,"Semestral.","1","10/02/2024 12:29:04","10/02/2024 12:29:04"
"MULTCHOICE","False",,,,"805379",,"418849","2452",,"Dos impostos e taxas incidentes nas operações de crédito direto ao consumidor e de arrendamento mercantil financeiro.","0","10/02/2024 12:42:14","10/02/2024 12:42:14"
"MULTCHOICE","False",,,,"805380",,"418849","2445",,"Distinguir fatos de opiniões, pessoais ou de mercado, com relação aos produtos e serviços oferecidos aos clientes.","1","10/02/2024 12:42:43","10/02/2024 12:42:43"
"MULTCHOICE","False",,,,"805381",,"418849","2448",,"De relacionamento, médica e de aversão a risco.","0","10/02/2024 12:43:14","10/02/2024 12:43:14"
"MULTCHOICE","False",,,,"805382",,"418849","2432",,"O Programa de autorregulação de crédito responsável estabelece diretrizes e procedimentos a serem observados nas etapas de oferta e contratação de crédito e tratamento dos superendividados.","1","10/02/2024 12:50:43","10/02/2024 12:50:43"
"MULTCHOICE","False",,,,"805383",,"418948","2052",,"Distinguir fatos de opiniões, pessoais ou de mercado, com relação aos produtos e serviços oferecidos aos clientes.","1","10/02/2024 15:18:12","10/02/2024 15:18:12"
"MULTCHOICE","False",,,,"805384",,"418948","2034",,"Não é necessário ser cliente da instituição ou possuir cadastro aprovado, mas é necessário ter carteira de trabalho assinada.","0","10/02/2024 15:19:42","10/02/2024 15:19:42"
"MULTCHOICE","False",,,,"805385",,"418948","2064",,"É dever da ouvidoria guardar por mais de 10 anos o histórico das reclamações recebidas.","0","10/02/2024 15:20:54","10/02/2024 15:20:54"
"MULTCHOICE","False",,,,"805386",,"418948","2043",,"Ter, ao final do período contratado, a obrigação de comprar  o bem pelo valor de mercado.","0","10/02/2024 15:21:16","10/02/2024 15:21:16"
"MULTCHOICE","False",,,,"805387",,"418948","2054",,"As Sociedade de Crédito, Financiamento e Investimento (Financeiras).","1","10/02/2024 15:21:42","10/02/2024 15:21:42"
"MULTCHOICE","False",,,,"805388",,"418948","2058",,"Em local visível no recinto das dependências das instituições e de seus correspondentes.","1","10/02/2024 15:22:11","10/02/2024 15:22:11"
"MULTCHOICE","False",,,,"805389",,"418948","2067",,"Responde como devedor principal e solidário da obrigação e o nome do empregado não pode ser inscrito em cadastro de inadimplente.","1","10/02/2024 15:46:52","10/02/2024 15:46:52"
"MULTCHOICE","False",,,,"805390",,"418948","2041",,"Financeiro e operacional.","1","10/02/2024 15:47:02","10/02/2024 15:47:02"
"MULTCHOICE","False",,,,"805391",,"418948","2068",,"Nos convênios celebrados entre instituições securitárias e INSS.","0","10/02/2024 15:47:31","10/02/2024 15:47:31"
"MULTCHOICE","False",,,,"805392",,"418948","2065",,"Da padronização dos documentos a serem utilizados nos procedimentos de oferta e contratação de operações de crédito direto ao consumidor e de arrendamento mercantil financeiro.","1","10/02/2024 15:47:56","10/02/2024 15:47:56"
"MULTCHOICE","False",,,,"805393",,"418948","2053",,"O objetivo está em prestar esclarecimentos imediatos à referida equipe, sobre seus produtos e serviços e deve atender também às demandas dos seus clientes e usuários ao contratado.","1","10/02/2024 15:48:34","10/02/2024 15:48:34"
"MULTCHOICE","False",,,,"805394",,"418948","2070",,"Devolver o bem à empresa de arrendamento mercantil.","1","10/02/2024 15:49:24","10/02/2024 15:49:24"
"MULTCHOICE","False",,,,"805395",,"418948","2040",,"Os titulares de benefícios de aposentadoria e pensão por morte pagos pelo INSS.","1","10/02/2024 15:49:54","10/02/2024 15:49:54"
"MULTCHOICE","False",,,,"805396",,"418948","2046",,"Zelar pela liquidez e solvência das instituições financeiras.","0","10/02/2024 15:50:28","10/02/2024 15:50:28"
"MULTCHOICE","False",,,,"805397",,"418948","2047",,"Multiplicação.","0","10/02/2024 15:50:44","10/02/2024 15:50:44"
"MULTCHOICE","False",,,,"805398",,"418948","2060",,"Houver denúncia de qualquer cliente que se sinta logrado.","0","10/02/2024 15:52:49","10/02/2024 15:52:49"
"MULTCHOICE","False",,,,"805399",,"418948","2024",,"As entradas e saídas de valores (dinheiro) efetivadas no decorrer do tempo numa dada operação.","1","10/02/2024 15:53:07","10/02/2024 15:53:07"
"MULTCHOICE","False",,,,"805400",,"418948","2056",,"A operação financeira tenha sido realizada pela própria instituição financeira ou pela sociedade de arrendamento mercantil a ela vinculada.","1","10/02/2024 15:53:55","10/02/2024 15:53:55"
"MULTCHOICE","False",,,,"805401",,"418949","2048",,"Menor será o seu valor presente.","1","10/02/2024 17:21:41","10/02/2024 18:09:35"
"MULTCHOICE","False",,,,"805402",,"418949","2036",,"Demonstrativo de pagamento de salário ou comprovante de benefício de aposentadoria/pensão, quando for o caso.","1","10/02/2024 17:22:18","10/02/2024 17:22:18"
"MULTCHOICE","False",,,,"805403",,"418949","2043",,"Ter a opção de comprar o bem por um valor previamente estabelecido ao final do contrato.","1","10/02/2024 17:22:54","10/02/2024 17:22:54"
"MULTCHOICE","False",,,,"805404",,"418949","2063",,"A cobrança será suspensa imediatamente, mas caso ela seja procedente será cobrada em dobro.","0","10/02/2024 17:24:56","10/02/2024 17:24:56"
"MULTCHOICE","False",,,,"805405",,"418949","2060",,"Houver processo administrativo instaurado e tais exames sejam considerados indispensáveis pela autoridade administrativa competente.","1","10/02/2024 17:25:29","10/02/2024 17:26:09"
"MULTCHOICE","False",,,,"805406",,"418949","2033",,"Usar crachá de identificação visível ao cliente, ser ético e apresentar os planos oferecidos por todas as instituições para o cliente ter a opção de escolha.","1","10/02/2024 17:54:22","10/02/2024 17:54:22"
"MULTCHOICE","False",,,,"805407",,"418949","2034",,"Não é necessário ser cliente da instituição, mas ter cadastro aprovado.","1","10/02/2024 17:54:43","10/02/2024 17:54:43"
"MULTCHOICE","False",,,,"805408",,"418949","2042",,"Solicitar que a empresa de arrendamento mercantil assuma todas as despesas com o seguro do bem.","1","10/02/2024 17:55:21","10/02/2024 17:55:21"
"MULTCHOICE","False",,,,"805409",,"418949","2020",,"FMI.","1","10/02/2024 17:55:26","10/02/2024 17:55:26"
"MULTCHOICE","False",,,,"805410",,"418949","2070",,"Devolver o bem à empresa de arrendamento mercantil.","1","10/02/2024 17:55:44","10/02/2024 17:55:44"
"MULTCHOICE","False",,,,"805411",,"418949","2047",,"Capitalização.","1","10/02/2024 18:01:48","10/02/2024 18:01:48"
"MULTCHOICE","False",,,,"805412",,"418949","2037",,"Cadastral.","1","10/02/2024 18:07:44","10/02/2024 18:07:44"
"MULTCHOICE","False",,,,"805475",,"419150","2021",,"Tarifa.","1","11/02/2024 10:45:23","11/02/2024 10:45:23"
"MULTCHOICE","False",,,,"805476",,"419150","2026",,"De todos os riscos, de modo detalhado, ainda que venha a perder o negócio.","1","11/02/2024 10:45:55","11/02/2024 10:45:55"
"MULTCHOICE","False",,,,"805477",,"419150","2034",,"Não é necessário ser cliente da instituição, mas ter cadastro aprovado.","1","11/02/2024 10:46:30","11/02/2024 10:46:30"
"MULTCHOICE","False",,,,"805478",,"419150","2022",,"Todas as modalidades de crédito e todas as formas de operações creditícias.","1","11/02/2024 10:47:02","11/02/2024 10:47:02"
"MULTCHOICE","False",,,,"805479",,"419150","2046",,"A fabricação de papel moeda.","1","11/02/2024 10:47:38","11/02/2024 10:47:38"
"MULTCHOICE","False",,,,"805480",,"419150","2056",,"A operação financeira tenha sido realizada pela própria instituição financeira ou pela sociedade de arrendamento mercantil a ela vinculada.","1","11/02/2024 10:48:47","11/02/2024 10:48:47"
"MULTCHOICE","False",,,,"805481",,"419150","2023",,"Investimento e financiamento.","1","11/02/2024 10:49:01","11/02/2024 10:49:01"
"MULTCHOICE","False",,,,"805482",,"419150","2041",,"Financeiro e operacional.","1","11/02/2024 10:49:20","11/02/2024 10:49:20"
"MULTCHOICE","False",,,,"805483",,"419150","2069",,"Aquisição.","1","11/02/2024 10:54:27","11/02/2024 10:54:27"
"MULTCHOICE","False",,,,"805484",,"419150","2060",,"Houver processo administrativo instaurado e tais exames sejam considerados indispensáveis pela autoridade administrativa competente.","1","11/02/2024 10:57:33","11/02/2024 10:57:33"
"MULTCHOICE","False",,,,"805485",,"419051","2331",,"Usar crachá de identificação visível ao cliente, ser ético e apresentar os planos oferecidos por todas as instituições para o cliente ter a opção de escolha.","1","11/02/2024 11:56:01","11/02/2024 11:56:01"
"MULTCHOICE","False",,,,"805486",,"419051","2333",,"Do valor total financiado e a taxa mensal e anual de juros.","1","11/02/2024 11:56:19","11/02/2024 11:56:19"
"MULTCHOICE","False",,,,"805487",,"419051","2357",,"Todas as modalidades de crédito e todas as formas de operações creditícias.","1","11/02/2024 11:57:09","11/02/2024 11:57:09"
"MULTCHOICE","False",,,,"805488",,"419051","2348",,"A cobrança será suspensa imediatamente, salvo se o fornecedor indicar o contrato e comprovar que o valor é efetivamente devido.","1","11/02/2024 11:57:41","11/02/2024 11:57:41"
"MULTCHOICE","False",,,,"805489",,"419051","2352",,"Por meio das normativas do INSS.","1","11/02/2024 11:58:09","11/02/2024 11:58:09"
"MULTCHOICE","False",,,,"805490",,"419051","2325",,"Investimento e financiamento. ","1","11/02/2024 11:58:18","11/02/2024 11:58:18"
"MULTCHOICE","False",,,,"805491",,"419051","2347",,"Houver indícios de crime contra o Sistema Financeiro Monetário, dispensando inclusive a necessidade de inquérito policial.","0","11/02/2024 11:58:39","11/02/2024 11:58:39"
"MULTCHOICE","False",,,,"805492",,"419051","2343",,"O objetivo está em prestar esclarecimentos imediatos à referida equipe, sobre seus produtos e serviços e deve atender também às demandas dos seus clientes e usuários ao contratado.","1","11/02/2024 11:59:27","11/02/2024 11:59:27"
"MULTCHOICE","False",,,,"805493",,"419051","2332",,"Não é necessário ser cliente da instituição, mas ter cadastro aprovado.","1","11/02/2024 12:00:22","11/02/2024 12:00:22"
"MULTCHOICE","False",,,,"805494",,"419051","2356",,"As entradas e saídas de valores (dinheiro) efetivadas no decorrer do tempo numa dada operação.","1","11/02/2024 12:00:41","11/02/2024 12:00:41"
"MULTCHOICE","False",,,,"805495",,"419051","2340",,"Verificar a adequação da oferta de crédito realizada ao perfil econômico e a capacidade de pagamento do consumidor contratante.","1","11/02/2024 12:01:16","11/02/2024 12:01:16"
"MULTCHOICE","False",,,,"805496",,"419051","2342",,"Distinguir fatos de opiniões, pessoais ou de mercado, com relação aos produtos e serviços oferecidos aos clientes.","1","11/02/2024 12:02:26","11/02/2024 12:02:26"
"MULTCHOICE","False",,,,"805497",,"419051","2328",,"Efetuada total ou parcialmente, acarreta obrigatoriamente a redução proporcional dos juros e demais acréscimos.","1","11/02/2024 12:07:32","11/02/2024 12:07:32"
"MULTCHOICE","False",,,,"805498",,"419051","2339",,"Menor será o seu valor presente.","1","11/02/2024 12:08:16","11/02/2024 12:08:16"
"MULTCHOICE","False",,,,"805499",,"419052","2324",,"Juros.","0","11/02/2024 21:43:56","11/02/2024 21:43:56"
"MULTCHOICE","False",,,,"805500",,"419052","2335",,"Os titulares de benefícios de aposentadoria e pensão por morte pagos pelo INSS.","1","11/02/2024 21:58:17","11/02/2024 21:58:17"
"MULTCHOICE","False",,,,"805501",,"419052","2328",,"Efetuada total ou parcialmente, acarreta obrigatoriamente a redução proporcional dos juros e demais acréscimos.","1","11/02/2024 21:59:00","11/02/2024 21:59:00"
"MULTCHOICE","False",,,,"805576",,"419150","2020",,"FMI.","1","11/02/2024 10:49:29","11/02/2024 10:49:29"
"MULTCHOICE","False",,,,"805577",,"419150","2042",,"Solicitar que a empresa de arrendamento mercantil assuma todas as despesas com o seguro do bem.","1","11/02/2024 10:49:52","11/02/2024 10:49:52"
"MULTCHOICE","False",,,,"805578",,"419150","2050",,"Cinco dias úteis.","1","11/02/2024 10:50:18","11/02/2024 10:50:18"
"MULTCHOICE","False",,,,"805579",,"419150","2047",,"Capitalização.","1","11/02/2024 10:50:34","11/02/2024 10:50:34"
"MULTCHOICE","False",,,,"805580",,"419150","2051",,"Encaminhar resposta conclusiva para a demanda dos reclamantes, após dar adequado tratamento às reclamações recebidas.","1","11/02/2024 10:51:19","11/02/2024 10:51:19"
"MULTCHOICE","False",,,,"805581",,"419150","2030",,"O primeiro requisito do atendimento é o conhecimento, pois possibilita segurança ao tratar com o cliente.","1","11/02/2024 10:51:40","11/02/2024 10:51:40"
"MULTCHOICE","False",,,,"805582",,"419150","2067",,"Responde como devedor principal e solidário da obrigação e o nome do empregado não pode ser inscrito em cadastro de inadimplente.","1","11/02/2024 10:52:07","11/02/2024 10:52:07"
"MULTCHOICE","False",,,,"805583",,"419150","2052",,"Distinguir fatos de opiniões, pessoais ou de mercado, com relação aos produtos e serviços oferecidos aos clientes.","1","11/02/2024 10:52:37","11/02/2024 10:52:37"
"MULTCHOICE","False",,,,"805584",,"419150","2063",,"O consumidor será informado sobre a resolução de sua demanda no prazo máximo de setenta e duas horas por correspondência ou por meio eletrônico, a seu critério.","0","11/02/2024 10:53:21","11/02/2024 10:53:21"
"MULTCHOICE","False",,,,"805585",,"419150","2059",,"A inclusão de cláusula estipulando que o contratante será previamente informado da elevação respectiva, por meio do veículo de comunicação previsto contratualmente.","1","11/02/2024 10:53:52","11/02/2024 10:53:52"
"MULTCHOICE","False",,,,"805586",,"419150","2029",,"O resumo contratual (sumário executivo) da operação.","1","11/02/2024 10:54:59","11/02/2024 10:54:59"
"MULTCHOICE","False",,,,"805587",,"419150","2036",,"Demonstrativo de pagamento de salário ou comprovante de benefício de aposentadoria/pensão, quando for o caso.","1","11/02/2024 10:55:12","11/02/2024 10:55:12"
"MULTCHOICE","False",,,,"805588",,"419150","2053",,"O objetivo está em prestar esclarecimentos imediatos à referida equipe, sobre seus produtos e serviços e deve atender também às demandas dos seus clientes e usuários ao contratado.","1","11/02/2024 10:55:35","11/02/2024 10:55:35"
"MULTCHOICE","False",,,,"805589",,"419150","2035",,"Rotativas (exemplo   :   cheque especial) e pontuais (parcelas e prazo fixo).","1","11/02/2024 10:56:20","11/02/2024 10:56:20"
"MULTCHOICE","False",,,,"805590",,"419150","2044",,"De forma clara e legível, o Custo Efetivo Total (CET), o referencial de remuneração e a taxa mensal e anual de juros.","1","11/02/2024 10:56:47","11/02/2024 10:56:47"
"MULTCHOICE","False",,,,"805591",,"419150","2049",,"Verificar a adequação da oferta de crédito realizada ao perfil econômico e a capacidade de pagamento do consumidor contratante.","1","11/02/2024 10:58:29","11/02/2024 10:58:29"
"MULTCHOICE","False",,,,"805592",,"419150","2048",,"Menor será o seu valor presente.","1","11/02/2024 10:59:21","11/02/2024 10:59:21"
"MULTCHOICE","False",,,,"805593",,"419150","2038",,"Do valor total financiado e a taxa mensal e anual de juros.","1","11/02/2024 11:00:18","11/02/2024 11:00:18"
"MULTCHOICE","False",,,,"805594",,"419150","2025",,"Risco.","1","11/02/2024 11:00:39","11/02/2024 11:00:39"
"MULTCHOICE","False",,,,"805595",,"419150","2066",,"Sempre prefixados.","0","11/02/2024 11:00:55","11/02/2024 11:00:55"
"MULTCHOICE","False",,,,"805596",,"419150","2039",,"Verbas rescisórias são as quantias já pagas pelo empregador ao empregado.","0","11/02/2024 11:01:42","11/02/2024 11:01:42"
"MULTCHOICE","False",,,,"805597",,"419150","2037",,"Cadastral.","1","11/02/2024 11:01:56","11/02/2024 11:01:56"
"MULTCHOICE","False",,,,"805598",,"419150","2024",,"As entradas e saídas de valores (dinheiro) efetivadas no decorrer do tempo numa dada operação.","1","11/02/2024 11:02:15","11/02/2024 11:02:15"
"MULTCHOICE","False",,,,"805599",,"419150","2061",,"Semestral.","1","11/02/2024 11:02:41","11/02/2024 11:02:41"
"MULTCHOICE","False",,,,"805600",,"419150","2058",,"Em local visível no recinto das dependências das instituições e de seus correspondentes.","1","11/02/2024 11:03:02","11/02/2024 11:03:02"
"MULTCHOICE","False",,,,"805601",,"419150","2070",,"Devolver o bem à empresa de arrendamento mercantil.","1","11/02/2024 11:03:27","11/02/2024 11:03:27"
"MULTCHOICE","False",,,,"805602",,"419150","2043",,"Ter a opção de comprar o bem por um valor previamente estabelecido ao final do contrato.","1","11/02/2024 11:03:46","11/02/2024 11:03:46"
"MULTCHOICE","False",,,,"805603",,"419150","2055",,"De relacionamento, de sensibilidade e do negócio.","1","11/02/2024 11:04:08","11/02/2024 11:04:08"
"MULTCHOICE","False",,,,"805604",,"419150","2032",,"Integridade, equidade, respeito ao consumidor, transparência, excelência, sustentabilidade e confiança.","1","11/02/2024 11:04:32","11/02/2024 11:04:32"
"MULTCHOICE","False",,,,"805605",,"419150","2028",,"O fornecedor deverá informar em 5 dias úteis a todos os bancos de dados para a retirada da negativação em nome do consumidor.","1","11/02/2024 11:05:07","11/02/2024 11:05:07"
"MULTCHOICE","False",,,,"805606",,"419150","2057",,"Nunca um temporário terá direito ao crédito consignado.","0","11/02/2024 11:05:32","11/02/2024 11:05:32"
"MULTCHOICE","False",,,,"805607",,"419150","2064",,"É dever da ouvidoria quanto às reclamações recebidas.","1","11/02/2024 11:06:25","11/02/2024 11:06:25"
"MULTCHOICE","False",,,,"805608",,"419150","2054",,"As Sociedade de Crédito, Financiamento e Investimento (Financeiras).","1","11/02/2024 11:06:43","11/02/2024 11:06:43"
"MULTCHOICE","False",,,,"805609",,"419150","2065",,"Da padronização dos documentos a serem utilizados nos procedimentos de oferta e contratação de operações de crédito direto ao consumidor e de arrendamento mercantil financeiro.","1","11/02/2024 11:07:32","11/02/2024 11:07:32"
"MULTCHOICE","False",,,,"805610",,"419150","2062",,"Financiamento do consumo das pessoas físicas e do capital de giro das empresas.","1","11/02/2024 11:07:57","11/02/2024 11:07:57"
"MULTCHOICE","False",,,,"805611",,"419150","2027",,"Efetuada total ou parcialmente, acarreta obrigatoriamente a redução proporcional dos juros e demais acréscimos.","1","11/02/2024 11:08:51","11/02/2024 11:08:51"
"MULTCHOICE","False",,,,"805612",,"419150","2045",,"da realização de operações de crédito mediante penhor civil de bens e a gestão dos recursos do FGTS. ","1","11/02/2024 11:08:59","11/02/2024 11:08:59"
"MULTCHOICE","False",,,,"805613",,"419150","2033",,"Usar crachá de identificação visível ao cliente, ser ético e apresentar os planos oferecidos por todas as instituições para o cliente ter a opção de escolha.","1","11/02/2024 11:09:19","11/02/2024 11:09:19"
"MULTCHOICE","False",,,,"805614",,"419150","2040",,"Os titulares de benefícios de aposentadoria e pensão por morte pagos pelo INSS.","1","11/02/2024 11:09:53","11/02/2024 11:09:53"
"MULTCHOICE","False",,,,"805615",,"419150","2031",,"O Programa de autorregulação de crédito responsável estabelece diretrizes e procedimentos a serem observados nas etapas de oferta e contratação de crédito e tratamento dos superendividados.","1","11/02/2024 11:10:22","11/02/2024 11:10:26"
"MULTCHOICE","False",,,,"805616",,"419051","2336",,"De forma clara e legível, o limite de crédito disponível e a taxa mensal de juros.","0","11/02/2024 11:52:00","11/02/2024 11:52:00"
"MULTCHOICE","False",,,,"805617",,"419051","2323",,"FMI.","1","11/02/2024 12:00:00","11/02/2024 12:00:00"
"MULTCHOICE","False",,,,"805618",,"419051","2346",,"Pode celebrar a consignação independente do prazo do contrato de temporário.","0","11/02/2024 12:04:22","11/02/2024 12:04:22"
"MULTCHOICE","False",,,,"805619",,"419051","2345",,"O somatório dos descontos e/ou retenções consignados para pagamento de empréstimo pessoal não exceda, a qualquer momento, a trinta por cento do valor do benefício.","0","11/02/2024 12:05:22","11/02/2024 12:05:22"
"MULTCHOICE","False",,,,"805620",,"419051","2351",,"Responde como devedor principal e solidário da obrigação e o nome do empregado não pode ser inscrito em cadastro de inadimplente.","1","11/02/2024 12:09:13","11/02/2024 12:09:13"
"MULTCHOICE","False",,,,"805621",,"419051","2353",,"Financiamento do consumo das pessoas físicas e do capital de giro das empresas.","1","11/02/2024 12:11:01","11/02/2024 12:11:02"
"MULTCHOICE","False",,,,"805622",,"419051","2324",,"Tarifa.","1","11/02/2024 12:11:18","11/02/2024 12:11:18"
"MULTCHOICE","False",,,,"805623",,"419051","2350",,"Sempre prefixados.","0","11/02/2024 12:12:23","11/02/2024 12:12:23"
"MULTCHOICE","False",,,,"805624",,"419052","2327",,"De todos os riscos, com moderação, para tentar não perder o negócio.","0","11/02/2024 21:59:42","11/02/2024 21:59:42"
"MULTCHOICE","False",,,,"805625",,"419052","2354",,"De relacionamento, médica e de aversão a risco.","0","11/02/2024 22:00:04","11/02/2024 22:00:19"
"MULTCHOICE","False",,,,"805626",,"419052","2336",,"De forma clara e legível, o Custo Efetivo Total (CET), o referencial de remuneração e a taxa mensal e anual de juros.","1","11/02/2024 22:01:35","11/02/2024 22:01:39"
"MULTCHOICE","False",,,,"805627",,"419052","2351",,"Não pode ser cobrado nem ter seu nome inscrito como inadimplente por empréstimo feito por seu empregado.","0","11/02/2024 22:05:31","11/02/2024 22:05:31"
"MULTCHOICE","False",,,,"805628",,"419052","2325",,"Investimento e financiamento. ","1","11/02/2024 22:05:47","11/02/2024 22:05:47"
"MULTCHOICE","False",,,,"805629",,"419052","2352",,"Nos convênios celebrados entre instituições securitárias e INSS.","0","11/02/2024 22:06:02","11/02/2024 22:06:02"
"MULTCHOICE","False",,,,"805630",,"419052","2330",,"As signatárias devem manter, na sua publicidade de produtos de crédito, mensagem que oriente o consumidor ao uso irresponsável do crédito.","0","11/02/2024 22:06:39","11/02/2024 22:07:43"
"MULTCHOICE","False",,,,"805631",,"419053","2043",,"Ter a opção de comprar o bem por um valor previamente estabelecido ao final do contrato.","1","11/02/2024 22:43:40","11/02/2024 22:43:40"
"MULTCHOICE","False",,,,"805632",,"419053","2053",,"O objetivo está em prestar esclarecimentos imediatos à referida equipe, sobre seus produtos e serviços e deve atender também às demandas dos seus clientes e usuários ao contratado.","1","11/02/2024 22:44:07","11/02/2024 22:44:07"
"MULTCHOICE","False",,,,"805633",,"419053","2024",,"As entradas e saídas de valores (dinheiro) efetivadas no decorrer do tempo numa dada operação.","1","11/02/2024 22:45:13","11/02/2024 22:45:13"
"MULTCHOICE","False",,,,"805634",,"419053","2028",,"O fornecedor não possui a obrigação de informar aos bancos de dados sobre a retirada da negativação em nome do consumidor.","0","11/02/2024 22:45:29","11/02/2024 22:49:06"
"MULTCHOICE","False",,,,"805635",,"419053","2035",,"Leasing e Financiamento de Veículo.","0","11/02/2024 22:51:12","11/02/2024 22:51:12"
"MULTCHOICE","False",,,,"805636",,"419053","2031",,"O Programa de autorregulação de crédito responsável estabelece diretrizes e procedimentos a serem observados nas etapas de oferta e contratação de crédito e tratamento dos superendividados.","1","11/02/2024 22:52:42","11/02/2024 22:52:42"
"MULTCHOICE","False",,,,"805637",,"419053","2064",,"É dever da ouvidoria quanto às reclamações recebidas.","1","11/02/2024 22:58:59","11/02/2024 22:58:59"
"MULTCHOICE","False",,,,"805638",,"419053","2067",,"Não pode ser cobrado nem ter seu nome inscrito como inadimplente por empréstimo feito por seu empregado.","0","11/02/2024 23:02:18","11/02/2024 23:02:18"
"MULTCHOICE","False",,,,"805639",,"419053","2025",,"Risco.","1","11/02/2024 23:02:34","11/02/2024 23:02:34"
"MULTCHOICE","False",,,,"805640",,"419053","2032",,"Integridade, equidade, respeito ao consumidor, transparência, excelência, sustentabilidade e confiança.","1","11/02/2024 23:05:42","11/02/2024 23:05:42"
"MULTCHOICE","False",,,,"805641",,"419053","2030",,"O primeiro requisito do atendimento é o conhecimento, pois possibilita segurança ao tratar com o cliente.","1","11/02/2024 23:06:10","11/02/2024 23:06:10"
"MULTCHOICE","False",,,,"805642",,"419053","2042",,"Solicitar que a empresa de arrendamento mercantil assuma todas as despesas com o seguro do bem.","1","11/02/2024 23:06:33","11/02/2024 23:06:33"
"MULTCHOICE","False",,,,"805643",,"419053","2033",,"Usar crachá de identificação visível ao cliente, ser ético e apresentar os planos oferecidos por todas as instituições para o cliente ter a opção de escolha.","1","11/02/2024 23:06:54","11/02/2024 23:06:54"
"MULTCHOICE","False",,,,"805644",,"419053","2054",,"As Sociedade de Crédito, Financiamento e Investimento (Financeiras).","1","11/02/2024 23:22:48","11/02/2024 23:22:48"
"MULTCHOICE","False",,,,"805645",,"419053","2023",,"Investimento e financiamento.","1","11/02/2024 23:23:00","11/02/2024 23:23:00"
"MULTCHOICE","False",,,,"805646",,"419053","2041",,"Financeiro e operacional.","1","11/02/2024 23:23:55","11/02/2024 23:23:55"
"MULTCHOICE","False",,,,"805647",,"419053","2047",,"Equalização.","0","11/02/2024 23:24:28","11/02/2024 23:24:28"
"MULTCHOICE","False",,,,"805648",,"419053","2020",,"FMI.","1","11/02/2024 23:24:44","11/02/2024 23:24:44"
"MULTCHOICE","False",,,,"805649",,"419053","2038",,"Do valor total financiado e a taxa mensal e anual de juros.","1","11/02/2024 23:25:38","11/02/2024 23:25:38"
"MULTCHOICE","False",,,,"805650",,"419053","2050",,"Cinco dias úteis.","1","11/02/2024 23:26:53","11/02/2024 23:27:41"
"MULTCHOICE","False",,,,"805677",,"419051","2341",,"Cinco dias úteis.","1","11/02/2024 11:53:42","11/02/2024 11:53:42"
"MULTCHOICE","False",,,,"805678",,"419051","2335",,"Os titulares de benefícios de aposentadoria e pensão por morte pagos pelo INSS.","1","11/02/2024 11:54:03","11/02/2024 11:54:03"
"MULTCHOICE","False",,,,"805679",,"419051","2337",,"(i) Banco Central; (ii) Banco do Brasil.","0","11/02/2024 11:55:34","11/02/2024 11:55:34"
"MULTCHOICE","False",,,,"805680",,"419051","2349",,"Da padronização dos documentos a serem utilizados nos procedimentos de oferta e contratação de operações de crédito direto ao consumidor e de arrendamento mercantil financeiro.","1","11/02/2024 12:04:01","11/02/2024 12:04:01"
"MULTCHOICE","False",,,,"805681",,"419051","2329",,"O fornecedor deverá informar em 5 dias úteis a todos os bancos de dados para a retirada da negativação em nome do consumidor.","1","11/02/2024 12:10:20","11/02/2024 12:10:22"
"MULTCHOICE","False",,,,"805682",,"419051","2355",,"Encaminhar resposta conclusiva para a demanda dos reclamantes, após dar adequado tratamento às reclamações recebidas.","1","11/02/2024 12:13:39","11/02/2024 12:13:39"
"MULTCHOICE","False",,,,"805683",,"419051","2334",,"Instituição consignatária é a instituição autorizada a conceder empréstimo ou financiamento.","1","11/02/2024 12:14:16","11/02/2024 12:14:16"
"MULTCHOICE","False",,,,"805684",,"419052","2347",,"Houver indícios de crime contra o Sistema Financeiro Monetário, dispensando inclusive a necessidade de inquérito policial.","0","11/02/2024 21:44:44","11/02/2024 21:45:18"
"MULTCHOICE","False",,,,"805685",,"419052","2339",,"Menor será o seu valor presente.","1","11/02/2024 21:45:41","11/02/2024 21:45:41"
"MULTCHOICE","False",,,,"805686",,"419052","2343",,"O objetivo está em prestar esclarecimentos imediatos à referida equipe, sobre seus produtos e serviços e deve atender também às demandas dos seus clientes e usuários ao contratado.","1","11/02/2024 21:46:55","11/02/2024 21:46:55"
"MULTCHOICE","False",,,,"805687",,"419052","2323",,"FMI.","1","11/02/2024 21:47:04","11/02/2024 21:47:04"
"MULTCHOICE","False",,,,"805688",,"419052","2346",,"For observada a vigência do contrato para fins do empréstimo ou de financiamentos.","1","11/02/2024 21:47:34","11/02/2024 21:47:34"
"MULTCHOICE","False",,,,"805689",,"419052","2332",,"É obrigatório ser cliente da instituição e possuir cadastro aprovado previamente.","0","11/02/2024 21:47:53","11/02/2024 21:47:53"
"MULTCHOICE","False",,,,"805690",,"419052","2334",,"Instituição consignatária é a instituição autorizada a conceder empréstimo ou financiamento.","1","11/02/2024 21:48:27","11/02/2024 21:48:27"
"MULTCHOICE","False",,,,"805691",,"419052","2344",,"As Sociedade de Crédito, Financiamento e Investimento (Financeiras).","1","11/02/2024 21:48:57","11/02/2024 21:48:57"
"MULTCHOICE","False",,,,"805692",,"419052","2340",,"Verificar a adequação da oferta de crédito realizada ao perfil econômico e a capacidade de pagamento do consumidor contratante.","1","11/02/2024 21:49:39","11/02/2024 21:49:49"
"MULTCHOICE","False",,,,"805693",,"419052","2331",,"Usar crachá de identificação visível ao cliente, ser ético e apresentar os planos oferecidos por todas as instituições para o cliente ter a opção de escolha.","1","11/02/2024 21:50:55","11/02/2024 21:50:55"
"MULTCHOICE","False",,,,"805694",,"419052","2329",,"O fornecedor deverá informar em 5 dias úteis a todos os bancos de dados para a retirada da negativação em nome do consumidor.","1","11/02/2024 21:51:19","11/02/2024 21:51:19"
"MULTCHOICE","False",,,,"805695",,"419052","2342",,"Distinguir fatos de opiniões, pessoais ou de mercado, com relação aos produtos e serviços oferecidos aos clientes.","1","11/02/2024 21:52:08","11/02/2024 21:52:08"
"MULTCHOICE","False",,,,"805696",,"419052","2326",,"Comportamento Socioambiental.","0","11/02/2024 21:52:32","11/02/2024 21:52:39"
"MULTCHOICE","False",,,,"805697",,"419052","2350",,"Normalmente prefixados, contudo, se previsto em contrato, podem ser pós-fixados.","1","11/02/2024 21:52:57","11/02/2024 21:52:57"
"MULTCHOICE","False",,,,"805698",,"419052","2338",,"Equalização.","0","11/02/2024 21:53:20","11/02/2024 21:53:29"
"MULTCHOICE","False",,,,"805699",,"419052","2356",,"As entradas e saídas de valores (dinheiro) efetivadas no decorrer do tempo numa dada operação.","1","11/02/2024 21:53:56","11/02/2024 21:53:56"
"MULTCHOICE","False",,,,"805700",,"419052","2333",,"Da autorização do INSS para a contratação do crédito.","0","11/02/2024 21:55:31","11/02/2024 21:55:31"
"MULTCHOICE","False",,,,"805701",,"419052","2337",,"(i) CMN - Conselho Monetário Nacional; (ii) Banco Central.","1","11/02/2024 22:02:54","11/02/2024 22:02:54"
"MULTCHOICE","False",,,,"805702",,"419052","2345",,"A instituição financeira tenha celebrado convênio com o INSS para esse fim.","0","11/02/2024 22:04:06","11/02/2024 22:04:06"
"MULTCHOICE","False",,,,"805703",,"419052","2341",,"Cinco dias úteis.","1","11/02/2024 22:04:38","11/02/2024 22:04:38"
"MULTCHOICE","False",,,,"805704",,"419053","2027",,"Efetuada total ou parcialmente, acarreta obrigatoriamente a redução proporcional dos juros e demais acréscimos.","1","11/02/2024 22:28:07","11/02/2024 22:28:07"
"MULTCHOICE","False",,,,"805705",,"419053","2057",,"Nunca um temporário terá direito ao crédito consignado.","0","11/02/2024 22:28:25","11/02/2024 22:28:25"
"MULTCHOICE","False",,,,"805706",,"419053","2051",,"Encaminhar resposta conclusiva para a demanda dos reclamantes, após dar adequado tratamento às reclamações recebidas.","1","11/02/2024 22:29:28","11/02/2024 22:29:28"
"MULTCHOICE","False",,,,"805707",,"419053","2058",,"Em local visível no recinto das dependências das instituições e de seus correspondentes.","1","11/02/2024 22:33:38","11/02/2024 22:33:38"
"MULTCHOICE","False",,,,"805708",,"419053","2055",,"De relacionamento, de sensibilidade e do negócio.","1","11/02/2024 22:34:03","11/02/2024 22:34:03"
"MULTCHOICE","False",,,,"805709",,"419053","2066",,"Sempre prefixados.","0","11/02/2024 22:35:16","11/02/2024 22:35:16"
"MULTCHOICE","False",,,,"805710",,"419053","2029",,"O resumo contratual (sumário executivo) da operação.","1","11/02/2024 22:37:29","11/02/2024 22:37:29"
"MULTCHOICE","False",,,,"805711",,"419053","2045",,"do financiamento do setor habitacional. ","0","11/02/2024 22:37:42","11/02/2024 22:37:42"
"MULTCHOICE","False",,,,"805712",,"419053","2061",,"Semestral.","1","11/02/2024 22:42:27","11/02/2024 22:43:25"
"MULTCHOICE","False",,,,"805713",,"419053","2068",,"Por meio das normativas do INSS.","1","11/02/2024 22:54:57","11/02/2024 22:54:57"
"MULTCHOICE","False",,,,"805714",,"419053","2063",,"O consumidor será informado sobre a resolução de sua demanda no prazo máximo de setenta e duas horas por correspondência ou por meio eletrônico, a seu critério.","0","11/02/2024 23:08:00","11/02/2024 23:08:00"
"MULTCHOICE","False",,,,"805715",,"419053","2062",,"Financiamento do consumo das pessoas físicas e do capital de giro das empresas.","1","11/02/2024 23:10:39","11/02/2024 23:10:39"
"MULTCHOICE","False",,,,"805716",,"419053","2065",,"Da padronização dos documentos a serem utilizados nos procedimentos de oferta e contratação de operações de crédito direto ao consumidor e de arrendamento mercantil financeiro.","1","11/02/2024 23:11:26","11/02/2024 23:11:26"
"MULTCHOICE","False",,,,"805717",,"419053","2021",,"Tarifa.","1","11/02/2024 23:12:40","11/02/2024 23:12:40"
"MULTCHOICE","False",,,,"805718",,"419053","2070",,"Devolver o bem à empresa de arrendamento mercantil.","1","11/02/2024 23:13:04","11/02/2024 23:13:04"
"MULTCHOICE","False",,,,"805719",,"419053","2037",,"Cadastral.","1","11/02/2024 23:14:53","11/02/2024 23:14:53"
"MULTCHOICE","False",,,,"805720",,"419053","2039",,"Instituição consignatária é a instituição autorizada a conceder empréstimo ou financiamento.","1","11/02/2024 23:15:59","11/02/2024 23:15:59"
"MULTCHOICE","False",,,,"805721",,"419053","2048",,"Menor será o seu valor presente.","1","11/02/2024 23:16:42","11/02/2024 23:16:42"
"MULTCHOICE","False",,,,"805722",,"419053","2036",,"Demonstrativo de pagamento de salário ou comprovante de benefício de aposentadoria/pensão, quando for o caso.","1","11/02/2024 23:17:02","11/02/2024 23:17:02"
"MULTCHOICE","False",,,,"805778",,"419051","2330",,"O Programa de autorregulação de crédito responsável estabelece diretrizes e procedimentos a serem observados nas etapas de oferta e contratação de crédito e tratamento dos superendividados.","1","11/02/2024 12:15:13","11/02/2024 12:15:13"
"MULTCHOICE","False",,,,"805779",,"419053","2022",,"Todas as modalidades de crédito e as formas de operação creditícia, com exceção de avais.","0","11/02/2024 22:22:55","11/02/2024 22:22:55"
"MULTCHOICE","False",,,,"805780",,"419053","2044",,"De forma clara e legível, o limite de crédito disponível e a taxa mensal de juros.","0","11/02/2024 22:26:00","11/02/2024 22:26:00"
"MULTCHOICE","False",,,,"805781",,"419053","2049",,"Verificar a adequação da oferta de crédito realizada ao perfil econômico e a capacidade de pagamento do consumidor contratante.","1","11/02/2024 22:27:39","11/02/2024 22:27:39"
"MULTCHOICE","False",,,,"805782",,"419053","2052",,"Distinguir fatos de opiniões, pessoais ou de mercado, com relação aos produtos e serviços oferecidos aos clientes.","1","11/02/2024 22:37:12","11/02/2024 22:37:12"
"MULTCHOICE","False",,,,"805783",,"419053","2069",,"Aquisição.","1","11/02/2024 22:40:05","11/02/2024 22:40:05"
"MULTCHOICE","False",,,,"805784",,"419053","2034",,"É obrigatório ser cliente da instituição e possuir cadastro aprovado previamente.","0","11/02/2024 22:40:20","11/02/2024 22:40:20"
"MULTCHOICE","False",,,,"805785",,"419053","2059",,"A inclusão de cláusula estipulando que o contratante será previamente informado da elevação respectiva, independentemente de previsão contratual.","0","11/02/2024 23:18:59","11/02/2024 23:18:59"
"MULTCHOICE","False",,,,"805786",,"419053","2046",,"A fabricação de papel moeda.","1","11/02/2024 23:20:19","11/02/2024 23:20:19"
"MULTCHOICE","False",,,,"805787",,"419053","2040",,"Os titulares de benefícios de aposentadoria e pensão por morte pagos pelo INSS.","1","11/02/2024 23:20:45","11/02/2024 23:20:45"
"MULTCHOICE","False",,,,"805788",,"419053","2056",,"A operação financeira tenha sido realizada pela própria instituição financeira ou pela sociedade de arrendamento mercantil a ela vinculada.","1","11/02/2024 23:21:28","11/02/2024 23:21:28"
"MULTCHOICE","False",,,,"805789",,"419053","2026",,"De todos os riscos, de modo detalhado, ainda que venha a perder o negócio.","1","11/02/2024 23:21:43","11/02/2024 23:21:43"
"MULTCHOICE","False",,,,"805879",,"419251","2341",,"Cinco dias úteis.","1","12/02/2024 08:19:04","12/02/2024 08:19:04"
"MULTCHOICE","False",,,,"805880",,"419251","2332",,"Não é necessário ser cliente da instituição, mas ter cadastro aprovado.","1","12/02/2024 08:19:30","12/02/2024 08:19:30"
"MULTCHOICE","False",,,,"805881",,"419251","2330",,"As signatárias devem manter, na sua publicidade de produtos de crédito, mensagem que oriente o consumidor ao uso irresponsável do crédito.","0","12/02/2024 08:20:57","12/02/2024 08:20:57"
"MULTCHOICE","False",,,,"805882",,"419251","2355",,"Encaminhar as reclamações recebidas às respectivas agências de atendimento habitual competente, após prestar esclarecimentos.","0","12/02/2024 08:21:31","12/02/2024 08:21:31"
"MULTCHOICE","False",,,,"805883",,"419251","2327",,"De nenhum risco, salvo quando veiculado pela política do Correspondente com o qual você tem vínculo.","0","12/02/2024 08:24:25","12/02/2024 08:24:25"
"MULTCHOICE","False",,,,"805884",,"419251","2348",,"O consumidor será informado sobre a resolução de sua demanda no prazo máximo de setenta e duas horas por correspondência ou por meio eletrônico, a seu critério.","0","12/02/2024 08:25:01","12/02/2024 08:25:01"
"MULTCHOICE","False",,,,"805885",,"419251","2326",,"Risco.","1","12/02/2024 08:25:54","12/02/2024 08:25:54"
"MULTCHOICE","False",,,,"805886",,"419251","2352",,"Por meio das Resoluções do Banco Central do Brasil.","0","12/02/2024 08:26:12","12/02/2024 08:26:12"
"MULTCHOICE","False",,,,"805887",,"419251","2342",,"Distinguir fatos de opiniões, pessoais ou de mercado, com relação aos produtos e serviços oferecidos aos clientes.","1","12/02/2024 08:27:00","12/02/2024 08:27:00"
"MULTCHOICE","False",,,,"805888",,"419352","2326",,"Risco.","1","12/02/2024 10:10:28","12/02/2024 10:10:28"
"MULTCHOICE","False",,,,"805889",,"419352","2328",,"Efetuada total ou parcialmente, acarreta obrigatoriamente a redução proporcional dos juros e demais acréscimos.","1","12/02/2024 10:13:16","12/02/2024 10:13:33"
"MULTCHOICE","False",,,,"805890",,"419352","2347",,"Houver processo administrativo instaurado e tais exames sejam considerados indispensáveis pela autoridade administrativa competente.","1","12/02/2024 10:18:31","12/02/2024 10:19:32"
"MULTCHOICE","False",,,,"805891",,"419352","2355",,"Encaminhar as reclamações recebidas às respectivas agências de atendimento habitual competente, após prestar esclarecimentos.","0","12/02/2024 10:28:27","12/02/2024 10:28:27"
"MULTCHOICE","False",,,,"805892",,"419352","2356",,"As entradas e saídas de valores (dinheiro) efetivadas no decorrer do tempo numa dada operação.","1","12/02/2024 10:29:32","12/02/2024 10:29:32"
"MULTCHOICE","False",,,,"805893",,"419352","2353",,"Financiamento do consumo das pessoas físicas e do capital de giro das empresas.","1","12/02/2024 10:30:00","12/02/2024 10:30:29"
"MULTCHOICE","False",,,,"805894",,"419352","2333",,"Do valor total financiado e a taxa mensal e anual de juros.","1","12/02/2024 10:34:35","12/02/2024 10:34:35"
"MULTCHOICE","False",,,,"805895",,"419352","2330",,"O Programa de autorregulação de crédito responsável estabelece diretrizes e procedimentos a serem observados nas etapas de oferta e contratação de crédito e tratamento dos superendividados.","1","12/02/2024 10:35:15","12/02/2024 10:36:36"
"MULTCHOICE","False",,,,"805896",,"419352","2338",,"Capitalização.","1","12/02/2024 10:37:04","12/02/2024 10:37:04"
"MULTCHOICE","False",,,,"805897",,"419352","2351",,"Responde como devedor principal e solidário da obrigação e o nome do empregado não pode ser inscrito em cadastro de inadimplente.","1","12/02/2024 10:55:07","12/02/2024 10:55:07"
"MULTCHOICE","False",,,,"805898",,"419352","2345",,"A operação financeira tenha sido realizada pela própria instituição financeira ou pela sociedade de arrendamento mercantil a ela vinculada.","1","12/02/2024 10:57:40","12/02/2024 11:00:08"
"MULTCHOICE","False",,,,"805899",,"419453","2439",,"De forma clara e legível, o Custo Efetivo Total (CET), o referencial de remuneração e a taxa mensal e anual de juros.","1","12/02/2024 16:32:31","12/02/2024 16:32:31"
"MULTCHOICE","False",,,,"805900",,"419453","2438",,"Operacional.","0","12/02/2024 16:33:07","12/02/2024 16:33:13"
"MULTCHOICE","False",,,,"805901",,"419453","2455",,"A fabricação de papel moeda.","1","12/02/2024 16:34:04","12/02/2024 16:34:04"
"MULTCHOICE","False",,,,"805902",,"419453","2454",,"Em local visível, apenas para colaboradores, no recinto das dependências das instituições e de seus correspondentes.","0","12/02/2024 16:34:06","12/02/2024 16:34:06"
"MULTCHOICE","False",,,,"805903",,"419453","2431",,"O resumo contratual (sumário executivo) da operação.","1","12/02/2024 16:34:07","12/02/2024 16:34:07"
"MULTCHOICE","False",,,,"805904",,"419453","2447",,"As Sociedades de Arrendamento Mercantil.","0","12/02/2024 16:34:08","12/02/2024 16:34:08"
"MULTCHOICE","False",,,,"805905",,"419453","2450",,"Mensal.","0","12/02/2024 16:34:09","12/02/2024 16:34:17"
"MULTCHOICE","False",,,,"805906",,"419453","2441",,"Multiplicação.","0","12/02/2024 16:34:21","12/02/2024 16:34:21"
"MULTCHOICE","False",,,,"805907",,"419453","2448",,"De parentesco, psicológica e setorial.","0","12/02/2024 16:34:22","12/02/2024 16:34:22"
"MULTCHOICE","False",,,,"805908",,"419453","2437",,"Demonstrativo de pagamento de salário ou comprovante de benefício de aposentadoria/pensão, quando for o caso.","1","12/02/2024 16:34:23","12/02/2024 16:34:23"
"MULTCHOICE","False",,,,"805909",,"419453","2427",,"Risco.","1","12/02/2024 16:34:24","12/02/2024 16:34:24"
"MULTCHOICE","False",,,,"805910",,"419453","2449",,"Forem detectados indícios de falhas, incorreções ou omissões pela instituição financeira junto ao BNDES.","0","12/02/2024 16:34:26","12/02/2024 16:34:26"
"MULTCHOICE","False",,,,"805911",,"419453","2430",,"O fornecedor deverá informar em 5 dias úteis a todos os bancos de dados para a retirada da negativação em nome do consumidor.","1","12/02/2024 16:34:27","12/02/2024 16:34:27"
"MULTCHOICE","False",,,,"805912",,"419453","2426",,"Planejamento estratégico e clima organizacional.","0","12/02/2024 16:34:28","12/02/2024 16:34:28"
"MULTCHOICE","False",,,,"805913",,"419453","2445",,"Distinguir fatos de opiniões, pessoais ou de mercado, com relação aos produtos e serviços oferecidos aos clientes.","1","12/02/2024 16:34:30","12/02/2024 16:34:30"
"MULTCHOICE","False",,,,"805914",,"419453","2453",,"Normalmente prefixados, contudo, se previsto em contrato, podem ser pós-fixados.","1","12/02/2024 16:34:31","12/02/2024 16:34:31"
"MULTCHOICE","False",,,,"805915",,"419453","2440",,"Realizar penhor de bens pessoais e recolher o FGTS.","1","12/02/2024 16:34:33","12/02/2024 16:34:33"
"MULTCHOICE","False",,,,"805916",,"419453","2451",,"A cobrança será suspensa imediatamente, mas caso ela seja procedente será cobrada em dobro.","0","12/02/2024 16:34:34","12/02/2024 16:34:34"
"MULTCHOICE","False",,,,"805917",,"419453","2425",,"Juros.","0","12/02/2024 16:34:36","12/02/2024 16:34:36"
"MULTCHOICE","False",,,,"805918",,"419453","2446",,"Para que os clientes possam contribuir com o sucesso dos seus Correspondentes.","0","12/02/2024 16:34:38","12/02/2024 16:34:38"
"MULTCHOICE","False",,,,"805919",,"419453","2432",,"O Programa de autorregulação de crédito responsável estabelece diretrizes e procedimentos a serem observados nas etapas de oferta e contratação de crédito e tratamento dos superendividados.","1","12/02/2024 16:34:40","12/02/2024 16:34:40"
"MULTCHOICE","False",,,,"805920",,"419453","2444",,"Dez dias úteis.","0","12/02/2024 16:34:42","12/02/2024 16:34:42"
"MULTCHOICE","False",,,,"805921",,"419453","2456",,"Um sistema de informações que alimenta as áreas de tecnologia e informática de uma companhia.","0","12/02/2024 16:34:43","12/02/2024 16:34:43"
"MULTCHOICE","False",,,,"805922",,"419453","2428",,"De todos os riscos, com moderação, para tentar não perder o negócio.","0","12/02/2024 16:34:45","12/02/2024 16:34:45"
"MULTCHOICE","False",,,,"805980",,"419251","2346",,"Pode celebrar a consignação independente do prazo do contrato de temporário.","0","12/02/2024 08:20:09","12/02/2024 08:20:09"
"MULTCHOICE","False",,,,"805981",,"419251","2340",,"Verificar a adequação da oferta de crédito realizada ao perfil econômico e a capacidade de pagamento do consumidor contratante.","1","12/02/2024 08:32:33","12/02/2024 08:32:33"
"MULTCHOICE","False",,,,"805982",,"419251","2354",,"De relacionamento, médica e de aversão a risco.","0","12/02/2024 08:37:17","12/02/2024 08:37:17"
"MULTCHOICE","False",,,,"805983",,"419251","2335",,"Os titulares de benefícios de aposentadoria e pensão por morte pagos pelo INSS.","1","12/02/2024 08:37:58","12/02/2024 08:37:58"
"MULTCHOICE","False",,,,"805984",,"419251","2331",,"Usar crachá visível e informar ao cliente que só presta serviço a uma instituição financeira.","0","12/02/2024 08:38:35","12/02/2024 08:38:35"
"MULTCHOICE","False",,,,"805985",,"419251","2337",,"(i) CMN - Conselho Monetário Nacional; (ii) Banco Central.","1","12/02/2024 08:38:51","12/02/2024 08:38:51"
"MULTCHOICE","False",,,,"805986",,"419251","2333",,"Do valor total financiado e a taxa mensal e anual de juros.","1","12/02/2024 08:39:06","12/02/2024 08:39:06"
"MULTCHOICE","False",,,,"805987",,"419352","2343",,"O objetivo está em prestar esclarecimentos imediatos à referida equipe, sobre seus produtos e serviços e deve atender também às demandas dos seus clientes e usuários ao contratado.","1","12/02/2024 10:09:06","12/02/2024 10:09:06"
"MULTCHOICE","False",,,,"805988",,"419352","2337",,"(i) CMN - Conselho Monetário Nacional; (ii) Banco Central.","1","12/02/2024 10:21:01","12/02/2024 10:21:01"
"MULTCHOICE","False",,,,"805989",,"419352","2348",,"A cobrança será suspensa imediatamente, salvo se o fornecedor indicar o contrato e comprovar que o valor é efetivamente devido.","1","12/02/2024 10:42:08","12/02/2024 10:43:27"
"MULTCHOICE","False",,,,"805990",,"419453","2433",,"Integridade, equidade, respeito ao consumidor, transparência, excelência, sustentabilidade e confiança.","1","12/02/2024 16:30:48","12/02/2024 16:30:48"
"MULTCHOICE","False",,,,"805991",,"419453","2443",,"Verificar, sob avaliação da instituição financeira, o histórico do contratante, bem como se há negativação do nome do contratante.","0","12/02/2024 16:33:45","12/02/2024 16:33:45"
"MULTCHOICE","False",,,,"805992",,"419453","2429",,"Efetuada total ou parcialmente, não acarreta a redução de acréscimos.","0","12/02/2024 16:33:46","12/02/2024 16:33:46"
"MULTCHOICE","False",,,,"805993",,"419453","2435",,"É obrigatório ser cliente da instituição e possuir cadastro aprovado previamente.","0","12/02/2024 16:33:48","12/02/2024 16:33:58"
"MULTCHOICE","False",,,,"805994",,"419252","2440",,"Realizar penhor de bens pessoais e recolher o FGTS.","1","12/02/2024 16:39:00","12/02/2024 16:39:00"
"MULTCHOICE","False",,,,"805995",,"419252","2444",,"Dez dias úteis.","0","12/02/2024 16:40:02","12/02/2024 16:40:02"
"MULTCHOICE","False",,,,"806081",,"419251","2345",,"A operação financeira tenha sido realizada pela própria instituição financeira ou pela sociedade de arrendamento mercantil a ela vinculada.","1","12/02/2024 08:23:55","12/02/2024 08:23:55"
"MULTCHOICE","False",,,,"806082",,"419251","2343",,"O objetivo está em prestar esclarecimentos imediatos à referida equipe, sobre seus produtos e serviços e deve atender também às demandas dos seus clientes e usuários ao contratado.","1","12/02/2024 08:36:49","12/02/2024 08:36:49"
"MULTCHOICE","False",,,,"806083",,"419352","2341",,"Cinco dias úteis.","1","12/02/2024 10:22:47","12/02/2024 10:23:57"
"MULTCHOICE","False",,,,"806084",,"419352","2349",,"Da padronização dos documentos a serem utilizados nos procedimentos de oferta e contratação de operações de crédito direto ao consumidor e de arrendamento mercantil financeiro.","1","12/02/2024 10:38:43","12/02/2024 10:38:59"
"MULTCHOICE","False",,,,"806085",,"419352","2335",,"Os titulares de benefícios de aposentadoria e pensão por morte pagos pelo INSS.","1","12/02/2024 10:40:43","12/02/2024 10:40:46"
"MULTCHOICE","False",,,,"806086",,"419352","2340",,"Verificar a adequação da oferta de crédito realizada ao perfil econômico e a capacidade de pagamento do consumidor contratante.","1","12/02/2024 10:43:55","12/02/2024 10:44:57"
"MULTCHOICE","False",,,,"806087",,"419352","2332",,"É obrigatório ser cliente da instituição e possuir cadastro aprovado previamente.","0","12/02/2024 10:45:29","12/02/2024 10:45:29"
"MULTCHOICE","False",,,,"806088",,"419352","2336",,"De forma clara e legível, o Custo Efetivo Total (CET), o referencial de remuneração e a taxa mensal e anual de juros.","1","12/02/2024 10:46:43","12/02/2024 10:46:56"
"MULTCHOICE","False",,,,"806089",,"419352","2325",,"Investimento e financiamento. ","1","12/02/2024 10:50:36","12/02/2024 10:50:36"
"MULTCHOICE","False",,,,"806090",,"419453","2434",,"Usar crachá de identificação visível ao cliente, ser ético e apresentar os planos oferecidos por todas as instituições para o cliente ter a opção de escolha.","1","12/02/2024 16:31:19","12/02/2024 16:31:19"
"MULTCHOICE","False",,,,"806091",,"419453","2442",,"Menor será o seu valor presente.","1","12/02/2024 16:31:46","12/02/2024 16:31:46"
"MULTCHOICE","False",,,,"806092",,"419252","2435",,"Não é necessário ser cliente da instituição, mas ter cadastro aprovado.","1","12/02/2024 16:38:42","12/02/2024 16:38:42"
"MULTCHOICE","False",,,,"806093",,"419252","2424",,"FMI.","1","12/02/2024 16:39:24","12/02/2024 16:39:24"
"MULTCHOICE","False",,,,"806094",,"419252","2441",,"Capitalização.","1","12/02/2024 16:39:38","12/02/2024 16:39:38"
"MULTCHOICE","False",,,,"806182",,"419251","2324",,"Tarifa.","1","12/02/2024 08:27:39","12/02/2024 08:27:39"
"MULTCHOICE","False",,,,"806183",,"419251","2338",,"Equalização.","0","12/02/2024 08:28:33","12/02/2024 08:28:33"
"MULTCHOICE","False",,,,"806184",,"419251","2323",,"FMI.","1","12/02/2024 08:28:53","12/02/2024 08:28:53"
"MULTCHOICE","False",,,,"806185",,"419251","2329",,"O fornecedor deverá informar em 5 dias úteis a todos os bancos de dados para a retirada da negativação em nome do consumidor.","1","12/02/2024 08:29:21","12/02/2024 08:29:21"
"MULTCHOICE","False",,,,"806186",,"419251","2349",,"Dos impostos e taxas incidentes nas operações de crédito direto ao consumidor e de arrendamento mercantil financeiro.","0","12/02/2024 08:31:09","12/02/2024 08:31:09"
"MULTCHOICE","False",,,,"806187",,"419251","2357",,"Todas as modalidades de crédito e todas as formas de operações creditícias.","1","12/02/2024 08:31:57","12/02/2024 08:31:57"
"MULTCHOICE","False",,,,"806188",,"419251","2356",,"As entradas e saídas de valores (dinheiro) efetivadas no decorrer do tempo numa dada operação.","1","12/02/2024 08:32:21","12/02/2024 08:32:21"
"MULTCHOICE","False",,,,"806189",,"419251","2350",,"Sempre prefixados.","0","12/02/2024 08:33:10","12/02/2024 08:33:10"
"MULTCHOICE","False",,,,"806190",,"419251","2353",,"Alocação eficiente dos recursos escassos da economia e servir como “termômetro” do nível de atividade econômica.","0","12/02/2024 08:33:52","12/02/2024 08:33:52"
"MULTCHOICE","False",,,,"806191",,"419251","2325",,"Investimento e financiamento. ","1","12/02/2024 08:34:07","12/02/2024 08:34:07"
"MULTCHOICE","False",,,,"806192",,"419251","2344",,"As Sociedade de Crédito, Financiamento e Investimento (Financeiras).","1","12/02/2024 08:34:24","12/02/2024 08:34:24"
"MULTCHOICE","False",,,,"806193",,"419251","2334",,"Instituição consignatária é a instituição autorizada a conceder empréstimo ou financiamento.","1","12/02/2024 08:35:05","12/02/2024 08:35:05"
"MULTCHOICE","False",,,,"806194",,"419352","2327",,"De todos os riscos, de modo detalhado, ainda que venha a perder o negócio.","1","12/02/2024 10:10:09","12/02/2024 10:10:09"
"MULTCHOICE","False",,,,"806195",,"419352","2324",,"Juros.","0","12/02/2024 10:12:28","12/02/2024 10:12:28"
"MULTCHOICE","False",,,,"806196",,"419352","2339",,"Menor será o seu valor presente.","1","12/02/2024 10:14:13","12/02/2024 10:52:56"
"MULTCHOICE","False",,,,"806197",,"419352","2357",,"Todas as modalidades de crédito e todas as formas de operações creditícias.","1","12/02/2024 10:16:08","12/02/2024 10:16:08"
"MULTCHOICE","False",,,,"806198",,"419352","2329",,"O fornecedor não possui a obrigação de informar aos bancos de dados sobre a retirada da negativação em nome do consumidor.","0","12/02/2024 10:16:58","12/02/2024 10:16:58"
"MULTCHOICE","False",,,,"806199",,"419352","2331",,"Usar crachá de identificação visível ao cliente, ser ético e apresentar os planos oferecidos por todas as instituições para o cliente ter a opção de escolha.","1","12/02/2024 10:20:06","12/02/2024 10:20:06"
"MULTCHOICE","False",,,,"806200",,"419352","2323",,"FMI.","1","12/02/2024 10:20:18","12/02/2024 10:20:18"
"MULTCHOICE","False",,,,"806201",,"419352","2352",,"Por meio das normativas do INSS.","1","12/02/2024 10:49:05","12/02/2024 10:49:05"
"MULTCHOICE","False",,,,"806202",,"419352","2346",,"For observada a vigência do contrato para fins do empréstimo ou de financiamentos.","1","12/02/2024 10:51:08","12/02/2024 10:51:08"
"MULTCHOICE","False",,,,"806203",,"419252","2430",,"O fornecedor deverá informar em 5 dias úteis a todos os bancos de dados para a retirada da negativação em nome do consumidor.","1","12/02/2024 16:40:44","12/02/2024 16:40:44"
"MULTCHOICE","False",,,,"806204",,"419252","2427",,"Risco.","1","12/02/2024 16:41:09","12/02/2024 16:41:09"
"MULTCHOICE","False",,,,"806205",,"419252","2428",,"De todos os riscos, de modo detalhado, ainda que venha a perder o negócio.","1","12/02/2024 16:41:39","12/02/2024 16:41:39"
"MULTCHOICE","False",,,,"806206",,"419252","2439",,"De forma clara e legível, o Custo Efetivo Total (CET), o referencial de remuneração e a taxa mensal e anual de juros.","1","12/02/2024 16:42:21","12/02/2024 16:42:21"
"MULTCHOICE","False",,,,"806207",,"419252","2443",,"Verificar a adequação da oferta de crédito realizada ao perfil econômico e a capacidade de pagamento do consumidor contratante.","1","12/02/2024 16:42:56","12/02/2024 16:42:56"
"MULTCHOICE","False",,,,"806208",,"419252","2456",,"As entradas e saídas de valores (dinheiro) efetivadas no decorrer do tempo numa dada operação.","1","12/02/2024 16:43:19","12/02/2024 16:43:19"
"TRUEFALSE","False",,,,,"2020","54136","3343",,"1","0","11/05/2021 23:02:23","11/05/2021 23:02:23"
"TRUEFALSE","False",,,,,"2021","54136","3345",,"1","0","11/05/2021 23:02:53","11/05/2021 23:02:53"
"TRUEFALSE","False",,,,,"2022","54136","3347",,"1","0","11/05/2021 23:03:07","11/05/2021 23:03:07"
"TRUEFALSE","False",,,,,"2121","55352","3535",,"1","1","22/05/2021 14:00:57","22/05/2021 14:00:57"
"TRUEFALSE","False",,,,,"2122","55352","3442",,"1","1","22/05/2021 14:01:11","22/05/2021 14:01:11"
"TRUEFALSE","False",,,,,"2123","55352","3443",,"1","1","22/05/2021 14:01:12","22/05/2021 14:01:12"
"TRUEFALSE","False",,,,,"2124","55356","3535",,"1","1","22/05/2021 14:02:39","22/05/2021 14:02:39"
"TRUEFALSE","False",,,,,"2125","55351","3535",,"1","1","22/05/2021 14:02:57","22/05/2021 14:02:57"
"TRUEFALSE","False",,,,,"2126","55356","3442",,"1","1","22/05/2021 14:03:57","22/05/2021 14:03:57"
"TRUEFALSE","False",,,,,"2127","55356","3443",,"1","1","22/05/2021 14:04:09","22/05/2021 14:04:09"
"TRUEFALSE","False",,,,,"2128","55372","3535",,"1","1","22/05/2021 14:05:59","22/05/2021 14:05:59"
"TRUEFALSE","False",,,,,"2129","55351","3442",,"1","1","22/05/2021 14:06:05","22/05/2021 14:06:05"
"TRUEFALSE","False",,,,,"2130","55372","3442",,"1","1","22/05/2021 14:06:08","22/05/2021 14:06:08"
"TRUEFALSE","False",,,,,"2131","55372","3443",,"0","0","22/05/2021 14:06:10","22/05/2021 14:06:10"
"TRUEFALSE","False",,,,,"2132","55358","3535",,"1","1","22/05/2021 14:06:26","22/05/2021 14:06:26"
"TRUEFALSE","False",,,,,"2133","55351","3443",,"1","1","22/05/2021 14:06:41","22/05/2021 14:06:41"
"TRUEFALSE","False",,,,,"2134","55370","3535",,"1","1","22/05/2021 14:07:33","22/05/2021 14:07:33"
"TRUEFALSE","False",,,,,"2135","55363","3535",,"1","1","22/05/2021 14:07:45","22/05/2021 14:17:21"
"TRUEFALSE","False",,,,,"2136","55355","3535",,"1","1","22/05/2021 14:07:59","22/05/2021 14:07:59"
"TRUEFALSE","False",,,,,"2137","55353","3535",,"1","1","22/05/2021 14:08:45","22/05/2021 14:08:45"
"TRUEFALSE","False",,,,,"2138","55366","3535",,"1","1","22/05/2021 14:08:52","22/05/2021 14:08:52"
"TRUEFALSE","False",,,,,"2139","55365","3535",,"1","1","22/05/2021 14:09:09","22/05/2021 14:09:09"
"TRUEFALSE","False",,,,,"2140","55370","3442",,"1","1","22/05/2021 14:09:11","22/05/2021 14:09:11"
"TRUEFALSE","False",,,,,"2141","55370","3443",,"1","1","22/05/2021 14:09:26","22/05/2021 14:09:26"
"TRUEFALSE","False",,,,,"2142","55358","3442",,"1","1","22/05/2021 14:09:27","22/05/2021 14:09:27"
"TRUEFALSE","False",,,,,"2143","55354","3535",,"0","0","22/05/2021 14:09:28","22/05/2021 14:09:28"
"TRUEFALSE","False",,,,,"2144","55357","3535",,"1","0","22/05/2021 14:09:39","22/05/2021 14:09:39"
"TRUEFALSE","False",,,,,"2145","55358","3443",,"1","1","22/05/2021 14:09:43","22/05/2021 14:09:43"
"TRUEFALSE","False",,,,,"2146","55362","3535",,"1","1","22/05/2021 14:09:47","22/05/2021 14:09:47"
"TRUEFALSE","False",,,,,"2147","55368","3535",,"0","0","22/05/2021 14:12:48","22/05/2021 14:12:48"
"TRUEFALSE","False",,,,,"2148","55363","3442",,"1","1","22/05/2021 14:13:19","22/05/2021 14:13:19"
"TRUEFALSE","False",,,,,"2149","55377","3535",,"1","1","22/05/2021 14:13:37","22/05/2021 14:13:37"
"TRUEFALSE","False",,,,,"2150","55365","3442",,"1","1","22/05/2021 14:13:39","22/05/2021 14:13:39"
"TRUEFALSE","False",,,,,"2151","55363","3443",,"1","1","22/05/2021 14:13:57","22/05/2021 14:13:57"
"TRUEFALSE","False",,,,,"2152","55355","3442",,"1","1","22/05/2021 14:14:04","22/05/2021 14:14:04"
"TRUEFALSE","False",,,,,"2153","55357","3442",,"1","0","22/05/2021 14:14:06","22/05/2021 14:14:06"
"TRUEFALSE","False",,,,,"2154","55365","3443",,"1","1","22/05/2021 14:14:14","22/05/2021 14:14:14"
"TRUEFALSE","False",,,,,"2155","55355","3443",,"1","1","22/05/2021 14:14:29","22/05/2021 14:14:29"
"TRUEFALSE","False",,,,,"2156","55369","3535",,"1","1","22/05/2021 14:14:31","22/05/2021 14:14:55"
"TRUEFALSE","False",,,,,"2157","55357","3443",,"1","0","22/05/2021 14:14:55","22/05/2021 14:14:55"
"TRUEFALSE","False",,,,,"2158","55362","3442",,"1","1","22/05/2021 14:15:39","22/05/2021 14:15:39"
"TRUEFALSE","False",,,,,"2159","55371","3535",,"1","1","22/05/2021 14:16:05","22/05/2021 14:37:26"
"TRUEFALSE","False",,,,,"2160","55362","3443",,"1","1","22/05/2021 14:16:12","22/05/2021 14:16:12"
"TRUEFALSE","False",,,,,"2161","55354","3442",,"1","1","22/05/2021 14:16:20","22/05/2021 14:16:20"
"TRUEFALSE","False",,,,,"2162","55366","3442",,"1","1","22/05/2021 14:16:20","22/05/2021 14:16:20"
"TRUEFALSE","False",,,,,"2163","55368","3442",,"1","1","22/05/2021 14:16:49","22/05/2021 14:16:49"
"TRUEFALSE","False",,,,,"2164","55375","3535",,"1","1","22/05/2021 14:16:53","22/05/2021 14:16:53"
"TRUEFALSE","False",,,,,"2165","55354","3443",,"1","1","22/05/2021 14:17:04","22/05/2021 14:17:04"
"TRUEFALSE","False",,,,,"2166","55360","3535",,"0","0","22/05/2021 14:17:23","22/05/2021 14:17:23"
"TRUEFALSE","False",,,,,"2167","55364","3535",,"1","1","22/05/2021 14:17:40","22/05/2021 14:17:40"
"TRUEFALSE","False",,,,,"2168","55368","3443",,"1","1","22/05/2021 14:17:44","22/05/2021 14:17:44"
"TRUEFALSE","False",,,,,"2169","55353","3442",,"1","1","22/05/2021 14:18:15","22/05/2021 14:18:15"
"TRUEFALSE","False",,,,,"2170","55353","3443",,"1","1","22/05/2021 14:18:44","22/05/2021 14:18:44"
"TRUEFALSE","False",,,,,"2171","55377","3442",,"1","1","22/05/2021 14:20:24","22/05/2021 14:20:24"
"TRUEFALSE","False",,,,,"2172","55377","3443",,"1","1","22/05/2021 14:21:28","22/05/2021 14:21:28"
"TRUEFALSE","False",,,,,"2173","55366","3443",,"0","0","22/05/2021 14:21:53","22/05/2021 14:21:53"
"TRUEFALSE","False",,,,,"2174","55359","3535",,"0","0","22/05/2021 14:22:03","22/05/2021 14:22:03"
"TRUEFALSE","False",,,,,"2175","55375","3442",,"1","1","22/05/2021 14:25:22","22/05/2021 14:25:22"
"TRUEFALSE","False",,,,,"2176","55380","3535",,"1","1","22/05/2021 14:25:56","22/05/2021 14:25:56"
"TRUEFALSE","False",,,,,"2177","55375","3443",,"1","1","22/05/2021 14:26:01","22/05/2021 14:26:01"
"TRUEFALSE","False",,,,,"2178","55380","3442",,"1","1","22/05/2021 14:29:25","22/05/2021 14:29:25"
"TRUEFALSE","False",,,,,"2179","55380","3443",,"1","1","22/05/2021 14:29:47","22/05/2021 14:29:47"
"TRUEFALSE","False",,,,,"2180","55361","3535",,"1","1","22/05/2021 14:29:56","22/05/2021 14:29:56"
"TRUEFALSE","False",,,,,"2181","55360","3442",,"1","1","22/05/2021 14:31:16","22/05/2021 14:31:16"
"TRUEFALSE","False",,,,,"2182","55369","3442",,"1","1","22/05/2021 14:32:11","22/05/2021 14:32:11"
"TRUEFALSE","False",,,,,"2183","55364","3442",,"1","1","22/05/2021 14:32:12","22/05/2021 14:32:12"
"TRUEFALSE","False",,,,,"2184","55364","3443",,"1","1","22/05/2021 14:32:26","22/05/2021 14:32:26"
"TRUEFALSE","False",,,,,"2185","55360","3443",,"1","1","22/05/2021 14:33:05","22/05/2021 14:33:05"
"TRUEFALSE","False",,,,,"2186","55369","3443",,"1","1","22/05/2021 14:34:28","22/05/2021 14:34:28"
"TRUEFALSE","False",,,,,"2187","55384","3535",,"1","1","22/05/2021 14:34:59","22/05/2021 14:34:59"
"TRUEFALSE","False",,,,,"2188","55387","3535",,"1","1","22/05/2021 14:38:27","22/05/2021 14:38:27"
"TRUEFALSE","False",,,,,"2189","55384","3442",,"1","1","22/05/2021 14:39:55","22/05/2021 14:39:55"
"TRUEFALSE","False",,,,,"2190","55384","3443",,"1","1","22/05/2021 14:40:13","22/05/2021 14:40:13"
"TRUEFALSE","False",,,,,"2191","55388","3535",,"1","1","22/05/2021 14:43:37","22/05/2021 14:43:37"
"TRUEFALSE","False",,,,,"2192","55388","3442",,"1","1","22/05/2021 14:46:46","22/05/2021 14:46:46"
"TRUEFALSE","False",,,,,"2193","55388","3443",,"1","1","22/05/2021 14:47:06","22/05/2021 14:47:06"
"TRUEFALSE","False",,,,,"2194","55387","3442",,"1","1","22/05/2021 14:48:26","22/05/2021 14:48:26"
"TRUEFALSE","False",,,,,"2195","55387","3443",,"1","1","22/05/2021 14:48:51","22/05/2021 14:48:51"
"TRUEFALSE","False",,,,,"2196","55359","3442",,"1","1","22/05/2021 14:50:41","22/05/2021 14:50:41"
"TRUEFALSE","False",,,,,"2197","55386","3535",,"1","1","22/05/2021 14:53:04","22/05/2021 14:53:04"
"TRUEFALSE","False",,,,,"2198","55359","3443",,"1","1","22/05/2021 14:53:10","22/05/2021 14:53:10"
"TRUEFALSE","False",,,,,"2199","55371","3442",,"1","1","22/05/2021 15:12:06","22/05/2021 15:12:06"
"TRUEFALSE","False",,,,,"2200","55371","3443",,"1","1","22/05/2021 15:13:09","22/05/2021 15:13:09"
"TRUEFALSE","False",,,,,"2201","55361","3442",,"1","1","22/05/2021 15:16:25","22/05/2021 15:16:25"
"TRUEFALSE","False",,,,,"2202","55361","3443",,"1","1","22/05/2021 15:16:47","22/05/2021 15:16:47"
"TRUEFALSE","False",,,,,"2203","55386","3442",,"1","1","22/05/2021 15:22:47","22/05/2021 15:22:47"
"TRUEFALSE","False",,,,,"2204","55393","3535",,"1","1","22/05/2021 15:22:50","22/05/2021 15:22:50"
"TRUEFALSE","False",,,,,"2205","55386","3443",,"1","1","22/05/2021 15:24:24","22/05/2021 15:24:24"
"TRUEFALSE","False",,,,,"2206","55393","3442",,"1","1","22/05/2021 15:25:15","22/05/2021 15:25:15"
"TRUEFALSE","False",,,,,"2207","55393","3443",,"1","1","22/05/2021 15:25:33","22/05/2021 15:25:33"
"TRUEFALSE","False",,,,,"2222","57673","3334",,"1","0","11/06/2021 12:54:40","11/06/2021 12:54:40"
"TRUEFALSE","False",,,,,"2223","57673","3335",,"0","0","11/06/2021 12:57:17","11/06/2021 12:57:17"
"TRUEFALSE","False",,,,,"2224","57673","3336",,"1","0","11/06/2021 12:59:24","11/06/2021 12:59:24"
"TRUEFALSE","False",,,,,"2225","57673","3337",,"1","1","11/06/2021 13:06:35","11/06/2021 13:06:35"
"TRUEFALSE","False",,,,,"2226","57673","3338",,"0","1","11/06/2021 13:07:51","11/06/2021 13:07:51"
"TRUEFALSE","False",,,,,"2227","57673","3339",,"0","1","11/06/2021 13:09:57","11/06/2021 13:09:57"
"TRUEFALSE","False",,,,,"2228","57673","3340",,"1","1","11/06/2021 13:10:21","11/06/2021 13:10:21"
"TRUEFALSE","False",,,,,"2229","57673","3341",,"0","1","11/06/2021 13:10:52","11/06/2021 13:10:52"
"TRUEFALSE","False",,,,,"2230","57673","3342",,"0","1","11/06/2021 13:14:21","11/06/2021 13:14:21"
"TRUEFALSE","False",,,,,"2231","57673","3343",,"1","1","11/06/2021 13:17:19","11/06/2021 13:17:19"
"TRUEFALSE","False",,,,,"2232","57673","3344",,"0","1","11/06/2021 13:20:25","11/06/2021 13:20:25"
"TRUEFALSE","False",,,,,"2233","57673","3345",,"1","1","11/06/2021 13:20:48","11/06/2021 13:20:48"
"TRUEFALSE","False",,,,,"2234","57673","3346",,"0","1","11/06/2021 13:22:33","11/06/2021 13:22:33"
"TRUEFALSE","False",,,,,"2235","57673","3347",,"1","1","11/06/2021 13:23:09","11/06/2021 13:23:09"
"TRUEFALSE","False",,,,,"2236","57673","3348",,"0","0","11/06/2021 13:25:37","11/06/2021 13:25:37"
"TRUEFALSE","False",,,,,"2237","57673","3349",,"0","0","11/06/2021 13:28:49","11/06/2021 13:28:49"
"TRUEFALSE","False",,,,,"2238","57673","3354",,"0","1","11/06/2021 13:44:51","11/06/2021 13:44:51"
"TRUEFALSE","False",,,,,"2239","57673","3355",,"1","1","11/06/2021 13:45:51","11/06/2021 13:45:51"
"TRUEFALSE","False",,,,,"2240","57673","3356",,"0","1","11/06/2021 13:47:20","11/06/2021 13:47:20"
"TRUEFALSE","False",,,,,"2241","57673","3357",,"1","0","11/06/2021 13:48:59","11/06/2021 13:48:59"
"TRUEFALSE","False",,,,,"2242","57677","3334",,"0","1","11/06/2021 14:20:02","11/06/2021 14:20:02"
"TRUEFALSE","False",,,,,"2243","57677","3335",,"1","1","11/06/2021 14:22:47","11/06/2021 14:22:54"
"TRUEFALSE","False",,,,,"2244","57677","3336",,"0","1","11/06/2021 14:25:15","11/06/2021 14:25:15"
"TRUEFALSE","False",,,,,"2245","57677","3337",,"1","1","11/06/2021 14:25:29","11/06/2021 14:25:29"
"TRUEFALSE","False",,,,,"2246","57677","3338",,"1","0","11/06/2021 14:27:04","11/06/2021 14:27:04"
"TRUEFALSE","False",,,,,"2247","57677","3339",,"0","1","11/06/2021 14:29:25","11/06/2021 14:30:46"
"TRUEFALSE","False",,,,,"2248","57677","3340",,"1","1","11/06/2021 14:31:38","11/06/2021 14:31:38"
"TRUEFALSE","False",,,,,"2249","57677","3341",,"0","1","11/06/2021 14:32:15","11/06/2021 14:32:20"
"TRUEFALSE","False",,,,,"2250","57677","3342",,"0","1","11/06/2021 14:32:50","11/06/2021 14:32:50"
"TRUEFALSE","False",,,,,"2251","57677","3343",,"0","0","11/06/2021 14:35:46","11/06/2021 14:35:46"
"TRUEFALSE","False",,,,,"2252","57677","3344",,"0","1","11/06/2021 14:36:58","11/06/2021 14:36:58"
"TRUEFALSE","False",,,,,"2253","57677","3345",,"0","0","11/06/2021 14:38:24","11/06/2021 14:38:24"
"TRUEFALSE","False",,,,,"2254","57677","3346",,"0","1","11/06/2021 14:38:50","11/06/2021 14:38:50"
"TRUEFALSE","False",,,,,"2255","57677","3347",,"1","1","11/06/2021 14:39:10","11/06/2021 14:39:10"
"TRUEFALSE","False",,,,,"2256","57677","3348",,"1","1","11/06/2021 14:40:24","11/06/2021 14:40:24"
"TRUEFALSE","False",,,,,"2257","57677","3349",,"1","1","11/06/2021 14:42:01","11/06/2021 14:42:01"
"TRUEFALSE","False",,,,,"2258","57677","3354",,"0","1","11/06/2021 14:49:32","11/06/2021 14:49:32"
"TRUEFALSE","False",,,,,"2259","57677","3355",,"1","1","11/06/2021 14:51:37","11/06/2021 14:51:37"
"TRUEFALSE","False",,,,,"2260","57677","3356",,"0","1","11/06/2021 14:51:42","11/06/2021 14:51:42"
"TRUEFALSE","False",,,,,"2261","57677","3357",,"1","0","11/06/2021 14:52:22","11/06/2021 14:52:22"
"TRUEFALSE","False",,,,,"2262","57683","3334",,"0","1","11/06/2021 14:59:37","11/06/2021 14:59:37"
"TRUEFALSE","False",,,,,"2263","57683","3335",,"1","1","11/06/2021 15:00:54","11/06/2021 15:00:54"
"TRUEFALSE","False",,,,,"2264","57683","3336",,"0","1","11/06/2021 15:02:02","11/06/2021 15:02:02"
"TRUEFALSE","False",,,,,"2265","57683","3337",,"0","0","11/06/2021 15:04:13","11/06/2021 15:04:13"
"TRUEFALSE","False",,,,,"2266","57683","3338",,"0","1","11/06/2021 15:06:22","11/06/2021 15:06:22"
"TRUEFALSE","False",,,,,"2267","57683","3339",,"0","1","11/06/2021 15:06:41","11/06/2021 15:06:41"
"TRUEFALSE","False",,,,,"2268","57683","3340",,"0","0","11/06/2021 15:06:57","11/06/2021 15:06:57"
"TRUEFALSE","False",,,,,"2269","57683","3341",,"0","1","11/06/2021 15:07:08","11/06/2021 15:07:08"
"TRUEFALSE","False",,,,,"2270","57683","3342",,"0","1","11/06/2021 15:07:27","11/06/2021 15:07:27"
"TRUEFALSE","False",,,,,"2271","57683","3343",,"1","1","11/06/2021 15:07:42","11/06/2021 15:07:42"
"TRUEFALSE","False",,,,,"2272","57683","3344",,"1","0","11/06/2021 15:07:50","11/06/2021 15:07:50"
"TRUEFALSE","False",,,,,"2273","57683","3345",,"1","1","11/06/2021 15:12:41","11/06/2021 15:12:41"
"TRUEFALSE","False",,,,,"2274","57683","3346",,"0","1","11/06/2021 15:13:39","11/06/2021 15:13:39"
"TRUEFALSE","False",,,,,"2275","57683","3347",,"1","1","11/06/2021 15:14:07","11/06/2021 15:14:07"
"TRUEFALSE","False",,,,,"2276","57683","3348",,"1","1","11/06/2021 15:14:40","11/06/2021 15:14:40"
"TRUEFALSE","False",,,,,"2277","57683","3349",,"0","0","11/06/2021 15:16:55","11/06/2021 15:16:55"
"TRUEFALSE","False",,,,,"2278","57684","3334",,"0","1","11/06/2021 15:25:39","11/06/2021 15:32:49"
"TRUEFALSE","False",,,,,"2279","57687","3334",,"0","1","11/06/2021 15:27:51","11/06/2021 15:27:51"
"TRUEFALSE","False",,,,,"2280","57686","3334",,"0","0","11/06/2021 15:27:52","11/06/2021 15:27:52"
"TRUEFALSE","False",,,,,"2281","57689","3334",,"0","1","11/06/2021 15:27:52","11/06/2021 15:27:52"
"TRUEFALSE","False",,,,,"2282","57690","3334",,"0","1","11/06/2021 15:27:52","11/06/2021 15:27:52"
"TRUEFALSE","False",,,,,"2283","57691","3334",,"0","1","11/06/2021 15:28:01","11/06/2021 15:28:01"
"TRUEFALSE","False",,,,,"2284","57685","3334",,"0","0","11/06/2021 15:28:08","11/06/2021 15:28:08"
"TRUEFALSE","False",,,,,"2285","57688","3334",,"0","1","11/06/2021 15:29:20","11/06/2021 15:29:20"
"TRUEFALSE","False",,,,,"2286","57684","3335",,"1","1","11/06/2021 15:29:39","11/06/2021 15:29:39"
"TRUEFALSE","False",,,,,"2287","57686","3335",,"1","0","11/06/2021 15:32:19","11/06/2021 15:32:19"
"TRUEFALSE","False",,,,,"2288","57690","3335",,"1","1","11/06/2021 15:33:45","11/06/2021 15:33:45"
"TRUEFALSE","False",,,,,"2289","57688","3335",,"1","1","11/06/2021 15:34:22","11/06/2021 15:34:22"
"TRUEFALSE","False",,,,,"2290","57691","3335",,"1","1","11/06/2021 15:34:24","11/06/2021 15:34:24"
"TRUEFALSE","False",,,,,"2291","57685","3335",,"1","0","11/06/2021 15:34:25","11/06/2021 15:34:25"
"TRUEFALSE","False",,,,,"2292","57689","3335",,"1","1","11/06/2021 15:34:26","11/06/2021 15:34:26"
"TRUEFALSE","False",,,,,"2293","57687","3335",,"1","1","11/06/2021 15:34:29","11/06/2021 15:34:29"
"TRUEFALSE","False",,,,,"2294","57687","3336",,"0","1","11/06/2021 15:34:40","11/06/2021 15:34:40"
"TRUEFALSE","False",,,,,"2295","57688","3336",,"0","1","11/06/2021 15:34:40","11/06/2021 15:34:40"
"TRUEFALSE","False",,,,,"2296","57686","3336",,"0","0","11/06/2021 15:34:40","11/06/2021 15:34:40"
"TRUEFALSE","False",,,,,"2297","57684","3336",,"0","1","11/06/2021 15:34:41","11/06/2021 15:34:41"
"TRUEFALSE","False",,,,,"2298","57690","3336",,"0","1","11/06/2021 15:34:41","11/06/2021 15:34:41"
"TRUEFALSE","False",,,,,"2299","57691","3336",,"0","1","11/06/2021 15:34:42","11/06/2021 15:34:42"
"TRUEFALSE","False",,,,,"2300","57685","3336",,"0","0","11/06/2021 15:34:48","11/06/2021 15:34:48"
"TRUEFALSE","False",,,,,"2301","57689","3336",,"0","1","11/06/2021 15:34:50","11/06/2021 15:34:50"
"TRUEFALSE","False",,,,,"2302","57690","3337",,"0","0","11/06/2021 15:39:07","11/06/2021 15:39:07"
"TRUEFALSE","False",,,,,"2303","57687","3337",,"0","0","11/06/2021 15:39:20","11/06/2021 15:39:23"
"TRUEFALSE","False",,,,,"2304","57684","3337",,"0","0","11/06/2021 15:39:24","11/06/2021 15:39:24"
"TRUEFALSE","False",,,,,"2305","57691","3337",,"0","0","11/06/2021 15:39:26","11/06/2021 15:39:26"
"TRUEFALSE","False",,,,,"2306","57686","3337",,"0","0","11/06/2021 15:39:27","11/06/2021 15:39:27"
"TRUEFALSE","False",,,,,"2307","57688","3337",,"0","0","11/06/2021 15:39:29","11/06/2021 15:39:29"
"TRUEFALSE","False",,,,,"2308","57685","3337",,"0","0","11/06/2021 15:39:39","11/06/2021 15:39:39"
"TRUEFALSE","False",,,,,"2309","57688","3338",,"1","0","11/06/2021 15:39:44","11/06/2021 15:39:44"
"TRUEFALSE","False",,,,,"2310","57690","3338",,"1","0","11/06/2021 15:39:47","11/06/2021 15:39:47"
"TRUEFALSE","False",,,,,"2311","57684","3338",,"1","0","11/06/2021 15:39:48","11/06/2021 15:39:48"
"TRUEFALSE","False",,,,,"2312","57689","3337",,"0","0","11/06/2021 15:39:54","11/06/2021 15:39:54"
"TRUEFALSE","False",,,,,"2313","57685","3338",,"1","0","11/06/2021 15:40:09","11/06/2021 15:40:09"
"TRUEFALSE","False",,,,,"2314","57689","3338",,"1","0","11/06/2021 15:40:11","11/06/2021 15:40:11"
"TRUEFALSE","False",,,,,"2315","57687","3338",,"1","0","11/06/2021 15:40:12","11/06/2021 15:40:12"
"TRUEFALSE","False",,,,,"2316","57691","3338",,"1","0","11/06/2021 15:40:14","11/06/2021 15:40:14"
"TRUEFALSE","False",,,,,"2317","57688","3339",,"1","0","11/06/2021 15:40:22","11/06/2021 15:40:22"
"TRUEFALSE","False",,,,,"2318","57684","3339",,"1","0","11/06/2021 15:40:46","11/06/2021 15:40:46"
"TRUEFALSE","False",,,,,"2319","57690","3339",,"1","0","11/06/2021 15:40:47","11/06/2021 15:43:20"
"TRUEFALSE","False",,,,,"2320","57683","3354",,"0","1","11/06/2021 15:41:27","11/06/2021 15:41:27"
"TRUEFALSE","False",,,,,"2321","57693","3334",,"0","1","11/06/2021 15:42:04","11/06/2021 15:42:04"
"TRUEFALSE","False",,,,,"2322","57693","3335",,"1","1","11/06/2021 15:42:12","11/06/2021 15:42:12"
"TRUEFALSE","False",,,,,"2323","57693","3336",,"0","1","11/06/2021 15:42:22","11/06/2021 15:42:22"
"TRUEFALSE","False",,,,,"2324","57683","3355",,"0","0","11/06/2021 15:42:27","11/06/2021 15:42:27"
"TRUEFALSE","False",,,,,"2325","57694","3334",,"0","1","11/06/2021 15:42:31","11/06/2021 15:42:31"
"TRUEFALSE","False",,,,,"2326","57693","3337",,"0","0","11/06/2021 15:42:33","11/06/2021 15:42:33"
"TRUEFALSE","False",,,,,"2327","57693","3338",,"1","0","11/06/2021 15:42:43","11/06/2021 15:42:43"
"TRUEFALSE","False",,,,,"2328","57694","3335",,"1","1","11/06/2021 15:42:45","11/06/2021 15:42:45"
"TRUEFALSE","False",,,,,"2329","57694","3336",,"0","1","11/06/2021 15:42:50","11/06/2021 15:42:50"
"TRUEFALSE","False",,,,,"2330","57694","3337",,"0","0","11/06/2021 15:42:55","11/06/2021 16:09:10"
"TRUEFALSE","False",,,,,"2331","57694","3338",,"0","1","11/06/2021 15:42:59","11/06/2021 16:10:46"
"TRUEFALSE","False",,,,,"2332","57683","3356",,"1","0","11/06/2021 15:43:02","11/06/2021 15:43:02"
"TRUEFALSE","False",,,,,"2333","57694","3339",,"1","0","11/06/2021 15:43:22","11/06/2021 15:44:55"
"TRUEFALSE","False",,,,,"2334","57687","3339",,"1","0","11/06/2021 15:43:29","11/06/2021 15:43:29"
"TRUEFALSE","False",,,,,"2335","57693","3339",,"1","0","11/06/2021 15:43:34","11/06/2021 15:43:34"
"TRUEFALSE","False",,,,,"2336","57691","3339",,"1","0","11/06/2021 15:43:35","11/06/2021 15:43:35"
"TRUEFALSE","False",,,,,"2337","57689","3339",,"1","0","11/06/2021 15:43:43","11/06/2021 15:43:43"
"TRUEFALSE","False",,,,,"2338","57688","3340",,"1","1","11/06/2021 15:43:45","11/06/2021 15:43:45"
"TRUEFALSE","False",,,,,"2339","57683","3357",,"0","1","11/06/2021 15:43:47","11/06/2021 15:43:47"
"TRUEFALSE","False",,,,,"2340","57690","3340",,"1","1","11/06/2021 15:44:03","11/06/2021 15:44:03"
"TRUEFALSE","False",,,,,"2341","57684","3340",,"1","1","11/06/2021 15:44:05","11/06/2021 15:44:05"
"TRUEFALSE","False",,,,,"2342","57688","3341",,"0","1","11/06/2021 15:44:11","11/06/2021 15:44:11"
"TRUEFALSE","False",,,,,"2343","57690","3341",,"0","1","11/06/2021 15:44:15","11/06/2021 15:44:15"
"TRUEFALSE","False",,,,,"2344","57687","3340",,"1","1","11/06/2021 15:44:19","11/06/2021 15:44:19"
"TRUEFALSE","False",,,,,"2345","57694","3340",,"1","1","11/06/2021 15:44:22","11/06/2021 15:44:22"
"TRUEFALSE","False",,,,,"2346","57689","3340",,"1","1","11/06/2021 15:44:22","11/06/2021 15:44:22"
"TRUEFALSE","False",,,,,"2347","57693","3340",,"1","1","11/06/2021 15:44:32","11/06/2021 15:44:32"
"TRUEFALSE","False",,,,,"2348","57691","3340",,"1","1","11/06/2021 15:44:33","11/06/2021 15:44:33"
"TRUEFALSE","False",,,,,"2349","57693","3341",,"0","1","11/06/2021 15:44:43","11/06/2021 15:44:43"
"TRUEFALSE","False",,,,,"2350","57684","3341",,"0","1","11/06/2021 15:44:43","11/06/2021 15:44:43"
"TRUEFALSE","False",,,,,"2351","57687","3341",,"0","1","11/06/2021 15:44:44","11/06/2021 15:44:44"
"TRUEFALSE","False",,,,,"2352","57689","3341",,"0","1","11/06/2021 15:44:48","11/06/2021 15:44:48"
"TRUEFALSE","False",,,,,"2353","57691","3341",,"0","1","11/06/2021 15:44:49","11/06/2021 15:44:49"
"TRUEFALSE","False",,,,,"2354","57694","3341",,"0","1","11/06/2021 15:44:58","11/06/2021 15:44:58"
"TRUEFALSE","False",,,,,"2355","57688","3342",,"0","1","11/06/2021 15:45:12","11/06/2021 15:45:12"
"TRUEFALSE","False",,,,,"2356","57684","3342",,"0","1","11/06/2021 15:45:13","11/06/2021 15:45:13"
"TRUEFALSE","False",,,,,"2357","57690","3342",,"0","1","11/06/2021 15:45:13","11/06/2021 15:45:13"
"TRUEFALSE","False",,,,,"2358","57687","3342",,"0","1","11/06/2021 15:45:14","11/06/2021 15:45:14"
"TRUEFALSE","False",,,,,"2359","57694","3342",,"0","1","11/06/2021 15:45:14","11/06/2021 15:45:14"
"TRUEFALSE","False",,,,,"2360","57693","3342",,"0","1","11/06/2021 15:45:21","11/06/2021 15:45:21"
"TRUEFALSE","False",,,,,"2361","57689","3342",,"0","1","11/06/2021 15:45:22","11/06/2021 15:45:22"
"TRUEFALSE","False",,,,,"2362","57691","3342",,"0","1","11/06/2021 15:45:23","11/06/2021 15:45:23"
"TRUEFALSE","False",,,,,"2363","57684","3343",,"1","1","11/06/2021 15:45:45","11/06/2021 15:45:45"
"TRUEFALSE","False",,,,,"2364","57688","3343",,"1","1","11/06/2021 15:45:46","11/06/2021 15:45:46"
"TRUEFALSE","False",,,,,"2365","57690","3343",,"1","1","11/06/2021 15:45:47","11/06/2021 15:45:47"
"TRUEFALSE","False",,,,,"2366","57687","3343",,"1","1","11/06/2021 15:45:49","11/06/2021 15:45:49"
"TRUEFALSE","False",,,,,"2367","57693","3343",,"1","1","11/06/2021 15:45:50","11/06/2021 15:45:50"
"TRUEFALSE","False",,,,,"2368","57689","3343",,"1","1","11/06/2021 15:45:53","11/06/2021 15:45:53"
"TRUEFALSE","False",,,,,"2369","57691","3343",,"1","1","11/06/2021 15:46:22","11/06/2021 15:46:22"
"TRUEFALSE","False",,,,,"2370","57694","3343",,"1","1","11/06/2021 15:46:31","11/06/2021 15:46:31"
"TRUEFALSE","False",,,,,"2371","57687","3344",,"0","1","11/06/2021 15:46:33","11/06/2021 15:46:33"
"TRUEFALSE","False",,,,,"2372","57688","3344",,"0","1","11/06/2021 15:46:34","11/06/2021 15:46:34"
"TRUEFALSE","False",,,,,"2373","57691","3344",,"0","1","11/06/2021 15:46:35","11/06/2021 15:46:35"
"TRUEFALSE","False",,,,,"2374","57694","3344",,"0","1","11/06/2021 15:46:35","11/06/2021 15:46:35"
"TRUEFALSE","False",,,,,"2375","57684","3344",,"0","1","11/06/2021 15:46:36","11/06/2021 15:46:36"
"TRUEFALSE","False",,,,,"2376","57690","3344",,"0","1","11/06/2021 15:46:40","11/06/2021 15:46:40"
"TRUEFALSE","False",,,,,"2377","57693","3344",,"0","1","11/06/2021 15:46:46","11/06/2021 15:46:46"
"TRUEFALSE","False",,,,,"2378","57689","3344",,"0","1","11/06/2021 15:46:47","11/06/2021 15:46:47"
"TRUEFALSE","False",,,,,"2379","57694","3345",,"1","1","11/06/2021 15:46:55","11/06/2021 15:46:55"
"TRUEFALSE","False",,,,,"2380","57687","3345",,"1","1","11/06/2021 15:46:55","11/06/2021 15:46:55"
"TRUEFALSE","False",,,,,"2381","57690","3345",,"1","1","11/06/2021 15:46:56","11/06/2021 15:46:56"
"TRUEFALSE","False",,,,,"2382","57684","3345",,"1","1","11/06/2021 15:46:58","11/06/2021 15:46:58"
"TRUEFALSE","False",,,,,"2383","57691","3345",,"1","1","11/06/2021 15:46:59","11/06/2021 15:46:59"
"TRUEFALSE","False",,,,,"2384","57693","3345",,"1","1","11/06/2021 15:47:04","11/06/2021 15:47:04"
"TRUEFALSE","False",,,,,"2385","57689","3345",,"1","1","11/06/2021 15:47:08","11/06/2021 15:47:08"
"TRUEFALSE","False",,,,,"2386","57690","3346",,"0","1","11/06/2021 15:47:19","11/06/2021 15:47:19"
"TRUEFALSE","False",,,,,"2387","57694","3346",,"0","1","11/06/2021 15:47:24","11/06/2021 15:47:24"
"TRUEFALSE","False",,,,,"2388","57687","3346",,"0","1","11/06/2021 15:47:24","11/06/2021 15:47:24"
"TRUEFALSE","False",,,,,"2389","57688","3345",,"1","1","11/06/2021 15:47:25","11/06/2021 15:47:25"
"TRUEFALSE","False",,,,,"2390","57684","3346",,"0","1","11/06/2021 15:47:31","11/06/2021 15:47:44"
"TRUEFALSE","False",,,,,"2391","57691","3346",,"0","1","11/06/2021 15:47:50","11/06/2021 15:47:50"
"TRUEFALSE","False",,,,,"2392","57688","3346",,"0","1","11/06/2021 15:47:51","11/06/2021 15:47:51"
"TRUEFALSE","False",,,,,"2393","57693","3346",,"0","1","11/06/2021 15:47:58","11/06/2021 15:47:58"
"TRUEFALSE","False",,,,,"2394","57688","3347",,"1","1","11/06/2021 15:48:00","11/06/2021 15:48:00"
"TRUEFALSE","False",,,,,"2395","57689","3346",,"0","1","11/06/2021 15:48:03","11/06/2021 15:48:03"
"TRUEFALSE","False",,,,,"2396","57694","3347",,"1","1","11/06/2021 15:48:05","11/06/2021 15:48:05"
"TRUEFALSE","False",,,,,"2397","57684","3347",,"1","1","11/06/2021 15:48:10","11/06/2021 15:48:10"
"TRUEFALSE","False",,,,,"2398","57690","3347",,"1","1","11/06/2021 15:48:11","11/06/2021 15:48:11"
"TRUEFALSE","False",,,,,"2399","57687","3347",,"1","1","11/06/2021 15:48:14","11/06/2021 15:48:14"
"TRUEFALSE","False",,,,,"2400","57693","3347",,"1","1","11/06/2021 15:48:57","11/06/2021 15:48:57"
"TRUEFALSE","False",,,,,"2401","57691","3347",,"1","1","11/06/2021 15:48:58","11/06/2021 15:48:58"
"TRUEFALSE","False",,,,,"2402","57689","3347",,"1","1","11/06/2021 15:49:03","11/06/2021 15:49:03"
"TRUEFALSE","False",,,,,"2403","57690","3348",,"1","1","11/06/2021 15:49:36","11/06/2021 15:49:36"
"TRUEFALSE","False",,,,,"2404","57684","3348",,"1","1","11/06/2021 15:49:36","11/06/2021 15:49:36"
"TRUEFALSE","False",,,,,"2405","57694","3348",,"1","1","11/06/2021 15:49:47","11/06/2021 15:49:47"
"TRUEFALSE","False",,,,,"2406","57687","3348",,"1","1","11/06/2021 15:49:48","11/06/2021 15:49:48"
"TRUEFALSE","False",,,,,"2407","57691","3348",,"1","1","11/06/2021 15:49:49","11/06/2021 15:49:49"
"TRUEFALSE","False",,,,,"2408","57693","3348",,"1","1","11/06/2021 15:49:50","11/06/2021 15:49:50"
"TRUEFALSE","False",,,,,"2409","57689","3348",,"1","1","11/06/2021 15:49:51","11/06/2021 15:49:51"
"TRUEFALSE","False",,,,,"2410","57690","3349",,"1","1","11/06/2021 15:50:00","11/06/2021 15:50:00"
"TRUEFALSE","False",,,,,"2411","57688","3348",,"1","1","11/06/2021 15:50:05","11/06/2021 15:50:05"
"TRUEFALSE","False",,,,,"2412","57684","3349",,"1","1","11/06/2021 15:50:10","11/06/2021 15:50:10"
"TRUEFALSE","False",,,,,"2413","57688","3349",,"1","1","11/06/2021 15:50:12","11/06/2021 15:50:12"
"TRUEFALSE","False",,,,,"2414","57694","3349",,"1","1","11/06/2021 15:50:22","11/06/2021 15:50:22"
"TRUEFALSE","False",,,,,"2415","57687","3349",,"1","1","11/06/2021 15:50:36","11/06/2021 15:50:36"
"TRUEFALSE","False",,,,,"2416","57689","3349",,"1","1","11/06/2021 15:50:54","11/06/2021 15:50:54"
"TRUEFALSE","False",,,,,"2417","57691","3349",,"1","1","11/06/2021 15:50:57","11/06/2021 15:50:57"
"TRUEFALSE","False",,,,,"2418","57693","3349",,"1","1","11/06/2021 15:51:15","11/06/2021 15:51:15"
"TRUEFALSE","False",,,,,"2419","57688","3354",,"0","1","11/06/2021 16:01:56","11/06/2021 16:01:56"
"TRUEFALSE","False",,,,,"2420","57684","3354",,"0","1","11/06/2021 16:02:08","11/06/2021 16:02:08"
"TRUEFALSE","False",,,,,"2421","57687","3354",,"0","1","11/06/2021 16:02:13","11/06/2021 16:02:13"
"TRUEFALSE","False",,,,,"2422","57693","3354",,"0","1","11/06/2021 16:02:13","11/06/2021 16:02:13"
"TRUEFALSE","False",,,,,"2423","57691","3354",,"0","1","11/06/2021 16:02:18","11/06/2021 16:02:18"
"TRUEFALSE","False",,,,,"2424","57689","3354",,"0","1","11/06/2021 16:02:18","11/06/2021 16:02:18"
"TRUEFALSE","False",,,,,"2425","57694","3354",,"0","1","11/06/2021 16:02:26","11/06/2021 16:02:26"
"TRUEFALSE","False",,,,,"2426","57690","3354",,"0","1","11/06/2021 16:02:27","11/06/2021 16:02:27"
"TRUEFALSE","False",,,,,"2427","57688","3355",,"1","1","11/06/2021 16:02:30","11/06/2021 16:02:30"
"TRUEFALSE","False",,,,,"2428","57688","3356",,"0","1","11/06/2021 16:02:41","11/06/2021 16:02:41"
"TRUEFALSE","False",,,,,"2429","57694","3355",,"1","1","11/06/2021 16:02:53","11/06/2021 16:03:38"
"TRUEFALSE","False",,,,,"2430","57690","3355",,"1","1","11/06/2021 16:03:10","11/06/2021 16:03:10"
"TRUEFALSE","False",,,,,"2431","57684","3355",,"1","1","11/06/2021 16:03:36","11/06/2021 16:03:36"
"TRUEFALSE","False",,,,,"2432","57688","3357",,"0","1","11/06/2021 16:03:38","11/06/2021 16:03:38"
"TRUEFALSE","False",,,,,"2433","57691","3355",,"1","1","11/06/2021 16:03:40","11/06/2021 16:03:40"
"TRUEFALSE","False",,,,,"2434","57693","3355",,"1","1","11/06/2021 16:03:44","11/06/2021 16:03:44"
"TRUEFALSE","False",,,,,"2435","57687","3355",,"1","1","11/06/2021 16:03:44","11/06/2021 16:03:44"
"TRUEFALSE","False",,,,,"2436","57689","3355",,"1","1","11/06/2021 16:03:46","11/06/2021 16:03:46"
"TRUEFALSE","False",,,,,"2437","57694","3356",,"0","1","11/06/2021 16:03:54","11/06/2021 16:04:01"
"TRUEFALSE","False",,,,,"2438","57687","3356",,"0","1","11/06/2021 16:04:21","11/06/2021 16:04:21"
"TRUEFALSE","False",,,,,"2439","57690","3356",,"0","1","11/06/2021 16:04:23","11/06/2021 16:04:23"
"TRUEFALSE","False",,,,,"2440","57684","3356",,"0","1","11/06/2021 16:04:23","11/06/2021 16:04:23"
"TRUEFALSE","False",,,,,"2441","57693","3356",,"0","1","11/06/2021 16:04:34","11/06/2021 16:04:34"
"TRUEFALSE","False",,,,,"2442","57691","3356",,"0","1","11/06/2021 16:04:36","11/06/2021 16:04:36"
"TRUEFALSE","False",,,,,"2443","57689","3356",,"0","1","11/06/2021 16:04:38","11/06/2021 16:04:38"
"TRUEFALSE","False",,,,,"2444","57694","3357",,"0","1","11/06/2021 16:05:04","11/06/2021 16:05:32"
"TRUEFALSE","False",,,,,"2445","57690","3357",,"0","1","11/06/2021 16:05:44","11/06/2021 16:05:44"
"TRUEFALSE","False",,,,,"2446","57684","3357",,"0","1","11/06/2021 16:06:43","11/06/2021 16:06:43"
"TRUEFALSE","False",,,,,"2447","57693","3357",,"0","1","11/06/2021 16:06:45","11/06/2021 16:06:45"
"TRUEFALSE","False",,,,,"2448","57689","3357",,"0","1","11/06/2021 16:06:45","11/06/2021 16:06:45"
"TRUEFALSE","False",,,,,"2449","57687","3357",,"0","1","11/06/2021 16:06:47","11/06/2021 16:06:47"
"TRUEFALSE","False",,,,,"2450","57691","3357",,"0","1","11/06/2021 16:06:54","11/06/2021 16:06:54"
"TRUEFALSE","False",,,,,"2451","57704","3334",,"0","0","11/06/2021 20:32:58","11/06/2021 20:32:58"
"TRUEFALSE","False",,,,,"2452","57704","3335",,"1","0","11/06/2021 20:35:25","11/06/2021 20:35:25"
"TRUEFALSE","False",,,,,"2453","57704","3336",,"1","0","11/06/2021 20:36:22","11/06/2021 20:36:22"
"TRUEFALSE","False",,,,,"2454","57704","3337",,"1","0","11/06/2021 20:36:59","11/06/2021 20:36:59"
"TRUEFALSE","False",,,,,"2455","57705","3334",,"0","1","11/06/2021 20:38:16","11/06/2021 20:38:16"
"TRUEFALSE","False",,,,,"2456","57705","3335",,"1","1","11/06/2021 20:38:24","11/06/2021 20:38:24"
"TRUEFALSE","False",,,,,"2457","57705","3336",,"0","1","11/06/2021 20:38:37","11/06/2021 20:38:37"
"TRUEFALSE","False",,,,,"2458","57705","3337",,"1","1","11/06/2021 20:39:02","11/06/2021 20:39:02"
"TRUEFALSE","False",,,,,"2459","57705","3338",,"0","1","11/06/2021 20:43:37","11/06/2021 20:43:37"
"TRUEFALSE","False",,,,,"2460","57705","3339",,"0","1","11/06/2021 20:44:55","11/06/2021 20:44:55"
"TRUEFALSE","False",,,,,"2461","57705","3340",,"1","1","11/06/2021 20:49:29","11/06/2021 20:49:29"
"TRUEFALSE","False",,,,,"2462","57705","3341",,"0","1","11/06/2021 20:49:49","11/06/2021 20:49:49"
"TRUEFALSE","False",,,,,"2463","57705","3342",,"0","1","11/06/2021 20:50:18","11/06/2021 20:50:18"
"TRUEFALSE","False",,,,,"2464","57705","3343",,"1","1","11/06/2021 20:53:23","11/06/2021 20:53:25"
"TRUEFALSE","False",,,,,"2465","57705","3344",,"0","1","11/06/2021 20:54:30","11/06/2021 20:54:30"
"TRUEFALSE","False",,,,,"2466","57705","3345",,"1","1","11/06/2021 20:55:56","11/06/2021 20:55:56"
"TRUEFALSE","False",,,,,"2467","57705","3346",,"0","1","11/06/2021 20:57:10","11/06/2021 20:57:10"
"TRUEFALSE","False",,,,,"2468","57705","3347",,"1","1","11/06/2021 20:57:22","11/06/2021 20:57:22"
"TRUEFALSE","False",,,,,"2469","57705","3348",,"1","1","11/06/2021 20:57:38","11/06/2021 20:57:38"
"TRUEFALSE","False",,,,,"2470","57705","3349",,"1","1","11/06/2021 21:00:03","11/06/2021 21:00:03"
"TRUEFALSE","False",,,,,"2471","57705","3354",,"0","1","11/06/2021 21:11:12","11/06/2021 21:12:03"
"TRUEFALSE","False",,,,,"2472","57705","3355",,"1","1","11/06/2021 21:12:36","11/06/2021 21:12:36"
"TRUEFALSE","False",,,,,"2473","57705","3356",,"0","1","11/06/2021 21:12:54","11/06/2021 21:12:54"
"TRUEFALSE","False",,,,,"2474","57705","3357",,"0","1","11/06/2021 21:14:00","11/06/2021 21:14:00"
"TRUEFALSE","False",,,,,"2525","57879","3334",,"0","0","12/06/2021 10:48:38","12/06/2021 10:48:38"
"TRUEFALSE","False",,,,,"2526","57881","3334",,"0","1","12/06/2021 10:50:12","12/06/2021 10:50:15"
"TRUEFALSE","False",,,,,"2527","57880","3334",,"0","1","12/06/2021 10:50:21","12/06/2021 10:52:05"
"TRUEFALSE","False",,,,,"2528","57880","3335",,"1","1","12/06/2021 10:53:31","12/06/2021 10:53:31"
"TRUEFALSE","False",,,,,"2529","57879","3335",,"1","0","12/06/2021 10:53:52","12/06/2021 10:53:52"
"TRUEFALSE","False",,,,,"2530","57879","3336",,"0","0","12/06/2021 10:54:53","12/06/2021 10:54:53"
"TRUEFALSE","False",,,,,"2531","57880","3336",,"1","0","12/06/2021 10:55:00","12/06/2021 10:55:00"
"TRUEFALSE","False",,,,,"2532","57881","3335",,"0","0","12/06/2021 10:55:07","12/06/2021 10:55:07"
"TRUEFALSE","False",,,,,"2533","57879","3337",,"0","0","12/06/2021 10:55:38","12/06/2021 10:55:38"
"TRUEFALSE","False",,,,,"2534","57879","3338",,"1","0","12/06/2021 10:55:57","12/06/2021 10:55:57"
"TRUEFALSE","False",,,,,"2535","57879","3339",,"1","0","12/06/2021 10:56:11","12/06/2021 10:56:11"
"TRUEFALSE","False",,,,,"2536","57879","3340",,"1","0","12/06/2021 10:56:59","12/06/2021 10:56:59"
"TRUEFALSE","False",,,,,"2537","57879","3341",,"0","0","12/06/2021 10:57:12","12/06/2021 10:57:12"
"TRUEFALSE","False",,,,,"2538","57879","3342",,"0","0","12/06/2021 10:57:23","12/06/2021 10:57:23"
"TRUEFALSE","False",,,,,"2539","57881","3336",,"0","1","12/06/2021 10:57:27","12/06/2021 10:57:27"
"TRUEFALSE","False",,,,,"2540","57879","3343",,"1","0","12/06/2021 10:57:42","12/06/2021 10:57:42"
"TRUEFALSE","False",,,,,"2541","57880","3337",,"0","0","12/06/2021 10:58:09","12/06/2021 10:58:09"
"TRUEFALSE","False",,,,,"2542","57879","3344",,"0","0","12/06/2021 10:58:33","12/06/2021 10:58:33"
"TRUEFALSE","False",,,,,"2543","57881","3337",,"0","0","12/06/2021 10:58:44","12/06/2021 10:58:44"
"TRUEFALSE","False",,,,,"2544","57879","3345",,"0","0","12/06/2021 10:58:59","12/06/2021 10:58:59"
"TRUEFALSE","False",,,,,"2545","57879","3346",,"0","0","12/06/2021 10:59:14","12/06/2021 10:59:14"
"TRUEFALSE","False",,,,,"2546","57879","3347",,"1","0","12/06/2021 10:59:44","12/06/2021 10:59:44"
"TRUEFALSE","False",,,,,"2547","57880","3338",,"1","0","12/06/2021 10:59:55","12/06/2021 10:59:55"
"TRUEFALSE","False",,,,,"2548","57879","3348",,"1","0","12/06/2021 10:59:59","12/06/2021 10:59:59"
"TRUEFALSE","False",,,,,"2549","57879","3349",,"1","0","12/06/2021 11:00:11","12/06/2021 11:00:11"
"TRUEFALSE","False",,,,,"2550","57880","3339",,"1","0","12/06/2021 11:00:41","12/06/2021 11:00:41"
"TRUEFALSE","False",,,,,"2551","57880","3340",,"1","1","12/06/2021 11:03:21","12/06/2021 11:03:21"
"TRUEFALSE","False",,,,,"2552","57881","3338",,"0","1","12/06/2021 11:03:25","12/06/2021 11:03:25"
"TRUEFALSE","False",,,,,"2553","57880","3341",,"0","1","12/06/2021 11:03:27","12/06/2021 11:03:27"
"TRUEFALSE","False",,,,,"2554","57880","3342",,"0","1","12/06/2021 11:03:38","12/06/2021 11:03:38"
"TRUEFALSE","False",,,,,"2555","57879","3354",,"1","0","12/06/2021 11:04:20","12/06/2021 11:04:20"
"TRUEFALSE","False",,,,,"2556","57881","3339",,"0","1","12/06/2021 11:04:33","12/06/2021 11:04:33"
"TRUEFALSE","False",,,,,"2557","57879","3355",,"1","0","12/06/2021 11:04:38","12/06/2021 11:04:38"
"TRUEFALSE","False",,,,,"2558","57879","3356",,"1","0","12/06/2021 11:04:53","12/06/2021 11:04:53"
"TRUEFALSE","False",,,,,"2559","57881","3340",,"1","1","12/06/2021 11:05:09","12/06/2021 11:05:09"
"TRUEFALSE","False",,,,,"2560","57880","3343",,"1","1","12/06/2021 11:05:23","12/06/2021 11:05:23"
"TRUEFALSE","False",,,,,"2561","57881","3341",,"0","1","12/06/2021 11:05:28","12/06/2021 11:05:28"
"TRUEFALSE","False",,,,,"2562","57881","3342",,"0","1","12/06/2021 11:06:07","12/06/2021 11:06:07"
"TRUEFALSE","False",,,,,"2563","57880","3344",,"0","1","12/06/2021 11:06:25","12/06/2021 11:06:25"
"TRUEFALSE","False",,,,,"2564","57881","3343",,"0","0","12/06/2021 11:07:24","12/06/2021 11:07:24"
"TRUEFALSE","False",,,,,"2565","57881","3344",,"0","1","12/06/2021 11:07:45","12/06/2021 11:07:45"
"TRUEFALSE","False",,,,,"2566","57880","3345",,"1","1","12/06/2021 11:09:47","12/06/2021 11:09:47"
"TRUEFALSE","False",,,,,"2567","57880","3346",,"0","1","12/06/2021 11:11:01","12/06/2021 11:11:01"
"TRUEFALSE","False",,,,,"2568","57880","3347",,"1","1","12/06/2021 11:11:09","12/06/2021 11:11:09"
"TRUEFALSE","False",,,,,"2569","57880","3348",,"1","1","12/06/2021 11:11:51","12/06/2021 11:11:51"
"TRUEFALSE","False",,,,,"2570","57881","3345",,"0","0","12/06/2021 11:12:05","12/06/2021 11:12:05"
"TRUEFALSE","False",,,,,"2571","57880","3349",,"1","1","12/06/2021 11:12:18","12/06/2021 11:12:18"
"TRUEFALSE","False",,,,,"2572","57881","3346",,"0","1","12/06/2021 11:13:28","12/06/2021 11:13:28"
"TRUEFALSE","False",,,,,"2573","57881","3347",,"1","1","12/06/2021 11:14:03","12/06/2021 11:14:03"
"TRUEFALSE","False",,,,,"2574","57881","3348",,"0","0","12/06/2021 11:14:52","12/06/2021 11:14:52"
"TRUEFALSE","False",,,,,"2575","57881","3349",,"1","1","12/06/2021 11:15:48","12/06/2021 11:15:48"
"TRUEFALSE","False",,,,,"2576","57880","3354",,"0","1","12/06/2021 11:22:32","12/06/2021 11:22:32"
"TRUEFALSE","False",,,,,"2577","57880","3355",,"1","1","12/06/2021 11:23:25","12/06/2021 11:23:25"
"TRUEFALSE","False",,,,,"2578","57881","3354",,"1","0","12/06/2021 11:23:31","12/06/2021 11:23:31"
"TRUEFALSE","False",,,,,"2579","57880","3356",,"0","1","12/06/2021 11:24:20","12/06/2021 11:24:20"
"TRUEFALSE","False",,,,,"2580","57880","3357",,"0","1","12/06/2021 11:24:44","12/06/2021 11:24:44"
"TRUEFALSE","False",,,,,"2581","57881","3355",,"1","1","12/06/2021 11:25:13","12/06/2021 11:25:13"
"TRUEFALSE","False",,,,,"2582","57881","3356",,"0","1","12/06/2021 11:25:40","12/06/2021 11:25:40"
"TRUEFALSE","False",,,,,"2583","57881","3357",,"0","1","12/06/2021 11:26:16","12/06/2021 11:26:16"
"TRUEFALSE","False",,,,,"2584","57884","3334",,"0","1","12/06/2021 13:59:46","12/06/2021 13:59:46"
"TRUEFALSE","False",,,,,"2585","57884","3335",,"1","1","12/06/2021 14:00:03","12/06/2021 14:00:03"
"TRUEFALSE","False",,,,,"2586","57884","3336",,"0","1","12/06/2021 14:00:50","12/06/2021 14:00:50"
"TRUEFALSE","False",,,,,"2587","57884","3337",,"0","0","12/06/2021 14:01:11","12/06/2021 14:01:11"
"TRUEFALSE","False",,,,,"2588","57884","3338",,"1","0","12/06/2021 14:01:26","12/06/2021 14:01:26"
"TRUEFALSE","False",,,,,"2589","57884","3339",,"0","1","12/06/2021 14:01:44","12/06/2021 14:01:44"
"TRUEFALSE","False",,,,,"2590","57884","3340",,"1","1","12/06/2021 14:02:13","12/06/2021 14:02:13"
"TRUEFALSE","False",,,,,"2591","57884","3341",,"0","1","12/06/2021 14:02:24","12/06/2021 14:02:24"
"TRUEFALSE","False",,,,,"2592","57884","3342",,"0","1","12/06/2021 14:02:29","12/06/2021 14:02:29"
"TRUEFALSE","False",,,,,"2593","57884","3343",,"1","1","12/06/2021 14:02:44","12/06/2021 14:02:44"
"TRUEFALSE","False",,,,,"2594","57884","3344",,"0","1","12/06/2021 14:02:50","12/06/2021 14:02:50"
"TRUEFALSE","False",,,,,"2595","57884","3346",,"0","1","12/06/2021 14:03:22","12/06/2021 14:03:22"
"TRUEFALSE","False",,,,,"2596","57884","3345",,"1","1","12/06/2021 14:03:24","12/06/2021 14:03:24"
"TRUEFALSE","False",,,,,"2597","57884","3347",,"1","1","12/06/2021 14:03:42","12/06/2021 14:03:42"
"TRUEFALSE","False",,,,,"2598","57884","3349",,"1","1","12/06/2021 14:03:46","12/06/2021 14:03:46"
"TRUEFALSE","False",,,,,"2599","57884","3348",,"1","1","12/06/2021 14:03:48","12/06/2021 14:03:48"
"TRUEFALSE","False",,,,,"2600","57884","3355",,"1","1","12/06/2021 14:04:57","12/06/2021 14:04:57"
"TRUEFALSE","False",,,,,"2601","57884","3354",,"0","1","12/06/2021 14:05:01","12/06/2021 14:05:01"
"TRUEFALSE","False",,,,,"2602","57884","3356",,"0","1","12/06/2021 14:05:11","12/06/2021 14:05:11"
"TRUEFALSE","False",,,,,"2603","57884","3357",,"0","1","12/06/2021 14:05:17","12/06/2021 14:05:17"
"TRUEFALSE","False",,,,,"2604","57892","3334",,"1","0","12/06/2021 15:25:28","12/06/2021 15:25:28"
"TRUEFALSE","False",,,,,"2605","57892","3335",,"1","1","12/06/2021 15:26:01","12/06/2021 15:26:03"
"TRUEFALSE","False",,,,,"2606","57892","3336",,"1","0","12/06/2021 15:27:55","12/06/2021 15:27:55"
"TRUEFALSE","False",,,,,"2607","57892","3337",,"0","0","12/06/2021 15:31:29","12/06/2021 15:31:29"
"TRUEFALSE","False",,,,,"2608","57892","3338",,"0","1","12/06/2021 15:35:30","12/06/2021 15:35:30"
"TRUEFALSE","False",,,,,"2609","57892","3339",,"1","0","12/06/2021 15:38:20","12/06/2021 15:38:20"
"TRUEFALSE","False",,,,,"2610","57892","3340",,"1","1","12/06/2021 15:40:00","12/06/2021 15:40:00"
"TRUEFALSE","False",,,,,"2611","57892","3341",,"0","1","12/06/2021 15:40:44","12/06/2021 15:40:44"
"TRUEFALSE","False",,,,,"2612","57892","3342",,"0","1","12/06/2021 15:42:25","12/06/2021 15:42:25"
"TRUEFALSE","False",,,,,"2613","57892","3343",,"0","0","12/06/2021 15:43:07","12/06/2021 15:43:07"
"TRUEFALSE","False",,,,,"2614","57892","3344",,"1","0","12/06/2021 15:43:15","12/06/2021 15:43:15"
"TRUEFALSE","False",,,,,"2615","57892","3345",,"1","1","12/06/2021 15:44:40","12/06/2021 15:44:40"
"TRUEFALSE","False",,,,,"2616","57892","3346",,"0","1","12/06/2021 15:45:34","12/06/2021 15:45:34"
"TRUEFALSE","False",,,,,"2617","57892","3347",,"1","1","12/06/2021 15:45:52","12/06/2021 15:45:52"
"TRUEFALSE","False",,,,,"2618","57892","3348",,"1","1","12/06/2021 15:46:51","12/06/2021 15:47:30"
"TRUEFALSE","False",,,,,"2619","57892","3349",,"0","0","12/06/2021 15:48:07","12/06/2021 15:48:07"
"TRUEFALSE","False",,,,,"2620","57892","3354",,"1","0","12/06/2021 15:57:13","12/06/2021 15:57:13"
"TRUEFALSE","False",,,,,"2621","57892","3355",,"1","1","12/06/2021 15:57:25","12/06/2021 15:57:25"
"TRUEFALSE","False",,,,,"2622","57892","3356",,"0","1","12/06/2021 15:57:46","12/06/2021 15:57:46"
"TRUEFALSE","False",,,,,"2623","57892","3357",,"1","0","12/06/2021 15:57:53","12/06/2021 15:57:53"
"TRUEFALSE","False",,,,,"2624","57898","3334",,"1","0","12/06/2021 16:35:40","12/06/2021 16:35:40"
"TRUEFALSE","False",,,,,"2625","57898","3335",,"0","0","12/06/2021 16:38:49","12/06/2021 16:38:49"
"TRUEFALSE","False",,,,,"2626","57898","3336",,"0","1","12/06/2021 16:38:57","12/06/2021 16:38:57"
"TRUEFALSE","False",,,,,"2627","57898","3337",,"0","0","12/06/2021 16:39:33","12/06/2021 16:39:33"
"TRUEFALSE","False",,,,,"2628","57898","3338",,"1","0","12/06/2021 16:39:47","12/06/2021 16:39:47"
"TRUEFALSE","False",,,,,"2629","57898","3339",,"0","1","12/06/2021 16:39:55","12/06/2021 16:39:55"
"TRUEFALSE","False",,,,,"2630","57898","3340",,"1","1","12/06/2021 16:41:02","12/06/2021 16:41:02"
"TRUEFALSE","False",,,,,"2631","57898","3341",,"0","1","12/06/2021 16:41:16","12/06/2021 16:41:16"
"TRUEFALSE","False",,,,,"2632","57898","3342",,"0","1","12/06/2021 16:41:34","12/06/2021 16:41:34"
"TRUEFALSE","False",,,,,"2633","57898","3343",,"0","0","12/06/2021 16:41:58","12/06/2021 16:41:58"
"TRUEFALSE","False",,,,,"2634","57898","3344",,"1","0","12/06/2021 16:42:04","12/06/2021 16:42:04"
"TRUEFALSE","False",,,,,"2635","57898","3345",,"1","1","12/06/2021 16:42:15","12/06/2021 16:42:15"
"TRUEFALSE","False",,,,,"2636","57898","3346",,"0","1","12/06/2021 16:42:21","12/06/2021 16:42:21"
"TRUEFALSE","False",,,,,"2637","57898","3347",,"1","1","12/06/2021 16:42:30","12/06/2021 16:42:33"
"TRUEFALSE","False",,,,,"2638","57898","3348",,"1","1","12/06/2021 16:44:12","12/06/2021 16:44:12"
"TRUEFALSE","False",,,,,"2639","57898","3349",,"0","0","12/06/2021 16:44:38","12/06/2021 16:44:38"
"TRUEFALSE","False",,,,,"2640","57898","3354",,"1","0","12/06/2021 16:49:31","12/06/2021 16:49:31"
"TRUEFALSE","False",,,,,"2641","57898","3355",,"1","1","12/06/2021 16:49:35","12/06/2021 16:49:35"
"TRUEFALSE","False",,,,,"2642","57898","3356",,"0","1","12/06/2021 16:49:39","12/06/2021 16:49:39"
"TRUEFALSE","False",,,,,"2643","57898","3357",,"0","1","12/06/2021 16:49:44","12/06/2021 16:49:44"
"TRUEFALSE","False",,,,,"2644","57903","3334",,"0","1","12/06/2021 18:04:24","12/06/2021 18:04:24"
"TRUEFALSE","False",,,,,"2645","57903","3335",,"1","1","12/06/2021 18:04:37","12/06/2021 18:04:37"
"TRUEFALSE","False",,,,,"2646","57903","3336",,"0","1","12/06/2021 18:04:45","12/06/2021 18:04:45"
"TRUEFALSE","False",,,,,"2647","57903","3337",,"1","1","12/06/2021 18:05:02","12/06/2021 18:05:02"
"TRUEFALSE","False",,,,,"2648","57903","3338",,"1","0","12/06/2021 18:05:15","12/06/2021 18:05:15"
"TRUEFALSE","False",,,,,"2649","57903","3339",,"1","0","12/06/2021 18:05:25","12/06/2021 18:05:25"
"TRUEFALSE","False",,,,,"2650","57903","3340",,"1","1","12/06/2021 18:05:44","12/06/2021 18:05:44"
"TRUEFALSE","False",,,,,"2651","57903","3341",,"0","1","12/06/2021 18:06:32","12/06/2021 18:06:32"
"TRUEFALSE","False",,,,,"2652","57903","3342",,"0","1","12/06/2021 18:06:50","12/06/2021 18:06:50"
"TRUEFALSE","False",,,,,"2653","57903","3343",,"1","1","12/06/2021 18:07:00","12/06/2021 18:07:00"
"TRUEFALSE","False",,,,,"2654","57903","3344",,"0","1","12/06/2021 18:07:11","12/06/2021 18:07:11"
"TRUEFALSE","False",,,,,"2655","57903","3345",,"1","1","12/06/2021 18:07:36","12/06/2021 18:07:36"
"TRUEFALSE","False",,,,,"2656","57903","3346",,"0","1","12/06/2021 18:07:54","12/06/2021 18:07:54"
"TRUEFALSE","False",,,,,"2657","57903","3347",,"1","1","12/06/2021 18:08:06","12/06/2021 18:08:06"
"TRUEFALSE","False",,,,,"2658","57903","3348",,"1","1","12/06/2021 18:08:14","12/06/2021 18:08:14"
"TRUEFALSE","False",,,,,"2659","57903","3349",,"1","1","12/06/2021 18:08:35","12/06/2021 18:08:35"
"TRUEFALSE","False",,,,,"2660","57903","3354",,"0","1","12/06/2021 18:09:15","12/06/2021 18:09:15"
"TRUEFALSE","False",,,,,"2661","57903","3355",,"1","1","12/06/2021 18:09:20","12/06/2021 18:09:20"
"TRUEFALSE","False",,,,,"2662","57903","3356",,"0","1","12/06/2021 18:09:30","12/06/2021 18:09:30"
"TRUEFALSE","False",,,,,"2663","57903","3357",,"0","1","12/06/2021 18:09:34","12/06/2021 18:09:34"
"TRUEFALSE","False",,,,,"2664","57900","3334",,"1","0","12/06/2021 18:09:44","12/06/2021 18:09:44"
"TRUEFALSE","False",,,,,"2665","57900","3335",,"1","1","12/06/2021 18:13:38","12/06/2021 18:13:38"
"TRUEFALSE","False",,,,,"2666","57900","3336",,"0","1","12/06/2021 18:15:55","12/06/2021 18:15:55"
"TRUEFALSE","False",,,,,"2667","57900","3337",,"0","0","12/06/2021 18:21:04","12/06/2021 18:21:04"
"TRUEFALSE","False",,,,,"2668","57900","3338",,"0","1","12/06/2021 18:26:14","12/06/2021 18:26:14"
"TRUEFALSE","False",,,,,"2669","57900","3339",,"1","0","12/06/2021 18:27:32","12/06/2021 18:27:32"
"TRUEFALSE","False",,,,,"2670","57900","3340",,"0","0","12/06/2021 18:28:48","12/06/2021 18:28:48"
"TRUEFALSE","False",,,,,"2671","57904","3334",,"1","0","12/06/2021 18:29:17","12/06/2021 18:29:17"
"TRUEFALSE","False",,,,,"2672","57904","3335",,"1","1","12/06/2021 18:29:40","12/06/2021 18:29:40"
"TRUEFALSE","False",,,,,"2673","57904","3336",,"1","0","12/06/2021 18:29:48","12/06/2021 18:31:05"
"TRUEFALSE","False",,,,,"2674","57900","3341",,"0","1","12/06/2021 18:30:16","12/06/2021 18:30:16"
"TRUEFALSE","False",,,,,"2675","57904","3337",,"0","0","12/06/2021 18:31:18","12/06/2021 18:31:18"
"TRUEFALSE","False",,,,,"2676","57904","3338",,"0","1","12/06/2021 18:31:34","12/06/2021 18:33:41"
"TRUEFALSE","False",,,,,"2677","57904","3339",,"0","1","12/06/2021 18:31:51","12/06/2021 18:33:47"
"TRUEFALSE","False",,,,,"2678","57900","3342",,"0","1","12/06/2021 18:31:55","12/06/2021 18:31:55"
"TRUEFALSE","False",,,,,"2679","57904","3340",,"1","1","12/06/2021 18:33:08","12/06/2021 18:33:08"
"TRUEFALSE","False",,,,,"2680","57904","3341",,"0","1","12/06/2021 18:33:53","12/06/2021 18:33:53"
"TRUEFALSE","False",,,,,"2681","57904","3342",,"0","1","12/06/2021 18:34:12","12/06/2021 18:34:12"
"TRUEFALSE","False",,,,,"2682","57904","3343",,"1","1","12/06/2021 18:36:27","12/06/2021 18:36:27"
"TRUEFALSE","False",,,,,"2683","57900","3343",,"1","1","12/06/2021 18:36:40","12/06/2021 18:36:40"
"TRUEFALSE","False",,,,,"2684","57904","3344",,"0","1","12/06/2021 18:37:49","12/06/2021 18:37:49"
"TRUEFALSE","False",,,,,"2685","57900","3344",,"0","1","12/06/2021 18:38:00","12/06/2021 18:38:00"
"TRUEFALSE","False",,,,,"2686","57900","3345",,"1","1","12/06/2021 18:38:26","12/06/2021 18:38:26"
"TRUEFALSE","False",,,,,"2687","57904","3345",,"1","1","12/06/2021 18:38:52","12/06/2021 18:38:52"
"TRUEFALSE","False",,,,,"2688","57904","3346",,"0","1","12/06/2021 18:39:11","12/06/2021 18:39:11"
"TRUEFALSE","False",,,,,"2689","57904","3347",,"1","1","12/06/2021 18:39:48","12/06/2021 18:39:48"
"TRUEFALSE","False",,,,,"2690","57904","3348",,"1","1","12/06/2021 18:39:58","12/06/2021 18:39:58"
"TRUEFALSE","False",,,,,"2691","57904","3349",,"1","1","12/06/2021 18:40:04","12/06/2021 18:40:04"
"TRUEFALSE","False",,,,,"2692","57904","3354",,"1","0","12/06/2021 18:42:54","12/06/2021 18:42:54"
"TRUEFALSE","False",,,,,"2693","57904","3355",,"1","1","12/06/2021 18:43:00","12/06/2021 18:43:00"
"TRUEFALSE","False",,,,,"2694","57904","3356",,"0","1","12/06/2021 18:43:12","12/06/2021 18:43:12"
"TRUEFALSE","False",,,,,"2695","57904","3357",,"1","0","12/06/2021 18:44:00","12/06/2021 18:44:00"
"TRUEFALSE","False",,,,,"2696","57900","3346",,"0","1","12/06/2021 18:45:48","12/06/2021 18:45:48"
"TRUEFALSE","False",,,,,"2697","57905","3334",,"0","1","12/06/2021 18:46:47","12/06/2021 18:46:47"
"TRUEFALSE","False",,,,,"2698","57900","3347",,"1","1","12/06/2021 18:46:59","12/06/2021 18:46:59"
"TRUEFALSE","False",,,,,"2699","57900","3348",,"0","0","12/06/2021 18:51:27","12/06/2021 18:51:27"
"TRUEFALSE","False",,,,,"2700","57900","3349",,"0","0","12/06/2021 18:52:21","12/06/2021 18:52:21"
"TRUEFALSE","False",,,,,"2701","57905","3335",,"1","1","12/06/2021 18:53:30","12/06/2021 18:53:30"
"TRUEFALSE","False",,,,,"2702","57905","3336",,"0","1","12/06/2021 18:54:20","12/06/2021 18:54:20"
"TRUEFALSE","False",,,,,"2703","57905","3337",,"1","1","12/06/2021 18:57:09","12/06/2021 18:57:09"
"TRUEFALSE","False",,,,,"2704","57905","3338",,"0","1","12/06/2021 18:58:56","12/06/2021 18:58:56"
"TRUEFALSE","False",,,,,"2705","57905","3339",,"0","1","12/06/2021 18:59:18","12/06/2021 18:59:18"
"TRUEFALSE","False",,,,,"2706","57905","3340",,"1","1","12/06/2021 19:00:20","12/06/2021 19:00:20"
"TRUEFALSE","False",,,,,"2707","57905","3341",,"0","1","12/06/2021 19:00:32","12/06/2021 19:00:32"
"TRUEFALSE","False",,,,,"2708","57905","3342",,"0","1","12/06/2021 19:01:01","12/06/2021 19:01:01"
"TRUEFALSE","False",,,,,"2709","57905","3343",,"1","1","12/06/2021 19:01:19","12/06/2021 19:01:19"
"TRUEFALSE","False",,,,,"2710","57905","3344",,"0","1","12/06/2021 19:01:29","12/06/2021 19:01:29"
"TRUEFALSE","False",,,,,"2711","57905","3345",,"1","1","12/06/2021 19:01:39","12/06/2021 19:01:39"
"TRUEFALSE","False",,,,,"2712","57905","3346",,"0","1","12/06/2021 19:01:51","12/06/2021 19:01:51"
"TRUEFALSE","False",,,,,"2713","57905","3347",,"1","1","12/06/2021 19:02:01","12/06/2021 19:02:01"
"TRUEFALSE","False",,,,,"2714","57906","3334",,"0","1","12/06/2021 19:02:05","12/06/2021 19:02:05"
"TRUEFALSE","False",,,,,"2715","57906","3335",,"1","1","12/06/2021 19:02:10","12/06/2021 19:02:10"
"TRUEFALSE","False",,,,,"2716","57906","3336",,"0","1","12/06/2021 19:02:15","12/06/2021 19:02:15"
"TRUEFALSE","False",,,,,"2717","57906","3337",,"1","1","12/06/2021 19:02:22","12/06/2021 19:02:22"
"TRUEFALSE","False",,,,,"2718","57905","3348",,"1","1","12/06/2021 19:02:24","12/06/2021 19:02:24"
"TRUEFALSE","False",,,,,"2719","57906","3338",,"1","0","12/06/2021 19:02:30","12/06/2021 19:02:30"
"TRUEFALSE","False",,,,,"2720","57906","3339",,"1","0","12/06/2021 19:02:36","12/06/2021 19:02:36"
"TRUEFALSE","False",,,,,"2721","57906","3340",,"1","1","12/06/2021 19:02:40","12/06/2021 19:02:40"
"TRUEFALSE","False",,,,,"2722","57905","3349",,"1","1","12/06/2021 19:02:41","12/06/2021 19:02:41"
"TRUEFALSE","False",,,,,"2723","57906","3341",,"0","1","12/06/2021 19:02:51","12/06/2021 19:02:51"
"TRUEFALSE","False",,,,,"2724","57906","3342",,"0","1","12/06/2021 19:02:57","12/06/2021 19:02:57"
"TRUEFALSE","False",,,,,"2725","57906","3343",,"1","1","12/06/2021 19:03:04","12/06/2021 19:03:04"
"TRUEFALSE","False",,,,,"2726","57906","3344",,"0","1","12/06/2021 19:03:09","12/06/2021 19:03:09"
"TRUEFALSE","False",,,,,"2727","57906","3345",,"1","1","12/06/2021 19:03:15","12/06/2021 19:03:15"
"TRUEFALSE","False",,,,,"2728","57906","3346",,"0","1","12/06/2021 19:03:21","12/06/2021 19:03:21"
"TRUEFALSE","False",,,,,"2729","57906","3347",,"1","1","12/06/2021 19:03:26","12/06/2021 19:03:26"
"TRUEFALSE","False",,,,,"2730","57906","3348",,"1","1","12/06/2021 19:03:34","12/06/2021 19:03:34"
"TRUEFALSE","False",,,,,"2731","57906","3349",,"1","1","12/06/2021 19:03:39","12/06/2021 19:03:39"
"TRUEFALSE","False",,,,,"2732","57906","3354",,"0","1","12/06/2021 19:04:09","12/06/2021 19:04:09"
"TRUEFALSE","False",,,,,"2733","57906","3355",,"1","1","12/06/2021 19:04:14","12/06/2021 19:04:14"
"TRUEFALSE","False",,,,,"2734","57906","3356",,"0","1","12/06/2021 19:04:21","12/06/2021 19:04:21"
"TRUEFALSE","False",,,,,"2735","57906","3357",,"0","1","12/06/2021 19:04:25","12/06/2021 19:04:25"
"TRUEFALSE","False",,,,,"2736","57907","3334",,"0","1","12/06/2021 19:05:24","12/06/2021 19:05:24"
"TRUEFALSE","False",,,,,"2737","57907","3335",,"1","1","12/06/2021 19:05:57","12/06/2021 19:05:57"
"TRUEFALSE","False",,,,,"2738","57905","3354",,"1","0","12/06/2021 19:05:59","12/06/2021 19:05:59"
"TRUEFALSE","False",,,,,"2739","57907","3336",,"0","1","12/06/2021 19:06:25","12/06/2021 19:06:25"
"TRUEFALSE","False",,,,,"2740","57905","3355",,"1","1","12/06/2021 19:06:33","12/06/2021 19:06:33"
"TRUEFALSE","False",,,,,"2741","57905","3356",,"1","0","12/06/2021 19:06:43","12/06/2021 19:06:43"
"TRUEFALSE","False",,,,,"2742","57905","3357",,"1","0","12/06/2021 19:07:02","12/06/2021 19:07:02"
"TRUEFALSE","False",,,,,"2743","57900","3354",,"1","0","12/06/2021 19:08:35","12/06/2021 19:08:35"
"TRUEFALSE","False",,,,,"2744","57907","3337",,"1","1","12/06/2021 19:09:16","12/06/2021 19:09:16"
"TRUEFALSE","False",,,,,"2745","57900","3355",,"1","1","12/06/2021 19:10:10","12/06/2021 19:10:10"
"TRUEFALSE","False",,,,,"2746","57900","3356",,"0","1","12/06/2021 19:10:32","12/06/2021 19:10:32"
"TRUEFALSE","False",,,,,"2747","57907","3338",,"0","1","12/06/2021 19:10:36","12/06/2021 19:10:36"
"TRUEFALSE","False",,,,,"2748","57907","3339",,"1","0","12/06/2021 19:10:51","12/06/2021 19:10:51"
"TRUEFALSE","False",,,,,"2749","57907","3340",,"1","1","12/06/2021 19:11:20","12/06/2021 19:11:20"
"TRUEFALSE","False",,,,,"2750","57900","3357",,"0","1","12/06/2021 19:11:28","12/06/2021 19:11:28"
"TRUEFALSE","False",,,,,"2751","57907","3341",,"0","1","12/06/2021 19:11:30","12/06/2021 19:11:30"
"TRUEFALSE","False",,,,,"2752","57907","3342",,"0","1","12/06/2021 19:12:18","12/06/2021 19:12:18"
"TRUEFALSE","False",,,,,"2753","57907","3343",,"1","1","12/06/2021 19:12:51","12/06/2021 19:12:51"
"TRUEFALSE","False",,,,,"2754","57907","3344",,"0","1","12/06/2021 19:13:10","12/06/2021 19:13:10"
"TRUEFALSE","False",,,,,"2755","57907","3345",,"1","1","12/06/2021 19:13:28","12/06/2021 19:13:28"
"TRUEFALSE","False",,,,,"2756","57907","3346",,"0","1","12/06/2021 19:13:40","12/06/2021 19:13:40"
"TRUEFALSE","False",,,,,"2757","57907","3347",,"1","1","12/06/2021 19:13:54","12/06/2021 19:13:54"
"TRUEFALSE","False",,,,,"2758","57907","3348",,"1","1","12/06/2021 19:14:17","12/06/2021 19:14:17"
"TRUEFALSE","False",,,,,"2759","57907","3349",,"0","0","12/06/2021 19:14:53","12/06/2021 19:14:53"
"TRUEFALSE","False",,,,,"2760","57907","3354",,"0","1","12/06/2021 19:20:16","12/06/2021 19:20:27"
"TRUEFALSE","False",,,,,"2761","57907","3355",,"1","1","12/06/2021 19:20:51","12/06/2021 19:20:51"
"TRUEFALSE","False",,,,,"2762","57907","3356",,"0","1","12/06/2021 19:21:09","12/06/2021 19:21:09"
"TRUEFALSE","False",,,,,"2763","57907","3357",,"1","0","12/06/2021 19:22:01","12/06/2021 19:22:01"
"TRUEFALSE","False",,,,,"2764","57908","3334",,"0","1","12/06/2021 19:32:08","12/06/2021 19:32:08"
"TRUEFALSE","False",,,,,"2765","57908","3335",,"1","1","12/06/2021 19:32:24","12/06/2021 19:32:24"
"TRUEFALSE","False",,,,,"2766","57908","3336",,"0","1","12/06/2021 19:32:41","12/06/2021 19:32:41"
"TRUEFALSE","False",,,,,"2767","57908","3337",,"0","0","12/06/2021 19:32:48","12/06/2021 19:32:48"
"TRUEFALSE","False",,,,,"2768","57908","3338",,"1","0","12/06/2021 19:32:56","12/06/2021 19:32:56"
"TRUEFALSE","False",,,,,"2769","57908","3339",,"0","1","12/06/2021 19:33:05","12/06/2021 19:33:05"
"TRUEFALSE","False",,,,,"2770","57908","3340",,"1","1","12/06/2021 19:33:15","12/06/2021 19:33:15"
"TRUEFALSE","False",,,,,"2771","57908","3341",,"0","1","12/06/2021 19:33:23","12/06/2021 19:33:23"
"TRUEFALSE","False",,,,,"2772","57908","3342",,"0","1","12/06/2021 19:33:30","12/06/2021 19:33:30"
"TRUEFALSE","False",,,,,"2773","57908","3343",,"1","1","12/06/2021 19:33:37","12/06/2021 19:33:37"
"TRUEFALSE","False",,,,,"2774","57908","3344",,"0","1","12/06/2021 19:33:45","12/06/2021 19:33:45"
"TRUEFALSE","False",,,,,"2775","57908","3345",,"1","1","12/06/2021 19:34:15","12/06/2021 19:34:15"
"TRUEFALSE","False",,,,,"2776","57908","3346",,"0","1","12/06/2021 19:34:23","12/06/2021 19:34:23"
"TRUEFALSE","False",,,,,"2777","57908","3347",,"1","1","12/06/2021 19:34:26","12/06/2021 19:34:26"
"TRUEFALSE","False",,,,,"2778","57908","3348",,"1","1","12/06/2021 19:34:32","12/06/2021 19:34:32"
"TRUEFALSE","False",,,,,"2779","57908","3349",,"1","1","12/06/2021 19:34:36","12/06/2021 19:34:36"
"TRUEFALSE","False",,,,,"2780","57908","3354",,"0","1","12/06/2021 19:34:53","12/06/2021 19:34:53"
"TRUEFALSE","False",,,,,"2781","57908","3355",,"1","1","12/06/2021 19:34:55","12/06/2021 19:34:55"
"TRUEFALSE","False",,,,,"2782","57908","3356",,"0","1","12/06/2021 19:35:05","12/06/2021 19:35:05"
"TRUEFALSE","False",,,,,"2783","57908","3357",,"0","1","12/06/2021 19:35:08","12/06/2021 19:35:08"
"TRUEFALSE","False",,,,,"2784","57910","3334",,"0","1","12/06/2021 21:06:52","12/06/2021 21:06:52"
"TRUEFALSE","False",,,,,"2785","57911","3334",,"0","0","12/06/2021 21:10:11","12/06/2021 21:10:11"
"TRUEFALSE","False",,,,,"2786","57911","3335",,"1","0","12/06/2021 21:11:00","12/06/2021 21:11:00"
"TRUEFALSE","False",,,,,"2787","57911","3336",,"0","0","12/06/2021 21:11:20","12/06/2021 21:11:34"
"TRUEFALSE","False",,,,,"2788","57910","3335",,"1","1","12/06/2021 21:12:11","12/06/2021 21:12:11"
"TRUEFALSE","False",,,,,"2789","57911","3337",,"1","0","12/06/2021 21:13:06","12/06/2021 21:13:06"
"TRUEFALSE","False",,,,,"2790","57911","3338",,"0","0","12/06/2021 21:13:25","12/06/2021 21:13:25"
"TRUEFALSE","False",,,,,"2791","57910","3336",,"0","1","12/06/2021 21:14:47","12/06/2021 21:14:47"
"TRUEFALSE","False",,,,,"2792","57910","3337",,"1","1","12/06/2021 21:15:44","12/06/2021 21:15:44"
"TRUEFALSE","False",,,,,"2793","57911","3339",,"0","0","12/06/2021 21:16:38","12/06/2021 21:16:38"
"TRUEFALSE","False",,,,,"2794","57910","3338",,"0","1","12/06/2021 21:17:29","12/06/2021 21:17:29"
"TRUEFALSE","False",,,,,"2795","57911","3340",,"1","0","12/06/2021 21:18:03","12/06/2021 21:18:03"
"TRUEFALSE","False",,,,,"2796","57911","3341",,"0","0","12/06/2021 21:18:12","12/06/2021 21:18:12"
"TRUEFALSE","False",,,,,"2797","57910","3339",,"0","1","12/06/2021 21:18:19","12/06/2021 21:18:19"
"TRUEFALSE","False",,,,,"2798","57911","3342",,"0","0","12/06/2021 21:18:33","12/06/2021 21:18:33"
"TRUEFALSE","False",,,,,"2799","57910","3340",,"1","1","12/06/2021 21:19:08","12/06/2021 21:19:08"
"TRUEFALSE","False",,,,,"2800","57910","3341",,"0","1","12/06/2021 21:19:46","12/06/2021 21:19:46"
"TRUEFALSE","False",,,,,"2801","57910","3342",,"0","1","12/06/2021 21:20:17","12/06/2021 21:20:17"
"TRUEFALSE","False",,,,,"2802","57911","3343",,"1","0","12/06/2021 21:21:50","12/06/2021 21:21:50"
"TRUEFALSE","False",,,,,"2803","57911","3344",,"0","0","12/06/2021 21:22:19","12/06/2021 21:22:19"
"TRUEFALSE","False",,,,,"2804","57910","3343",,"0","0","12/06/2021 21:22:52","12/06/2021 21:22:52"
"TRUEFALSE","False",,,,,"2805","57910","3344",,"0","1","12/06/2021 21:22:56","12/06/2021 21:22:56"
"TRUEFALSE","False",,,,,"2806","57910","3345",,"1","1","12/06/2021 21:23:06","12/06/2021 21:23:06"
"TRUEFALSE","False",,,,,"2807","57911","3345",,"1","0","12/06/2021 21:23:22","12/06/2021 21:23:22"
"TRUEFALSE","False",,,,,"2808","57910","3346",,"0","1","12/06/2021 21:23:39","12/06/2021 21:23:39"
"TRUEFALSE","False",,,,,"2809","57911","3346",,"0","0","12/06/2021 21:23:47","12/06/2021 21:23:47"
"TRUEFALSE","False",,,,,"2810","57910","3347",,"1","1","12/06/2021 21:23:51","12/06/2021 21:23:51"
"TRUEFALSE","False",,,,,"2811","57911","3347",,"1","0","12/06/2021 21:24:18","12/06/2021 21:24:18"
"TRUEFALSE","False",,,,,"2812","57911","3348",,"1","0","12/06/2021 21:24:46","12/06/2021 21:24:46"
"TRUEFALSE","False",,,,,"2813","57910","3348",,"1","1","12/06/2021 21:24:46","12/06/2021 21:24:46"
"TRUEFALSE","False",,,,,"2814","57911","3349",,"1","0","12/06/2021 21:25:09","12/06/2021 21:25:09"
"TRUEFALSE","False",,,,,"2815","57910","3349",,"1","1","12/06/2021 21:27:09","12/06/2021 21:27:09"
"TRUEFALSE","False",,,,,"2816","57913","3334",,"0","1","12/06/2021 21:34:41","12/06/2021 21:34:41"
"TRUEFALSE","False",,,,,"2817","57913","3335",,"1","1","12/06/2021 21:34:50","12/06/2021 21:34:50"
"TRUEFALSE","False",,,,,"2818","57913","3336",,"0","1","12/06/2021 21:35:03","12/06/2021 21:35:03"
"TRUEFALSE","False",,,,,"2819","57913","3337",,"1","1","12/06/2021 21:35:17","12/06/2021 21:35:17"
"TRUEFALSE","False",,,,,"2820","57913","3338",,"0","1","12/06/2021 21:35:25","12/06/2021 21:35:25"
"TRUEFALSE","False",,,,,"2821","57913","3339",,"0","1","12/06/2021 21:35:37","12/06/2021 21:35:37"
"TRUEFALSE","False",,,,,"2822","57913","3340",,"1","1","12/06/2021 21:35:46","12/06/2021 21:35:46"
"TRUEFALSE","False",,,,,"2823","57910","3354",,"1","0","12/06/2021 21:36:04","12/06/2021 21:36:04"
"TRUEFALSE","False",,,,,"2824","57913","3341",,"0","1","12/06/2021 21:36:29","12/06/2021 21:36:29"
"TRUEFALSE","False",,,,,"2825","57910","3355",,"1","1","12/06/2021 21:36:37","12/06/2021 21:36:37"
"TRUEFALSE","False",,,,,"2826","57913","3342",,"0","1","12/06/2021 21:36:42","12/06/2021 21:36:42"
"TRUEFALSE","False",,,,,"2827","57910","3356",,"0","1","12/06/2021 21:36:48","12/06/2021 21:36:48"
"TRUEFALSE","False",,,,,"2828","57913","3343",,"1","1","12/06/2021 21:36:48","12/06/2021 21:36:48"
"TRUEFALSE","False",,,,,"2829","57913","3344",,"0","1","12/06/2021 21:36:58","12/06/2021 21:36:58"
"TRUEFALSE","False",,,,,"2830","57913","3345",,"1","1","12/06/2021 21:37:05","12/06/2021 21:37:05"
"TRUEFALSE","False",,,,,"2831","57913","3346",,"0","1","12/06/2021 21:37:14","12/06/2021 21:37:14"
"TRUEFALSE","False",,,,,"2832","57913","3347",,"1","1","12/06/2021 21:37:27","12/06/2021 21:37:27"
"TRUEFALSE","False",,,,,"2833","57913","3348",,"1","1","12/06/2021 21:37:38","12/06/2021 21:37:38"
"TRUEFALSE","False",,,,,"2834","57913","3349",,"1","1","12/06/2021 21:37:52","12/06/2021 21:37:52"
"TRUEFALSE","False",,,,,"2835","57910","3357",,"0","1","12/06/2021 21:38:12","12/06/2021 21:44:33"
"TRUEFALSE","False",,,,,"2836","57913","3354",,"1","0","12/06/2021 21:42:33","12/06/2021 21:42:33"
"TRUEFALSE","False",,,,,"2837","57913","3355",,"1","1","12/06/2021 21:42:51","12/06/2021 21:42:51"
"TRUEFALSE","False",,,,,"2838","57913","3356",,"0","1","12/06/2021 21:43:26","12/06/2021 21:43:26"
"TRUEFALSE","False",,,,,"2839","57913","3357",,"0","1","12/06/2021 21:43:35","12/06/2021 21:43:35"
"TRUEFALSE","False",,,,,"2840","57916","3335",,"1","1","12/06/2021 23:20:54","12/06/2021 23:20:54"
"TRUEFALSE","False",,,,,"2841","57916","3334",,"0","1","12/06/2021 23:21:12","12/06/2021 23:21:15"
"TRUEFALSE","False",,,,,"2842","57916","3336",,"0","1","12/06/2021 23:21:45","12/06/2021 23:21:45"
"TRUEFALSE","False",,,,,"2843","57916","3338",,"0","1","12/06/2021 23:23:01","12/06/2021 23:23:01"
"TRUEFALSE","False",,,,,"2844","57916","3337",,"1","1","12/06/2021 23:23:22","12/06/2021 23:23:22"
"TRUEFALSE","False",,,,,"2845","57916","3339",,"0","1","12/06/2021 23:24:15","12/06/2021 23:24:15"
"TRUEFALSE","False",,,,,"2846","57916","3341",,"0","1","12/06/2021 23:25:01","12/06/2021 23:25:01"
"TRUEFALSE","False",,,,,"2847","57916","3340",,"1","1","12/06/2021 23:28:15","12/06/2021 23:28:15"
"TRUEFALSE","False",,,,,"2848","57916","3342",,"0","1","12/06/2021 23:28:40","12/06/2021 23:29:14"
"TRUEFALSE","False",,,,,"2849","57916","3344",,"0","1","12/06/2021 23:30:02","12/06/2021 23:30:02"
"TRUEFALSE","False",,,,,"2850","57916","3343",,"0","0","12/06/2021 23:30:47","12/06/2021 23:30:47"
"TRUEFALSE","False",,,,,"2851","57916","3345",,"1","1","12/06/2021 23:31:10","12/06/2021 23:31:10"
"TRUEFALSE","False",,,,,"2852","57916","3347",,"1","1","12/06/2021 23:32:01","12/06/2021 23:32:01"
"TRUEFALSE","False",,,,,"2853","57916","3346",,"0","1","12/06/2021 23:33:11","12/06/2021 23:33:11"
"TRUEFALSE","False",,,,,"2854","57916","3348",,"1","1","12/06/2021 23:33:33","12/06/2021 23:34:59"
"TRUEFALSE","False",,,,,"2855","57916","3349",,"0","0","12/06/2021 23:37:11","12/06/2021 23:37:11"
"TRUEFALSE","False",,,,,"2856","57916","3354",,"1","0","12/06/2021 23:43:56","12/06/2021 23:43:56"
"TRUEFALSE","False",,,,,"2857","57916","3355",,"1","1","12/06/2021 23:46:07","12/06/2021 23:46:07"
"TRUEFALSE","False",,,,,"2858","57916","3357",,"0","1","12/06/2021 23:47:19","12/06/2021 23:47:19"
"TRUEFALSE","False",,,,,"2859","57916","3356",,"0","1","12/06/2021 23:48:54","12/06/2021 23:48:54"
"TRUEFALSE","False",,,,,"2929","58993","3334",,"0","1","21/06/2021 15:24:43","21/06/2021 15:24:43"
"TRUEFALSE","False",,,,,"2930","58993","3335",,"1","1","21/06/2021 15:26:29","21/06/2021 15:27:06"
"TRUEFALSE","False",,,,,"2931","58993","3336",,"1","0","21/06/2021 15:30:24","21/06/2021 15:31:03"
"TRUEFALSE","False",,,,,"2932","58993","3337",,"0","0","21/06/2021 15:31:30","21/06/2021 15:31:30"
"TRUEFALSE","False",,,,,"2933","58993","3338",,"1","0","21/06/2021 15:32:09","21/06/2021 15:32:09"
"TRUEFALSE","False",,,,,"2934","58993","3339",,"1","0","21/06/2021 15:32:16","21/06/2021 15:32:16"
"TRUEFALSE","False",,,,,"2935","58993","3340",,"1","1","21/06/2021 15:39:08","21/06/2021 15:39:08"
"TRUEFALSE","False",,,,,"2936","58993","3341",,"0","1","21/06/2021 15:39:12","21/06/2021 15:39:12"
"TRUEFALSE","False",,,,,"2937","58993","3342",,"0","1","21/06/2021 15:39:22","21/06/2021 15:39:22"
"TRUEFALSE","False",,,,,"2938","58993","3343",,"0","0","21/06/2021 15:40:32","21/06/2021 15:40:32"
"TRUEFALSE","False",,,,,"2939","58993","3344",,"0","1","21/06/2021 15:41:20","21/06/2021 15:41:20"
"TRUEFALSE","False",,,,,"2940","58993","3345",,"1","1","21/06/2021 15:41:30","21/06/2021 15:41:30"
"TRUEFALSE","False",,,,,"2941","58993","3346",,"0","1","21/06/2021 15:41:39","21/06/2021 15:41:39"
"TRUEFALSE","False",,,,,"2942","58993","3347",,"1","1","21/06/2021 15:41:54","21/06/2021 15:41:54"
"TRUEFALSE","False",,,,,"2943","58993","3348",,"1","1","21/06/2021 15:42:03","21/06/2021 15:42:03"
"TRUEFALSE","False",,,,,"2944","58993","3349",,"1","1","21/06/2021 15:43:36","21/06/2021 15:43:36"
"TRUEFALSE","False",,,,,"2945","58993","3354",,"1","0","21/06/2021 15:49:58","21/06/2021 15:49:58"
"TRUEFALSE","False",,,,,"2946","58993","3355",,"1","1","21/06/2021 15:50:10","21/06/2021 15:50:10"
"TRUEFALSE","False",,,,,"2947","58993","3356",,"0","1","21/06/2021 15:50:16","21/06/2021 15:50:16"
"TRUEFALSE","False",,,,,"2948","58993","3357",,"0","1","21/06/2021 15:50:21","21/06/2021 15:50:21"
"TRUEFALSE","False",,,,,"2949","58994","3334",,"0","1","21/06/2021 16:00:23","21/06/2021 16:00:23"
"TRUEFALSE","False",,,,,"2950","58994","3335",,"1","1","21/06/2021 16:00:54","21/06/2021 16:00:54"
"TRUEFALSE","False",,,,,"2951","58994","3336",,"0","1","21/06/2021 16:01:17","21/06/2021 16:01:17"
"TRUEFALSE","False",,,,,"2952","58994","3337",,"1","1","21/06/2021 16:01:37","21/06/2021 16:01:37"
"TRUEFALSE","False",,,,,"2953","58994","3338",,"0","1","21/06/2021 16:01:57","21/06/2021 16:01:57"
"TRUEFALSE","False",,,,,"2954","58994","3339",,"0","1","21/06/2021 16:02:11","21/06/2021 16:02:11"
"TRUEFALSE","False",,,,,"2955","58994","3340",,"1","1","21/06/2021 16:04:37","21/06/2021 16:04:37"
"TRUEFALSE","False",,,,,"2956","58994","3341",,"0","1","21/06/2021 16:06:07","21/06/2021 16:06:07"
"TRUEFALSE","False",,,,,"2957","58994","3342",,"0","1","21/06/2021 16:08:01","21/06/2021 16:08:01"
"TRUEFALSE","False",,,,,"2958","58994","3343",,"1","1","21/06/2021 16:09:59","21/06/2021 16:09:59"
"TRUEFALSE","False",,,,,"2959","58994","3344",,"0","1","21/06/2021 16:11:13","21/06/2021 16:11:13"
"TRUEFALSE","False",,,,,"2960","58994","3345",,"1","1","21/06/2021 16:13:04","21/06/2021 16:13:04"
"TRUEFALSE","False",,,,,"2961","58994","3346",,"0","1","21/06/2021 16:16:09","21/06/2021 16:16:09"
"TRUEFALSE","False",,,,,"2962","58994","3347",,"1","1","21/06/2021 16:16:35","21/06/2021 16:16:35"
"TRUEFALSE","False",,,,,"2963","58994","3348",,"1","1","21/06/2021 16:17:26","21/06/2021 16:17:26"
"TRUEFALSE","False",,,,,"2964","58994","3349",,"1","1","21/06/2021 16:19:16","21/06/2021 16:19:16"
"TRUEFALSE","False",,,,,"2965","58994","3354",,"0","1","21/06/2021 16:24:58","21/06/2021 16:24:58"
"TRUEFALSE","False",,,,,"2966","58994","3355",,"1","1","21/06/2021 16:25:35","21/06/2021 16:25:35"
"TRUEFALSE","False",,,,,"2967","58994","3356",,"0","1","21/06/2021 16:27:12","21/06/2021 16:27:12"
"TRUEFALSE","False",,,,,"2968","58994","3357",,"0","1","21/06/2021 16:29:42","21/06/2021 16:29:42"
"TRUEFALSE","False",,,,,"3030","59199","3334",,"0","1","22/06/2021 17:49:59","22/06/2021 17:49:59"
"TRUEFALSE","False",,,,,"3031","59199","3335",,"1","1","22/06/2021 17:50:03","22/06/2021 17:50:03"
"TRUEFALSE","False",,,,,"3032","59199","3336",,"0","1","22/06/2021 17:50:07","22/06/2021 17:50:07"
"TRUEFALSE","False",,,,,"3033","59199","3337",,"1","1","22/06/2021 17:50:11","22/06/2021 17:50:13"
"TRUEFALSE","False",,,,,"3034","59199","3338",,"1","0","22/06/2021 17:50:19","22/06/2021 17:50:19"
"TRUEFALSE","False",,,,,"3035","59199","3339",,"0","1","22/06/2021 17:50:23","22/06/2021 17:50:23"
"TRUEFALSE","False",,,,,"3036","59199","3340",,"1","1","22/06/2021 17:50:26","22/06/2021 17:50:26"
"TRUEFALSE","False",,,,,"3037","59199","3341",,"0","1","22/06/2021 17:50:31","22/06/2021 17:50:31"
"TRUEFALSE","False",,,,,"3038","59199","3342",,"0","1","22/06/2021 17:50:36","22/06/2021 17:50:36"
"TRUEFALSE","False",,,,,"3039","59199","3343",,"1","1","22/06/2021 17:50:41","22/06/2021 17:50:41"
"TRUEFALSE","False",,,,,"3040","59199","3344",,"0","1","22/06/2021 17:50:46","22/06/2021 17:50:46"
"TRUEFALSE","False",,,,,"3041","59199","3345",,"1","1","22/06/2021 17:50:50","22/06/2021 17:50:50"
"TRUEFALSE","False",,,,,"3042","59199","3346",,"0","1","22/06/2021 17:50:54","22/06/2021 17:50:54"
"TRUEFALSE","False",,,,,"3043","59199","3347",,"1","1","22/06/2021 17:50:58","22/06/2021 17:50:58"
"TRUEFALSE","False",,,,,"3044","59199","3348",,"1","1","22/06/2021 17:51:02","22/06/2021 17:51:02"
"TRUEFALSE","False",,,,,"3045","59199","3349",,"1","1","22/06/2021 17:51:08","22/06/2021 17:51:08"
"TRUEFALSE","False",,,,,"3046","59199","3354",,"0","1","22/06/2021 17:51:33","22/06/2021 17:51:33"
"TRUEFALSE","False",,,,,"3047","59199","3355",,"1","1","22/06/2021 17:51:38","22/06/2021 17:51:38"
"TRUEFALSE","False",,,,,"3048","59199","3356",,"0","1","22/06/2021 17:51:41","22/06/2021 17:51:41"
"TRUEFALSE","False",,,,,"3049","59199","3357",,"0","1","22/06/2021 17:51:43","22/06/2021 17:51:43"
"TRUEFALSE","False",,,,,"3131","59493","3334",,"1","0","24/06/2021 11:53:30","24/06/2021 11:53:30"
"TRUEFALSE","False",,,,,"3132","59493","3335",,"0","0","24/06/2021 11:54:47","24/06/2021 11:54:47"
"TRUEFALSE","False",,,,,"3133","59493","3336",,"0","1","24/06/2021 11:55:08","24/06/2021 11:55:08"
"TRUEFALSE","False",,,,,"3134","59493","3337",,"1","1","24/06/2021 11:56:38","24/06/2021 11:56:38"
"TRUEFALSE","False",,,,,"3135","59493","3338",,"0","1","24/06/2021 11:58:33","24/06/2021 12:00:07"
"TRUEFALSE","False",,,,,"3136","59493","3339",,"0","1","24/06/2021 11:59:25","24/06/2021 11:59:25"
"TRUEFALSE","False",,,,,"3137","59493","3340",,"1","1","24/06/2021 12:00:30","24/06/2021 12:00:30"
"TRUEFALSE","False",,,,,"3138","59493","3341",,"1","0","24/06/2021 12:01:14","24/06/2021 12:01:14"
"TRUEFALSE","False",,,,,"3139","59493","3342",,"0","1","24/06/2021 12:02:05","24/06/2021 12:02:05"
"TRUEFALSE","False",,,,,"3140","59493","3343",,"0","0","24/06/2021 12:03:00","24/06/2021 12:03:00"
"TRUEFALSE","False",,,,,"3141","59493","3344",,"1","0","24/06/2021 12:03:21","24/06/2021 12:03:21"
"TRUEFALSE","False",,,,,"3142","59493","3345",,"1","1","24/06/2021 12:03:41","24/06/2021 12:03:41"
"TRUEFALSE","False",,,,,"3143","59493","3346",,"0","1","24/06/2021 12:05:44","24/06/2021 12:05:44"
"TRUEFALSE","False",,,,,"3144","59493","3347",,"1","1","24/06/2021 12:06:35","24/06/2021 12:06:35"
"TRUEFALSE","False",,,,,"3145","59493","3348",,"1","1","24/06/2021 12:07:14","24/06/2021 12:07:14"
"TRUEFALSE","False",,,,,"3146","59493","3349",,"1","1","24/06/2021 12:08:05","24/06/2021 12:08:05"
"TRUEFALSE","False",,,,,"3147","59493","3354",,"1","0","24/06/2021 12:17:19","24/06/2021 12:17:19"
"TRUEFALSE","False",,,,,"3148","59493","3355",,"1","1","24/06/2021 12:18:10","24/06/2021 12:18:10"
"TRUEFALSE","False",,,,,"3149","59493","3356",,"0","1","24/06/2021 12:18:40","24/06/2021 12:18:40"
"TRUEFALSE","False",,,,,"3150","59493","3357",,"1","0","24/06/2021 12:19:13","24/06/2021 12:19:13"
"TRUEFALSE","False",,,,,"3151","59496","3334",,"0","1","24/06/2021 13:59:46","24/06/2021 13:59:46"
"TRUEFALSE","False",,,,,"3152","59496","3335",,"1","1","24/06/2021 13:59:58","24/06/2021 13:59:58"
"TRUEFALSE","False",,,,,"3153","59496","3336",,"0","1","24/06/2021 14:00:09","24/06/2021 14:00:09"
"TRUEFALSE","False",,,,,"3154","59496","3337",,"0","0","24/06/2021 14:00:19","24/06/2021 14:00:19"
"TRUEFALSE","False",,,,,"3155","59496","3338",,"1","0","24/06/2021 14:00:30","24/06/2021 14:00:30"
"TRUEFALSE","False",,,,,"3156","59496","3339",,"0","1","24/06/2021 14:00:39","24/06/2021 14:00:39"
"TRUEFALSE","False",,,,,"3157","59496","3340",,"1","1","24/06/2021 14:00:46","24/06/2021 14:00:46"
"TRUEFALSE","False",,,,,"3158","59496","3341",,"0","1","24/06/2021 14:00:51","24/06/2021 14:00:51"
"TRUEFALSE","False",,,,,"3159","59496","3342",,"0","1","24/06/2021 14:00:56","24/06/2021 14:00:56"
"TRUEFALSE","False",,,,,"3160","59496","3343",,"1","1","24/06/2021 14:01:03","24/06/2021 14:01:03"
"TRUEFALSE","False",,,,,"3161","59496","3344",,"0","1","24/06/2021 14:01:23","24/06/2021 14:01:23"
"TRUEFALSE","False",,,,,"3162","59496","3345",,"1","1","24/06/2021 14:01:34","24/06/2021 14:01:34"
"TRUEFALSE","False",,,,,"3163","59496","3346",,"0","1","24/06/2021 14:01:46","24/06/2021 14:01:46"
"TRUEFALSE","False",,,,,"3164","59496","3347",,"1","1","24/06/2021 14:01:51","24/06/2021 14:01:51"
"TRUEFALSE","False",,,,,"3165","59496","3348",,"1","1","24/06/2021 14:01:57","24/06/2021 14:01:57"
"TRUEFALSE","False",,,,,"3166","59496","3349",,"1","1","24/06/2021 14:02:04","24/06/2021 14:02:04"
"TRUEFALSE","False",,,,,"3167","59496","3354",,"0","1","24/06/2021 14:03:04","24/06/2021 14:03:04"
"TRUEFALSE","False",,,,,"3168","59496","3355",,"1","1","24/06/2021 14:03:26","24/06/2021 14:03:26"
"TRUEFALSE","False",,,,,"3169","59496","3356",,"0","1","24/06/2021 14:03:31","24/06/2021 14:03:31"
"TRUEFALSE","False",,,,,"3170","59496","3357",,"0","1","24/06/2021 14:03:34","24/06/2021 14:03:34"
"TRUEFALSE","False",,,,,"3232","78376","3334",,"1","0","11/09/2021 14:06:19","11/09/2021 14:06:19"
"TRUEFALSE","False",,,,,"3233","78376","3340",,"1","1","11/09/2021 14:14:22","11/09/2021 14:14:22"
"TRUEFALSE","False",,,,,"3234","78376","3348",,"1","1","11/09/2021 14:17:38","11/09/2021 14:17:38"
"TRUEFALSE","False",,,,,"3235","78376","3347",,"1","1","11/09/2021 14:17:48","11/09/2021 14:17:48"
"TRUEFALSE","False",,,,,"3236","78376","3349",,"0","0","11/09/2021 14:19:02","11/09/2021 14:19:02"
"TRUEFALSE","False",,,,,"3237","78376","3354",,"1","0","11/09/2021 14:23:05","11/09/2021 14:23:05"
"TRUEFALSE","False",,,,,"3238","78376","3357",,"1","0","11/09/2021 14:25:43","11/09/2021 14:25:43"
"TRUEFALSE","False",,,,,"3239","78378","3334",,"1","0","11/09/2021 16:20:05","11/09/2021 16:20:09"
"TRUEFALSE","False",,,,,"3240","78378","3335",,"0","0","11/09/2021 16:21:37","11/09/2021 16:21:42"
"TRUEFALSE","False",,,,,"3241","78377","3335",,"0","0","11/09/2021 16:22:40","11/09/2021 16:22:40"
"TRUEFALSE","False",,,,,"3242","78377","3336",,"0","1","11/09/2021 16:23:31","11/09/2021 16:23:31"
"TRUEFALSE","False",,,,,"3243","78378","3338",,"1","0","11/09/2021 16:26:03","11/09/2021 16:26:03"
"TRUEFALSE","False",,,,,"3244","78377","3338",,"1","0","11/09/2021 16:26:07","11/09/2021 16:26:07"
"TRUEFALSE","False",,,,,"3245","78378","3339",,"0","1","11/09/2021 16:26:31","11/09/2021 16:26:31"
"TRUEFALSE","False",,,,,"3246","78377","3339",,"0","1","11/09/2021 16:26:32","11/09/2021 16:26:32"
"TRUEFALSE","False",,,,,"3247","78378","3342",,"0","1","11/09/2021 16:27:26","11/09/2021 16:27:26"
"TRUEFALSE","False",,,,,"3248","78377","3342",,"0","1","11/09/2021 16:27:28","11/09/2021 16:27:28"
"TRUEFALSE","False",,,,,"3249","78378","3345",,"1","1","11/09/2021 16:29:41","11/09/2021 16:29:41"
"TRUEFALSE","False",,,,,"3250","78377","3344",,"0","1","11/09/2021 16:31:07","11/09/2021 16:31:07"
"TRUEFALSE","False",,,,,"3251","78377","3346",,"0","1","11/09/2021 16:32:06","11/09/2021 16:32:06"
"TRUEFALSE","False",,,,,"3252","78377","3347",,"1","1","11/09/2021 16:32:17","11/09/2021 16:32:17"
"TRUEFALSE","False",,,,,"3253","78378","3348",,"1","1","11/09/2021 16:32:41","11/09/2021 16:32:41"
"TRUEFALSE","False",,,,,"3254","78377","3349",,"1","1","11/09/2021 16:33:29","11/09/2021 16:33:29"
"TRUEFALSE","False",,,,,"3255","78379","3334",,"0","1","11/09/2021 16:36:21","11/09/2021 16:36:21"
"TRUEFALSE","False",,,,,"3256","78379","3335",,"1","1","11/09/2021 16:42:49","11/09/2021 16:42:49"
"TRUEFALSE","False",,,,,"3257","78378","3354",,"0","1","11/09/2021 16:43:09","11/09/2021 16:43:09"
"TRUEFALSE","False",,,,,"3258","78377","3354",,"0","1","11/09/2021 16:43:56","11/09/2021 16:43:56"
"TRUEFALSE","False",,,,,"3259","78378","3355",,"1","1","11/09/2021 16:44:01","11/09/2021 16:45:41"
"TRUEFALSE","False",,,,,"3260","78379","3337",,"1","1","11/09/2021 16:44:59","11/09/2021 16:44:59"
"TRUEFALSE","False",,,,,"3261","78377","3355",,"1","1","11/09/2021 16:45:39","11/09/2021 16:45:39"
"TRUEFALSE","False",,,,,"3262","78379","3342",,"0","1","11/09/2021 16:50:55","11/09/2021 16:50:55"
"TRUEFALSE","False",,,,,"3263","78379","3343",,"1","1","11/09/2021 16:51:38","11/09/2021 16:51:38"
"TRUEFALSE","False",,,,,"3264","78379","3344",,"1","0","11/09/2021 16:51:47","11/09/2021 16:51:47"
"TRUEFALSE","False",,,,,"3265","78379","3345",,"1","1","11/09/2021 16:52:37","11/09/2021 16:52:37"
"TRUEFALSE","False",,,,,"3266","78379","3346",,"0","1","11/09/2021 16:52:49","11/09/2021 16:52:49"
"TRUEFALSE","False",,,,,"3267","78379","3354",,"1","0","11/09/2021 17:06:31","11/09/2021 17:06:31"
"TRUEFALSE","False",,,,,"3268","78379","3355",,"1","1","11/09/2021 17:06:42","11/09/2021 17:06:42"
"TRUEFALSE","False",,,,,"3269","78379","3356",,"0","1","11/09/2021 17:08:22","11/09/2021 17:08:22"
"TRUEFALSE","False",,,,,"3270","78379","3357",,"1","0","11/09/2021 17:08:35","11/09/2021 17:08:35"
"TRUEFALSE","False",,,,,"3271","78479","3335",,"0","0","11/09/2021 18:17:21","11/09/2021 18:17:21"
"TRUEFALSE","False",,,,,"3272","78479","3338",,"1","0","11/09/2021 18:18:36","11/09/2021 18:18:36"
"TRUEFALSE","False",,,,,"3273","78479","3340",,"1","1","11/09/2021 18:19:09","11/09/2021 18:19:09"
"TRUEFALSE","False",,,,,"3274","78479","3341",,"0","1","11/09/2021 18:19:17","11/09/2021 18:19:17"
"TRUEFALSE","False",,,,,"3275","78479","3342",,"0","1","11/09/2021 18:19:27","11/09/2021 18:19:27"
"TRUEFALSE","False",,,,,"3276","78479","3343",,"1","1","11/09/2021 18:19:34","11/09/2021 18:19:34"
"TRUEFALSE","False",,,,,"3277","78479","3344",,"0","1","11/09/2021 18:19:39","11/09/2021 18:19:39"
"TRUEFALSE","False",,,,,"3278","78479","3345",,"1","1","11/09/2021 18:19:49","11/09/2021 18:19:49"
"TRUEFALSE","False",,,,,"3279","78479","3347",,"1","1","11/09/2021 18:20:06","11/09/2021 18:20:06"
"TRUEFALSE","False",,,,,"3280","78479","3348",,"1","1","11/09/2021 18:20:12","11/09/2021 18:20:12"
"TRUEFALSE","False",,,,,"3281","78479","3349",,"0","0","11/09/2021 18:20:31","11/09/2021 18:20:31"
"TRUEFALSE","False",,,,,"3282","78479","3355",,"1","1","11/09/2021 18:22:22","11/09/2021 18:22:22"
"TRUEFALSE","False",,,,,"3283","78380","3337",,"1","1","11/09/2021 18:42:25","11/09/2021 18:42:25"
"TRUEFALSE","False",,,,,"3284","78380","3341",,"0","1","11/09/2021 18:52:18","11/09/2021 18:52:18"
"TRUEFALSE","False",,,,,"3285","78380","3343",,"1","1","11/09/2021 18:54:16","11/09/2021 18:54:16"
"TRUEFALSE","False",,,,,"3286","78380","3345",,"0","0","11/09/2021 18:55:13","11/09/2021 18:55:13"
"TRUEFALSE","False",,,,,"3287","78380","3346",,"0","1","11/09/2021 18:56:47","11/09/2021 18:56:47"
"TRUEFALSE","False",,,,,"3288","78380","3354",,"0","1","11/09/2021 19:33:17","11/09/2021 19:33:17"
"TRUEFALSE","False",,,,,"3289","78380","3355",,"0","0","11/09/2021 19:36:02","11/09/2021 19:36:02"
"TRUEFALSE","False",,,,,"3290","78481","3334",,"0","1","11/09/2021 22:47:47","11/09/2021 22:47:47"
"TRUEFALSE","False",,,,,"3291","78481","3338",,"1","0","11/09/2021 22:49:00","11/09/2021 22:49:00"
"TRUEFALSE","False",,,,,"3292","78481","3340",,"0","0","11/09/2021 22:50:41","11/09/2021 22:50:41"
"TRUEFALSE","False",,,,,"3293","78481","3343",,"1","1","11/09/2021 22:53:44","11/09/2021 22:53:44"
"TRUEFALSE","False",,,,,"3294","78481","3346",,"0","1","11/09/2021 22:55:41","11/09/2021 22:55:41"
"TRUEFALSE","False",,,,,"3295","78481","3347",,"1","1","11/09/2021 22:55:49","11/09/2021 22:55:49"
"TRUEFALSE","False",,,,,"3296","78481","3349",,"0","0","11/09/2021 22:56:54","11/09/2021 22:56:54"
"TRUEFALSE","False",,,,,"3297","78481","3357",,"0","1","11/09/2021 23:03:06","11/09/2021 23:03:06"
"TRUEFALSE","False",,,,,"3333","78376","3335",,"0","0","11/09/2021 14:09:55","11/09/2021 14:09:55"
"TRUEFALSE","False",,,,,"3334","78376","3336",,"0","1","11/09/2021 14:11:10","11/09/2021 14:11:10"
"TRUEFALSE","False",,,,,"3335","78376","3337",,"0","0","11/09/2021 14:12:20","11/09/2021 14:12:20"
"TRUEFALSE","False",,,,,"3336","78376","3339",,"1","0","11/09/2021 14:13:28","11/09/2021 14:13:28"
"TRUEFALSE","False",,,,,"3337","78376","3338",,"1","0","11/09/2021 14:13:44","11/09/2021 14:13:44"
"TRUEFALSE","False",,,,,"3338","78376","3341",,"0","1","11/09/2021 14:14:52","11/09/2021 14:14:52"
"TRUEFALSE","False",,,,,"3339","78376","3342",,"0","1","11/09/2021 14:15:30","11/09/2021 14:15:30"
"TRUEFALSE","False",,,,,"3340","78376","3343",,"1","1","11/09/2021 14:15:47","11/09/2021 14:15:47"
"TRUEFALSE","False",,,,,"3341","78376","3345",,"1","1","11/09/2021 14:15:59","11/09/2021 14:15:59"
"TRUEFALSE","False",,,,,"3342","78376","3344",,"0","1","11/09/2021 14:16:46","11/09/2021 14:16:46"
"TRUEFALSE","False",,,,,"3343","78376","3346",,"0","1","11/09/2021 14:17:08","11/09/2021 14:17:08"
"TRUEFALSE","False",,,,,"3344","78376","3355",,"1","1","11/09/2021 14:24:48","11/09/2021 14:24:48"
"TRUEFALSE","False",,,,,"3345","78376","3356",,"0","1","11/09/2021 14:25:58","11/09/2021 14:25:58"
"TRUEFALSE","False",,,,,"3346","78377","3334",,"1","0","11/09/2021 16:20:46","11/09/2021 16:20:46"
"TRUEFALSE","False",,,,,"3347","78378","3336",,"0","1","11/09/2021 16:24:06","11/09/2021 16:24:06"
"TRUEFALSE","False",,,,,"3348","78378","3337",,"1","1","11/09/2021 16:24:27","11/09/2021 16:24:27"
"TRUEFALSE","False",,,,,"3349","78377","3337",,"1","1","11/09/2021 16:24:34","11/09/2021 16:24:34"
"TRUEFALSE","False",,,,,"3350","78378","3340",,"1","1","11/09/2021 16:26:44","11/09/2021 16:26:44"
"TRUEFALSE","False",,,,,"3351","78377","3340",,"1","1","11/09/2021 16:26:53","11/09/2021 16:26:53"
"TRUEFALSE","False",,,,,"3352","78377","3341",,"0","1","11/09/2021 16:27:03","11/09/2021 16:27:03"
"TRUEFALSE","False",,,,,"3353","78378","3341",,"0","1","11/09/2021 16:27:18","11/09/2021 16:27:18"
"TRUEFALSE","False",,,,,"3354","78378","3343",,"1","1","11/09/2021 16:27:41","11/09/2021 16:27:41"
"TRUEFALSE","False",,,,,"3355","78378","3344",,"1","0","11/09/2021 16:29:22","11/09/2021 16:29:22"
"TRUEFALSE","False",,,,,"3356","78377","3343",,"0","0","11/09/2021 16:31:02","11/09/2021 16:31:02"
"TRUEFALSE","False",,,,,"3357","78378","3346",,"0","1","11/09/2021 16:31:41","11/09/2021 16:31:41"
"TRUEFALSE","False",,,,,"3358","78377","3345",,"1","1","11/09/2021 16:31:58","11/09/2021 16:31:58"
"TRUEFALSE","False",,,,,"3359","78378","3347",,"1","1","11/09/2021 16:32:19","11/09/2021 16:32:19"
"TRUEFALSE","False",,,,,"3360","78377","3348",,"1","1","11/09/2021 16:32:44","11/09/2021 16:32:44"
"TRUEFALSE","False",,,,,"3361","78378","3349",,"1","1","11/09/2021 16:33:54","11/09/2021 16:33:54"
"TRUEFALSE","False",,,,,"3362","78379","3336",,"0","1","11/09/2021 16:43:10","11/09/2021 16:43:10"
"TRUEFALSE","False",,,,,"3363","78378","3356",,"0","1","11/09/2021 16:45:57","11/09/2021 16:45:57"
"TRUEFALSE","False",,,,,"3364","78377","3356",,"0","1","11/09/2021 16:45:59","11/09/2021 16:45:59"
"TRUEFALSE","False",,,,,"3365","78378","3357",,"0","1","11/09/2021 16:46:05","11/09/2021 16:46:21"
"TRUEFALSE","False",,,,,"3366","78377","3357",,"0","1","11/09/2021 16:47:51","11/09/2021 16:47:51"
"TRUEFALSE","False",,,,,"3367","78379","3338",,"0","1","11/09/2021 16:48:28","11/09/2021 16:48:55"
"TRUEFALSE","False",,,,,"3368","78379","3339",,"0","1","11/09/2021 16:48:59","11/09/2021 16:48:59"
"TRUEFALSE","False",,,,,"3369","78379","3340",,"1","1","11/09/2021 16:50:28","11/09/2021 16:50:28"
"TRUEFALSE","False",,,,,"3370","78379","3341",,"0","1","11/09/2021 16:50:39","11/09/2021 16:50:39"
"TRUEFALSE","False",,,,,"3371","78379","3347",,"1","1","11/09/2021 16:53:07","11/09/2021 16:53:07"
"TRUEFALSE","False",,,,,"3372","78379","3348",,"1","1","11/09/2021 16:53:19","11/09/2021 16:53:19"
"TRUEFALSE","False",,,,,"3373","78379","3349",,"0","0","11/09/2021 16:53:49","11/09/2021 16:53:49"
"TRUEFALSE","False",,,,,"3374","78479","3334",,"1","0","11/09/2021 18:16:58","11/09/2021 18:16:58"
"TRUEFALSE","False",,,,,"3375","78479","3336",,"0","1","11/09/2021 18:18:01","11/09/2021 18:18:01"
"TRUEFALSE","False",,,,,"3376","78479","3337",,"0","0","11/09/2021 18:18:25","11/09/2021 18:18:25"
"TRUEFALSE","False",,,,,"3377","78479","3339",,"1","0","11/09/2021 18:18:53","11/09/2021 18:18:53"
"TRUEFALSE","False",,,,,"3378","78479","3346",,"0","1","11/09/2021 18:20:02","11/09/2021 18:20:02"
"TRUEFALSE","False",,,,,"3379","78479","3354",,"0","1","11/09/2021 18:22:15","11/09/2021 18:22:15"
"TRUEFALSE","False",,,,,"3380","78479","3356",,"0","1","11/09/2021 18:22:30","11/09/2021 18:22:30"
"TRUEFALSE","False",,,,,"3381","78479","3357",,"1","0","11/09/2021 18:22:39","11/09/2021 18:22:39"
"TRUEFALSE","False",,,,,"3382","78380","3334",,"0","1","11/09/2021 18:34:50","11/09/2021 18:34:50"
"TRUEFALSE","False",,,,,"3383","78380","3335",,"0","0","11/09/2021 18:38:12","11/09/2021 18:38:12"
"TRUEFALSE","False",,,,,"3384","78380","3336",,"1","0","11/09/2021 18:40:03","11/09/2021 18:40:34"
"TRUEFALSE","False",,,,,"3385","78380","3338",,"0","1","11/09/2021 18:44:13","11/09/2021 18:44:13"
"TRUEFALSE","False",,,,,"3386","78380","3339",,"0","1","11/09/2021 18:48:13","11/09/2021 18:51:42"
"TRUEFALSE","False",,,,,"3387","78380","3340",,"1","1","11/09/2021 18:49:02","11/09/2021 18:49:02"
"TRUEFALSE","False",,,,,"3388","78380","3342",,"0","1","11/09/2021 18:53:59","11/09/2021 18:53:59"
"TRUEFALSE","False",,,,,"3389","78380","3344",,"0","1","11/09/2021 18:54:40","11/09/2021 18:54:40"
"TRUEFALSE","False",,,,,"3390","78380","3347",,"1","1","11/09/2021 18:58:22","11/09/2021 18:58:22"
"TRUEFALSE","False",,,,,"3391","78380","3348",,"1","1","11/09/2021 19:00:00","11/09/2021 19:00:00"
"TRUEFALSE","False",,,,,"3392","78380","3349",,"0","0","11/09/2021 19:08:01","11/09/2021 19:08:01"
"TRUEFALSE","False",,,,,"3393","78380","3356",,"0","1","11/09/2021 19:36:13","11/09/2021 19:36:24"
"TRUEFALSE","False",,,,,"3394","78380","3357",,"0","1","11/09/2021 19:36:42","11/09/2021 19:36:42"
"TRUEFALSE","False",,,,,"3395","78481","3335",,"1","1","11/09/2021 22:47:59","11/09/2021 22:47:59"
"TRUEFALSE","False",,,,,"3396","78481","3336",,"0","1","11/09/2021 22:48:38","11/09/2021 22:48:38"
"TRUEFALSE","False",,,,,"3397","78481","3337",,"1","1","11/09/2021 22:48:46","11/09/2021 22:48:46"
"TRUEFALSE","False",,,,,"3398","78481","3339",,"1","0","11/09/2021 22:49:18","11/09/2021 22:49:18"
"TRUEFALSE","False",,,,,"3399","78481","3341",,"0","1","11/09/2021 22:50:54","11/09/2021 22:50:54"
"TRUEFALSE","False",,,,,"3400","78481","3342",,"0","1","11/09/2021 22:53:34","11/09/2021 22:53:34"
"TRUEFALSE","False",,,,,"3401","78481","3344",,"0","1","11/09/2021 22:54:19","11/09/2021 22:54:19"
"TRUEFALSE","False",,,,,"3402","78481","3345",,"1","1","11/09/2021 22:54:26","11/09/2021 22:54:26"
"TRUEFALSE","False",,,,,"3403","78481","3348",,"1","1","11/09/2021 22:56:42","11/09/2021 22:56:42"
"TRUEFALSE","False",,,,,"3404","78481","3354",,"0","1","11/09/2021 23:02:12","11/09/2021 23:02:12"
"TRUEFALSE","False",,,,,"3405","78481","3355",,"1","1","11/09/2021 23:02:20","11/09/2021 23:02:20"
"TRUEFALSE","False",,,,,"3406","78481","3356",,"0","1","11/09/2021 23:02:37","11/09/2021 23:02:37"
"TRUEFALSE","False",,,,,"3434","78679","3334",,"0","1","12/09/2021 11:08:31","12/09/2021 11:08:31"
"TRUEFALSE","False",,,,,"3435","78679","3335",,"1","1","12/09/2021 11:09:26","12/09/2021 11:09:26"
"TRUEFALSE","False",,,,,"3436","78679","3336",,"0","1","12/09/2021 11:09:36","12/09/2021 11:09:36"
"TRUEFALSE","False",,,,,"3437","78679","3337",,"1","1","12/09/2021 11:09:46","12/09/2021 11:09:46"
"TRUEFALSE","False",,,,,"3438","78679","3338",,"0","1","12/09/2021 11:09:57","12/09/2021 11:09:57"
"TRUEFALSE","False",,,,,"3439","78679","3339",,"0","1","12/09/2021 11:10:07","12/09/2021 11:10:07"
"TRUEFALSE","False",,,,,"3440","78679","3342",,"0","1","12/09/2021 11:11:03","12/09/2021 11:11:03"
"TRUEFALSE","False",,,,,"3441","78679","3343",,"1","1","12/09/2021 11:11:14","12/09/2021 11:11:14"
"TRUEFALSE","False",,,,,"3442","78679","3346",,"0","1","12/09/2021 11:11:39","12/09/2021 11:11:39"
"TRUEFALSE","False",,,,,"3443","78679","3349",,"1","1","12/09/2021 11:12:07","12/09/2021 11:12:07"
"TRUEFALSE","False",,,,,"3444","78679","3354",,"0","1","12/09/2021 11:13:02","12/09/2021 11:13:02"
"TRUEFALSE","False",,,,,"3445","78679","3356",,"0","1","12/09/2021 11:13:16","12/09/2021 11:13:16"
"TRUEFALSE","False",,,,,"3446","78680","3336",,"0","1","12/09/2021 12:20:09","12/09/2021 12:20:09"
"TRUEFALSE","False",,,,,"3447","78680","3338",,"0","1","12/09/2021 12:21:00","12/09/2021 12:21:00"
"TRUEFALSE","False",,,,,"3448","78680","3339",,"0","1","12/09/2021 12:21:19","12/09/2021 12:21:19"
"TRUEFALSE","False",,,,,"3449","78680","3340",,"1","1","12/09/2021 12:21:41","12/09/2021 12:21:41"
"TRUEFALSE","False",,,,,"3450","78680","3341",,"0","1","12/09/2021 12:21:57","12/09/2021 12:21:57"
"TRUEFALSE","False",,,,,"3451","78680","3342",,"0","1","12/09/2021 12:22:11","12/09/2021 12:22:11"
"TRUEFALSE","False",,,,,"3452","78680","3343",,"1","1","12/09/2021 12:22:44","12/09/2021 12:22:44"
"TRUEFALSE","False",,,,,"3453","78680","3344",,"0","1","12/09/2021 12:22:57","12/09/2021 12:22:57"
"TRUEFALSE","False",,,,,"3454","78680","3345",,"1","1","12/09/2021 12:23:17","12/09/2021 12:23:17"
"TRUEFALSE","False",,,,,"3455","78680","3355",,"1","1","12/09/2021 12:26:49","12/09/2021 12:26:49"
"TRUEFALSE","False",,,,,"3456","78680","3356",,"0","1","12/09/2021 12:27:02","12/09/2021 12:27:02"
"TRUEFALSE","False",,,,,"3457","78683","3334",,"1","0","12/09/2021 17:06:08","12/09/2021 17:13:48"
"TRUEFALSE","False",,,,,"3458","78683","3336",,"1","0","12/09/2021 17:07:30","12/09/2021 17:22:57"
"TRUEFALSE","False",,,,,"3459","78683","3342",,"0","0","12/09/2021 17:29:20","12/09/2021 17:29:20"
"TRUEFALSE","False",,,,,"3460","78581","3335",,"1","1","12/09/2021 17:35:14","12/09/2021 17:35:14"
"TRUEFALSE","False",,,,,"3461","78581","3336",,"1","0","12/09/2021 17:35:22","12/09/2021 17:35:22"
"TRUEFALSE","False",,,,,"3462","78581","3339",,"0","1","12/09/2021 17:36:19","12/09/2021 17:36:19"
"TRUEFALSE","False",,,,,"3463","78581","3340",,"0","0","12/09/2021 17:36:32","12/09/2021 17:37:53"
"TRUEFALSE","False",,,,,"3464","78581","3341",,"0","1","12/09/2021 17:36:35","12/09/2021 17:36:35"
"TRUEFALSE","False",,,,,"3465","78581","3342",,"0","1","12/09/2021 17:36:42","12/09/2021 17:36:42"
"TRUEFALSE","False",,,,,"3466","78685","3334",,"0","1","12/09/2021 17:37:44","12/09/2021 17:37:44"
"TRUEFALSE","False",,,,,"3467","78581","3347",,"1","1","12/09/2021 17:38:52","12/09/2021 17:38:52"
"TRUEFALSE","False",,,,,"3468","78581","3349",,"1","1","12/09/2021 17:40:47","12/09/2021 17:40:47"
"TRUEFALSE","False",,,,,"3469","78685","3336",,"0","1","12/09/2021 17:40:58","12/09/2021 17:40:58"
"TRUEFALSE","False",,,,,"3470","78685","3339",,"0","1","12/09/2021 17:47:28","12/09/2021 17:47:28"
"TRUEFALSE","False",,,,,"3471","78581","3354",,"1","0","12/09/2021 17:48:02","12/09/2021 17:48:02"
"TRUEFALSE","False",,,,,"3472","78581","3356",,"0","1","12/09/2021 17:48:30","12/09/2021 17:48:30"
"TRUEFALSE","False",,,,,"3473","78580","3339",,"0","1","12/09/2021 17:49:47","12/09/2021 17:49:47"
"TRUEFALSE","False",,,,,"3474","78581","3357",,"0","1","12/09/2021 17:50:01","12/09/2021 17:50:01"
"TRUEFALSE","False",,,,,"3475","78685","3343",,"0","0","12/09/2021 17:50:12","12/09/2021 17:50:12"
"TRUEFALSE","False",,,,,"3476","78685","3345",,"1","1","12/09/2021 17:50:35","12/09/2021 17:50:35"
"TRUEFALSE","False",,,,,"3477","78685","3346",,"0","1","12/09/2021 17:51:05","12/09/2021 17:51:05"
"TRUEFALSE","False",,,,,"3478","78580","3341",,"0","1","12/09/2021 17:51:27","12/09/2021 17:51:27"
"TRUEFALSE","False",,,,,"3479","78684","3341",,"1","0","12/09/2021 17:51:28","12/09/2021 18:31:51"
"TRUEFALSE","False",,,,,"3480","78685","3348",,"1","1","12/09/2021 17:53:02","12/09/2021 17:53:02"
"TRUEFALSE","False",,,,,"3481","78580","3343",,"0","0","12/09/2021 17:53:16","12/09/2021 17:53:16"
"TRUEFALSE","False",,,,,"3482","78684","3343",,"0","0","12/09/2021 17:53:17","12/09/2021 17:53:17"
"TRUEFALSE","False",,,,,"3483","78685","3349",,"1","1","12/09/2021 17:53:43","12/09/2021 17:53:43"
"TRUEFALSE","False",,,,,"3484","78684","3344",,"0","1","12/09/2021 17:56:34","12/09/2021 17:56:34"
"TRUEFALSE","False",,,,,"3485","78685","3354",,"1","0","12/09/2021 18:04:44","12/09/2021 18:04:44"
"TRUEFALSE","False",,,,,"3486","78685","3355",,"1","1","12/09/2021 18:04:54","12/09/2021 18:04:54"
"TRUEFALSE","False",,,,,"3487","78685","3356",,"0","1","12/09/2021 18:05:06","12/09/2021 18:05:06"
"TRUEFALSE","False",,,,,"3488","78580","3345",,"1","1","12/09/2021 18:05:39","12/09/2021 18:05:49"
"TRUEFALSE","False",,,,,"3489","78684","3345",,"1","1","12/09/2021 18:05:39","12/09/2021 18:05:39"
"TRUEFALSE","False",,,,,"3490","78580","3346",,"0","1","12/09/2021 18:06:49","12/09/2021 18:06:49"
"TRUEFALSE","False",,,,,"3491","78580","3347",,"1","1","12/09/2021 18:07:04","12/09/2021 18:07:04"
"TRUEFALSE","False",,,,,"3492","78684","3347",,"1","1","12/09/2021 18:07:05","12/09/2021 18:07:05"
"TRUEFALSE","False",,,,,"3493","78684","3348",,"1","1","12/09/2021 18:07:23","12/09/2021 18:07:23"
"TRUEFALSE","False",,,,,"3494","78684","3349",,"1","1","12/09/2021 18:10:00","12/09/2021 18:10:00"
"TRUEFALSE","False",,,,,"3495","78580","3354",,"1","0","12/09/2021 18:23:23","12/09/2021 18:23:23"
"TRUEFALSE","False",,,,,"3496","78684","3354",,"1","0","12/09/2021 18:23:24","12/09/2021 18:23:24"
"TRUEFALSE","False",,,,,"3497","78580","3355",,"1","1","12/09/2021 18:23:56","12/09/2021 18:23:56"
"TRUEFALSE","False",,,,,"3498","78580","3357",,"0","1","12/09/2021 18:27:48","12/09/2021 18:27:48"
"TRUEFALSE","False",,,,,"3499","78686","3335",,"1","0","12/09/2021 19:04:10","12/09/2021 19:04:10"
"TRUEFALSE","False",,,,,"3500","78686","3337",,"1","0","12/09/2021 19:04:26","12/09/2021 19:04:26"
"TRUEFALSE","False",,,,,"3501","78686","3339",,"0","0","12/09/2021 19:04:44","12/09/2021 19:04:44"
"TRUEFALSE","False",,,,,"3502","78686","3341",,"0","0","12/09/2021 19:04:54","12/09/2021 19:04:54"
"TRUEFALSE","False",,,,,"3503","78686","3342",,"0","0","12/09/2021 19:05:04","12/09/2021 19:05:04"
"TRUEFALSE","False",,,,,"3504","78582","3336",,"0","1","12/09/2021 19:26:35","12/09/2021 19:26:35"
"TRUEFALSE","False",,,,,"3505","78582","3339",,"0","1","12/09/2021 19:26:43","12/09/2021 19:26:43"
"TRUEFALSE","False",,,,,"3506","78582","3342",,"0","1","12/09/2021 19:26:52","12/09/2021 19:26:52"
"TRUEFALSE","False",,,,,"3507","78582","3344",,"0","1","12/09/2021 19:27:47","12/09/2021 19:27:47"
"TRUEFALSE","False",,,,,"3508","78582","3346",,"0","1","12/09/2021 19:27:53","12/09/2021 19:27:53"
"TRUEFALSE","False",,,,,"3509","78582","3349",,"1","1","12/09/2021 19:28:02","12/09/2021 19:28:02"
"TRUEFALSE","False",,,,,"3510","78582","3354",,"0","1","12/09/2021 19:28:20","12/09/2021 19:28:20"
"TRUEFALSE","False",,,,,"3511","78583","3334",,"0","0","12/09/2021 20:31:00","12/09/2021 20:31:00"
"TRUEFALSE","False",,,,,"3512","78687","3334",,"0","1","12/09/2021 20:36:02","12/09/2021 20:36:02"
"TRUEFALSE","False",,,,,"3513","78687","3336",,"0","1","12/09/2021 20:37:10","12/09/2021 20:37:10"
"TRUEFALSE","False",,,,,"3514","78687","3337",,"1","1","12/09/2021 20:38:10","12/09/2021 20:38:10"
"TRUEFALSE","False",,,,,"3515","78688","3334",,"0","1","12/09/2021 20:39:40","12/09/2021 20:39:40"
"TRUEFALSE","False",,,,,"3516","78687","3338",,"0","1","12/09/2021 20:39:46","12/09/2021 20:39:46"
"TRUEFALSE","False",,,,,"3517","78688","3337",,"1","1","12/09/2021 20:40:29","12/09/2021 20:40:29"
"TRUEFALSE","False",,,,,"3518","78688","3338",,"0","1","12/09/2021 20:40:52","12/09/2021 20:40:52"
"TRUEFALSE","False",,,,,"3519","78687","3340",,"1","1","12/09/2021 20:41:05","12/09/2021 20:41:05"
"TRUEFALSE","False",,,,,"3520","78688","3339",,"0","1","12/09/2021 20:41:20","12/09/2021 20:41:20"
"TRUEFALSE","False",,,,,"3521","78687","3343",,"1","1","12/09/2021 20:42:37","12/09/2021 20:42:37"
"TRUEFALSE","False",,,,,"3522","78687","3344",,"1","0","12/09/2021 20:42:44","12/09/2021 20:42:44"
"TRUEFALSE","False",,,,,"3523","78688","3344",,"0","1","12/09/2021 20:42:49","12/09/2021 20:42:49"
"TRUEFALSE","False",,,,,"3524","78687","3345",,"1","1","12/09/2021 20:43:00","12/09/2021 20:43:00"
"TRUEFALSE","False",,,,,"3525","78584","3334",,"0","1","12/09/2021 20:43:02","12/09/2021 20:43:02"
"TRUEFALSE","False",,,,,"3526","78584","3335",,"1","1","12/09/2021 20:43:07","12/09/2021 20:43:07"
"TRUEFALSE","False",,,,,"3527","78688","3348",,"1","1","12/09/2021 20:43:45","12/09/2021 20:43:45"
"TRUEFALSE","False",,,,,"3528","78687","3347",,"1","1","12/09/2021 20:43:57","12/09/2021 20:43:57"
"TRUEFALSE","False",,,,,"3529","78688","3349",,"0","0","12/09/2021 20:44:04","12/09/2021 20:44:04"
"TRUEFALSE","False",,,,,"3530","78687","3348",,"1","1","12/09/2021 20:44:27","12/09/2021 20:44:27"
"TRUEFALSE","False",,,,,"3531","78688","3354",,"0","1","12/09/2021 20:44:55","12/09/2021 20:44:55"
"TRUEFALSE","False",,,,,"3532","78687","3349",,"1","1","12/09/2021 20:44:59","12/09/2021 20:44:59"
"TRUEFALSE","False",,,,,"3533","78688","3355",,"1","1","12/09/2021 20:45:05","12/09/2021 20:45:08"
"TRUEFALSE","False",,,,,"3534","78688","3356",,"0","1","12/09/2021 20:45:17","12/09/2021 20:45:17"
"TRUEFALSE","False",,,,,"3535","78679","3340",,"1","1","12/09/2021 11:10:17","12/09/2021 11:10:17"
"TRUEFALSE","False",,,,,"3536","78679","3341",,"0","1","12/09/2021 11:10:49","12/09/2021 11:10:49"
"TRUEFALSE","False",,,,,"3537","78679","3344",,"0","1","12/09/2021 11:11:19","12/09/2021 11:11:19"
"TRUEFALSE","False",,,,,"3538","78679","3345",,"1","1","12/09/2021 11:11:29","12/09/2021 11:11:29"
"TRUEFALSE","False",,,,,"3539","78679","3347",,"1","1","12/09/2021 11:11:47","12/09/2021 11:11:47"
"TRUEFALSE","False",,,,,"3540","78679","3348",,"1","1","12/09/2021 11:11:56","12/09/2021 11:11:56"
"TRUEFALSE","False",,,,,"3541","78679","3355",,"1","1","12/09/2021 11:13:07","12/09/2021 11:13:07"
"TRUEFALSE","False",,,,,"3542","78679","3357",,"0","1","12/09/2021 11:13:22","12/09/2021 11:13:22"
"TRUEFALSE","False",,,,,"3543","78680","3334",,"0","1","12/09/2021 12:19:36","12/09/2021 12:19:36"
"TRUEFALSE","False",,,,,"3544","78680","3335",,"1","1","12/09/2021 12:19:51","12/09/2021 12:19:51"
"TRUEFALSE","False",,,,,"3545","78680","3337",,"1","1","12/09/2021 12:20:19","12/09/2021 12:20:19"
"TRUEFALSE","False",,,,,"3546","78680","3346",,"0","1","12/09/2021 12:23:32","12/09/2021 12:23:32"
"TRUEFALSE","False",,,,,"3547","78680","3347",,"1","1","12/09/2021 12:23:45","12/09/2021 12:23:45"
"TRUEFALSE","False",,,,,"3548","78680","3348",,"1","1","12/09/2021 12:24:02","12/09/2021 12:24:02"
"TRUEFALSE","False",,,,,"3549","78680","3349",,"1","1","12/09/2021 12:24:17","12/09/2021 12:24:17"
"TRUEFALSE","False",,,,,"3550","78680","3354",,"0","1","12/09/2021 12:26:37","12/09/2021 12:26:37"
"TRUEFALSE","False",,,,,"3551","78680","3357",,"0","1","12/09/2021 12:27:12","12/09/2021 12:27:12"
"TRUEFALSE","False",,,,,"3552","78683","3335",,"1","0","12/09/2021 17:06:50","12/09/2021 17:16:58"
"TRUEFALSE","False",,,,,"3553","78683","3337",,"0","0","12/09/2021 17:07:50","12/09/2021 17:07:50"
"TRUEFALSE","False",,,,,"3554","78683","3338",,"0","0","12/09/2021 17:09:30","12/09/2021 17:09:30"
"TRUEFALSE","False",,,,,"3555","78683","3339",,"1","0","12/09/2021 17:09:41","12/09/2021 17:09:41"
"TRUEFALSE","False",,,,,"3556","78683","3340",,"1","0","12/09/2021 17:28:17","12/09/2021 17:28:17"
"TRUEFALSE","False",,,,,"3557","78683","3341",,"0","0","12/09/2021 17:28:25","12/09/2021 17:28:25"
"TRUEFALSE","False",,,,,"3558","78684","3334",,"0","1","12/09/2021 17:33:17","12/09/2021 17:33:17"
"TRUEFALSE","False",,,,,"3559","78580","3334",,"0","1","12/09/2021 17:33:18","12/09/2021 17:33:18"
"TRUEFALSE","False",,,,,"3560","78581","3334",,"0","1","12/09/2021 17:35:02","12/09/2021 17:35:02"
"TRUEFALSE","False",,,,,"3561","78581","3337",,"0","0","12/09/2021 17:35:28","12/09/2021 17:35:28"
"TRUEFALSE","False",,,,,"3562","78581","3338",,"0","1","12/09/2021 17:35:40","12/09/2021 17:35:40"
"TRUEFALSE","False",,,,,"3563","78581","3343",,"0","0","12/09/2021 17:38:08","12/09/2021 17:38:08"
"TRUEFALSE","False",,,,,"3564","78581","3344",,"0","1","12/09/2021 17:38:18","12/09/2021 17:38:18"
"TRUEFALSE","False",,,,,"3565","78581","3345",,"1","1","12/09/2021 17:38:29","12/09/2021 17:38:29"
"TRUEFALSE","False",,,,,"3566","78581","3346",,"0","1","12/09/2021 17:38:39","12/09/2021 17:38:39"
"TRUEFALSE","False",,,,,"3567","78581","3348",,"1","1","12/09/2021 17:39:56","12/09/2021 17:39:56"
"TRUEFALSE","False",,,,,"3568","78685","3335",,"1","1","12/09/2021 17:40:44","12/09/2021 17:40:44"
"TRUEFALSE","False",,,,,"3569","78580","3335",,"1","1","12/09/2021 17:41:16","12/09/2021 17:41:16"
"TRUEFALSE","False",,,,,"3570","78684","3335",,"1","1","12/09/2021 17:41:17","12/09/2021 17:41:17"
"TRUEFALSE","False",,,,,"3571","78685","3337",,"0","0","12/09/2021 17:43:53","12/09/2021 17:43:53"
"TRUEFALSE","False",,,,,"3572","78684","3336",,"0","1","12/09/2021 17:43:57","12/09/2021 17:43:57"
"TRUEFALSE","False",,,,,"3573","78580","3336",,"0","1","12/09/2021 17:43:58","12/09/2021 17:43:58"
"TRUEFALSE","False",,,,,"3574","78685","3338",,"1","0","12/09/2021 17:44:16","12/09/2021 17:44:16"
"TRUEFALSE","False",,,,,"3575","78684","3337",,"0","0","12/09/2021 17:46:32","12/09/2021 18:31:11"
"TRUEFALSE","False",,,,,"3576","78580","3337",,"0","0","12/09/2021 17:46:33","12/09/2021 18:31:09"
"TRUEFALSE","False",,,,,"3577","78685","3340",,"0","0","12/09/2021 17:47:56","12/09/2021 17:47:56"
"TRUEFALSE","False",,,,,"3578","78685","3341",,"0","1","12/09/2021 17:48:00","12/09/2021 17:48:00"
"TRUEFALSE","False",,,,,"3579","78581","3355",,"1","1","12/09/2021 17:48:18","12/09/2021 17:48:18"
"TRUEFALSE","False",,,,,"3580","78685","3342",,"0","1","12/09/2021 17:48:23","12/09/2021 17:48:23"
"TRUEFALSE","False",,,,,"3581","78580","3338",,"0","1","12/09/2021 17:49:23","12/09/2021 17:49:23"
"TRUEFALSE","False",,,,,"3582","78684","3338",,"0","1","12/09/2021 17:49:25","12/09/2021 17:49:25"
"TRUEFALSE","False",,,,,"3583","78684","3339",,"0","1","12/09/2021 17:49:44","12/09/2021 17:49:44"
"TRUEFALSE","False",,,,,"3584","78685","3344",,"1","0","12/09/2021 17:50:18","12/09/2021 17:50:18"
"TRUEFALSE","False",,,,,"3585","78580","3340",,"1","1","12/09/2021 17:51:12","12/09/2021 17:51:12"
"TRUEFALSE","False",,,,,"3586","78684","3340",,"1","1","12/09/2021 17:51:14","12/09/2021 17:51:14"
"TRUEFALSE","False",,,,,"3587","78580","3342",,"0","1","12/09/2021 17:51:39","12/09/2021 17:51:39"
"TRUEFALSE","False",,,,,"3588","78684","3342",,"0","1","12/09/2021 17:51:42","12/09/2021 17:51:42"
"TRUEFALSE","False",,,,,"3589","78685","3347",,"1","1","12/09/2021 17:52:41","12/09/2021 17:52:41"
"TRUEFALSE","False",,,,,"3590","78580","3344",,"0","1","12/09/2021 17:56:31","12/09/2021 17:56:31"
"TRUEFALSE","False",,,,,"3591","78685","3357",,"0","1","12/09/2021 18:05:26","12/09/2021 18:05:26"
"TRUEFALSE","False",,,,,"3592","78684","3346",,"0","1","12/09/2021 18:06:14","12/09/2021 18:06:14"
"TRUEFALSE","False",,,,,"3593","78580","3348",,"1","1","12/09/2021 18:07:21","12/09/2021 18:07:21"
"TRUEFALSE","False",,,,,"3594","78580","3349",,"1","1","12/09/2021 18:09:58","12/09/2021 18:09:58"
"TRUEFALSE","False",,,,,"3595","78684","3355",,"1","1","12/09/2021 18:23:54","12/09/2021 18:23:54"
"TRUEFALSE","False",,,,,"3596","78684","3356",,"0","1","12/09/2021 18:24:09","12/09/2021 18:24:09"
"TRUEFALSE","False",,,,,"3597","78580","3356",,"0","1","12/09/2021 18:24:10","12/09/2021 18:24:10"
"TRUEFALSE","False",,,,,"3598","78684","3357",,"0","1","12/09/2021 18:27:47","12/09/2021 18:27:47"
"TRUEFALSE","False",,,,,"3599","78686","3334",,"0","0","12/09/2021 19:04:01","12/09/2021 19:04:01"
"TRUEFALSE","False",,,,,"3600","78686","3336",,"0","0","12/09/2021 19:04:16","12/09/2021 19:04:16"
"TRUEFALSE","False",,,,,"3601","78686","3338",,"0","0","12/09/2021 19:04:34","12/09/2021 19:04:34"
"TRUEFALSE","False",,,,,"3602","78686","3340",,"1","0","12/09/2021 19:04:46","12/09/2021 19:04:46"
"TRUEFALSE","False",,,,,"3603","78582","3334",,"0","1","12/09/2021 19:26:22","12/09/2021 19:26:22"
"TRUEFALSE","False",,,,,"3604","78582","3335",,"1","1","12/09/2021 19:26:28","12/09/2021 19:26:28"
"TRUEFALSE","False",,,,,"3605","78582","3337",,"1","1","12/09/2021 19:26:34","12/09/2021 19:26:34"
"TRUEFALSE","False",,,,,"3606","78582","3338",,"0","1","12/09/2021 19:26:37","12/09/2021 19:26:37"
"TRUEFALSE","False",,,,,"3607","78582","3340",,"1","1","12/09/2021 19:26:42","12/09/2021 19:26:42"
"TRUEFALSE","False",,,,,"3608","78582","3341",,"0","1","12/09/2021 19:26:46","12/09/2021 19:26:46"
"TRUEFALSE","False",,,,,"3609","78582","3343",,"1","1","12/09/2021 19:27:40","12/09/2021 19:27:40"
"TRUEFALSE","False",,,,,"3610","78582","3345",,"1","1","12/09/2021 19:27:46","12/09/2021 19:27:46"
"TRUEFALSE","False",,,,,"3611","78582","3347",,"1","1","12/09/2021 19:27:53","12/09/2021 19:27:53"
"TRUEFALSE","False",,,,,"3612","78582","3348",,"1","1","12/09/2021 19:27:55","12/09/2021 19:27:55"
"TRUEFALSE","False",,,,,"3613","78582","3355",,"0","0","12/09/2021 19:28:19","12/09/2021 19:28:19"
"TRUEFALSE","False",,,,,"3614","78582","3356",,"0","1","12/09/2021 19:28:22","12/09/2021 19:28:22"
"TRUEFALSE","False",,,,,"3615","78582","3357",,"0","1","12/09/2021 19:28:24","12/09/2021 19:28:24"
"TRUEFALSE","False",,,,,"3616","78687","3335",,"1","1","12/09/2021 20:36:19","12/09/2021 20:36:19"
"TRUEFALSE","False",,,,,"3617","78688","3335",,"1","1","12/09/2021 20:39:51","12/09/2021 20:39:51"
"TRUEFALSE","False",,,,,"3618","78688","3336",,"0","1","12/09/2021 20:40:08","12/09/2021 20:40:08"
"TRUEFALSE","False",,,,,"3619","78687","3339",,"1","0","12/09/2021 20:40:33","12/09/2021 20:40:33"
"TRUEFALSE","False",,,,,"3620","78687","3341",,"0","1","12/09/2021 20:41:17","12/09/2021 20:41:17"
"TRUEFALSE","False",,,,,"3621","78688","3340",,"1","1","12/09/2021 20:41:37","12/09/2021 20:41:37"
"TRUEFALSE","False",,,,,"3622","78687","3342",,"0","1","12/09/2021 20:41:55","12/09/2021 20:41:55"
"TRUEFALSE","False",,,,,"3623","78688","3341",,"0","1","12/09/2021 20:41:58","12/09/2021 20:41:58"
"TRUEFALSE","False",,,,,"3624","78688","3342",,"0","1","12/09/2021 20:42:22","12/09/2021 20:42:22"
"TRUEFALSE","False",,,,,"3625","78688","3343",,"1","1","12/09/2021 20:42:37","12/09/2021 20:42:37"
"TRUEFALSE","False",,,,,"3626","78688","3345",,"1","1","12/09/2021 20:43:11","12/09/2021 20:43:11"
"TRUEFALSE","False",,,,,"3627","78688","3346",,"0","1","12/09/2021 20:43:25","12/09/2021 20:43:25"
"TRUEFALSE","False",,,,,"3628","78688","3347",,"1","1","12/09/2021 20:43:34","12/09/2021 20:43:34"
"TRUEFALSE","False",,,,,"3629","78687","3346",,"0","1","12/09/2021 20:43:40","12/09/2021 20:43:40"
"TRUEFALSE","False",,,,,"3630","78584","3336",,"1","0","12/09/2021 20:45:15","12/09/2021 20:45:15"
"TRUEFALSE","False",,,,,"3631","78688","3357",,"0","1","12/09/2021 20:45:24","12/09/2021 20:45:24"
"TRUEFALSE","False",,,,,"3632","78687","3354",,"0","1","12/09/2021 20:48:41","12/09/2021 20:48:41"
"TRUEFALSE","False",,,,,"3633","78687","3355",,"1","1","12/09/2021 20:50:02","12/09/2021 20:50:02"
"TRUEFALSE","False",,,,,"3634","78687","3356",,"0","1","12/09/2021 20:50:19","12/09/2021 20:50:19"
"TRUEFALSE","False",,,,,"3635","78687","3357",,"0","1","12/09/2021 20:50:29","12/09/2021 20:50:29"
"TRUEFALSE","False",,,,,"3636","78584","3337",,"1","1","12/09/2021 20:46:36","12/09/2021 20:46:36"
"TRUEFALSE","False",,,,,"3637","78584","3338",,"1","0","12/09/2021 20:47:43","12/09/2021 20:47:43"
"TRUEFALSE","False",,,,,"3638","78584","3339",,"0","1","12/09/2021 20:49:39","12/09/2021 20:49:39"
"TRUEFALSE","False",,,,,"3639","78584","3340",,"1","1","12/09/2021 20:50:03","12/09/2021 20:50:03"
"TRUEFALSE","False",,,,,"3640","78584","3341",,"0","1","12/09/2021 20:50:56","12/09/2021 20:50:56"
"TRUEFALSE","False",,,,,"3641","78584","3342",,"0","1","12/09/2021 20:52:43","12/09/2021 20:52:43"
"TRUEFALSE","False",,,,,"3642","78584","3347",,"1","1","12/09/2021 20:58:13","12/09/2021 20:58:13"
"TRUEFALSE","False",,,,,"3643","78584","3348",,"1","1","12/09/2021 21:00:51","12/09/2021 21:00:51"
"TRUEFALSE","False",,,,,"3644","78585","3337",,"1","1","12/09/2021 21:08:27","12/09/2021 21:08:27"
"TRUEFALSE","False",,,,,"3645","78585","3338",,"0","1","12/09/2021 21:08:43","12/09/2021 21:08:43"
"TRUEFALSE","False",,,,,"3646","78585","3339",,"0","1","12/09/2021 21:08:53","12/09/2021 21:08:53"
"TRUEFALSE","False",,,,,"3647","78584","3355",,"1","1","12/09/2021 21:09:19","12/09/2021 21:09:19"
"TRUEFALSE","False",,,,,"3648","78584","3356",,"0","1","12/09/2021 21:09:27","12/09/2021 21:09:27"
"TRUEFALSE","False",,,,,"3649","78585","3342",,"0","1","12/09/2021 21:09:43","12/09/2021 21:09:43"
"TRUEFALSE","False",,,,,"3650","78585","3345",,"1","1","12/09/2021 21:10:24","12/09/2021 21:10:24"
"TRUEFALSE","False",,,,,"3651","78585","3346",,"0","1","12/09/2021 21:10:34","12/09/2021 21:10:34"
"TRUEFALSE","False",,,,,"3652","78585","3347",,"1","1","12/09/2021 21:10:46","12/09/2021 21:10:46"
"TRUEFALSE","False",,,,,"3653","78585","3348",,"1","1","12/09/2021 21:11:01","12/09/2021 21:11:01"
"TRUEFALSE","False",,,,,"3654","78585","3349",,"1","1","12/09/2021 21:11:14","12/09/2021 21:11:14"
"TRUEFALSE","False",,,,,"3655","78585","3357",,"0","1","12/09/2021 21:14:21","12/09/2021 21:14:21"
"TRUEFALSE","False",,,,,"3656","78586","3335",,"1","0","12/09/2021 22:29:51","12/09/2021 22:29:51"
"TRUEFALSE","False",,,,,"3657","78586","3337",,"0","0","12/09/2021 22:30:30","12/09/2021 22:30:30"
"TRUEFALSE","False",,,,,"3658","78586","3338",,"1","0","12/09/2021 22:30:49","12/09/2021 22:30:49"
"TRUEFALSE","False",,,,,"3659","78586","3341",,"0","0","12/09/2021 22:31:35","12/09/2021 22:31:35"
"TRUEFALSE","False",,,,,"3660","78588","3336",,"1","0","12/09/2021 23:27:16","12/09/2021 23:27:16"
"TRUEFALSE","False",,,,,"3661","78588","3338",,"1","0","12/09/2021 23:29:32","12/09/2021 23:29:32"
"TRUEFALSE","False",,,,,"3662","78588","3340",,"1","1","12/09/2021 23:30:18","12/09/2021 23:30:18"
"TRUEFALSE","False",,,,,"3663","78588","3341",,"0","1","12/09/2021 23:30:24","12/09/2021 23:30:24"
"TRUEFALSE","False",,,,,"3664","78588","3342",,"0","1","12/09/2021 23:30:37","12/09/2021 23:30:37"
"TRUEFALSE","False",,,,,"3665","78588","3343",,"0","0","12/09/2021 23:31:03","12/09/2021 23:31:03"
"TRUEFALSE","False",,,,,"3666","78588","3355",,"1","1","12/09/2021 23:36:49","12/09/2021 23:36:49"
"TRUEFALSE","False",,,,,"3667","78588","3356",,"0","1","12/09/2021 23:36:56","12/09/2021 23:36:56"
"TRUEFALSE","False",,,,,"3737","78584","3343",,"1","1","12/09/2021 20:53:12","12/09/2021 20:53:12"
"TRUEFALSE","False",,,,,"3738","78584","3344",,"0","1","12/09/2021 20:54:02","12/09/2021 20:54:02"
"TRUEFALSE","False",,,,,"3739","78584","3345",,"1","1","12/09/2021 20:57:37","12/09/2021 20:57:37"
"TRUEFALSE","False",,,,,"3740","78584","3346",,"0","1","12/09/2021 20:57:57","12/09/2021 20:57:57"
"TRUEFALSE","False",,,,,"3741","78584","3349",,"0","0","12/09/2021 21:00:58","12/09/2021 21:00:58"
"TRUEFALSE","False",,,,,"3742","78585","3334",,"0","1","12/09/2021 21:07:27","12/09/2021 21:07:27"
"TRUEFALSE","False",,,,,"3743","78585","3335",,"1","1","12/09/2021 21:07:49","12/09/2021 21:07:49"
"TRUEFALSE","False",,,,,"3744","78585","3336",,"0","1","12/09/2021 21:08:06","12/09/2021 21:08:06"
"TRUEFALSE","False",,,,,"3745","78584","3354",,"1","0","12/09/2021 21:08:41","12/09/2021 21:08:41"
"TRUEFALSE","False",,,,,"3746","78585","3340",,"1","1","12/09/2021 21:09:08","12/09/2021 21:20:42"
"TRUEFALSE","False",,,,,"3747","78585","3341",,"0","1","12/09/2021 21:09:27","12/09/2021 21:09:27"
"TRUEFALSE","False",,,,,"3748","78584","3357",,"0","1","12/09/2021 21:09:55","12/09/2021 21:09:55"
"TRUEFALSE","False",,,,,"3749","78585","3343",,"1","1","12/09/2021 21:10:00","12/09/2021 21:10:00"
"TRUEFALSE","False",,,,,"3750","78585","3344",,"0","1","12/09/2021 21:10:08","12/09/2021 21:10:08"
"TRUEFALSE","False",,,,,"3751","78585","3354",,"0","1","12/09/2021 21:13:47","12/09/2021 21:13:47"
"TRUEFALSE","False",,,,,"3752","78585","3355",,"1","1","12/09/2021 21:13:55","12/09/2021 21:13:55"
"TRUEFALSE","False",,,,,"3753","78585","3356",,"0","1","12/09/2021 21:14:04","12/09/2021 21:14:04"
"TRUEFALSE","False",,,,,"3754","78586","3334",,"0","0","12/09/2021 22:29:36","12/09/2021 22:29:36"
"TRUEFALSE","False",,,,,"3755","78586","3336",,"0","0","12/09/2021 22:30:02","12/09/2021 22:30:02"
"TRUEFALSE","False",,,,,"3756","78586","3339",,"1","0","12/09/2021 22:31:09","12/09/2021 22:31:09"
"TRUEFALSE","False",,,,,"3757","78586","3340",,"0","0","12/09/2021 22:31:26","12/09/2021 22:31:26"
"TRUEFALSE","False",,,,,"3758","78586","3342",,"0","0","12/09/2021 22:31:44","12/09/2021 22:31:44"
"TRUEFALSE","False",,,,,"3759","78588","3334",,"0","1","12/09/2021 23:26:53","12/09/2021 23:26:53"
"TRUEFALSE","False",,,,,"3760","78588","3335",,"1","1","12/09/2021 23:27:03","12/09/2021 23:27:03"
"TRUEFALSE","False",,,,,"3761","78588","3337",,"1","1","12/09/2021 23:27:34","12/09/2021 23:27:34"
"TRUEFALSE","False",,,,,"3762","78588","3339",,"1","0","12/09/2021 23:29:40","12/09/2021 23:30:01"
"TRUEFALSE","False",,,,,"3763","78588","3344",,"0","1","12/09/2021 23:31:06","12/09/2021 23:31:06"
"TRUEFALSE","False",,,,,"3764","78588","3345",,"1","1","12/09/2021 23:31:17","12/09/2021 23:31:17"
"TRUEFALSE","False",,,,,"3765","78588","3346",,"0","1","12/09/2021 23:32:01","12/09/2021 23:32:01"
"TRUEFALSE","False",,,,,"3766","78588","3347",,"1","1","12/09/2021 23:32:12","12/09/2021 23:32:12"
"TRUEFALSE","False",,,,,"3767","78588","3348",,"0","0","12/09/2021 23:32:24","12/09/2021 23:32:24"
"TRUEFALSE","False",,,,,"3768","78588","3349",,"0","0","12/09/2021 23:32:47","12/09/2021 23:32:47"
"TRUEFALSE","False",,,,,"3769","78588","3354",,"1","0","12/09/2021 23:36:39","12/09/2021 23:36:39"
"TRUEFALSE","False",,,,,"3770","78588","3357",,"0","1","12/09/2021 23:36:56","12/09/2021 23:36:56"
"TRUEFALSE","False",,,,,"3838","78780","3334",,"0","1","13/09/2021 08:05:37","13/09/2021 08:05:37"
"TRUEFALSE","False",,,,,"3839","78780","3335",,"1","1","13/09/2021 08:05:44","13/09/2021 08:05:44"
"TRUEFALSE","False",,,,,"3840","78780","3336",,"0","1","13/09/2021 08:05:48","13/09/2021 08:05:48"
"TRUEFALSE","False",,,,,"3841","78780","3338",,"0","1","13/09/2021 08:05:59","13/09/2021 08:05:59"
"TRUEFALSE","False",,,,,"3842","78780","3340",,"1","1","13/09/2021 08:06:07","13/09/2021 08:06:07"
"TRUEFALSE","False",,,,,"3843","78780","3341",,"0","1","13/09/2021 08:06:14","13/09/2021 08:06:14"
"TRUEFALSE","False",,,,,"3844","78780","3342",,"0","1","13/09/2021 08:06:44","13/09/2021 08:06:44"
"TRUEFALSE","False",,,,,"3845","78780","3343",,"1","1","13/09/2021 08:06:52","13/09/2021 08:06:52"
"TRUEFALSE","False",,,,,"3846","78780","3345",,"1","1","13/09/2021 08:07:02","13/09/2021 08:07:02"
"TRUEFALSE","False",,,,,"3847","78780","3346",,"0","1","13/09/2021 08:07:06","13/09/2021 08:07:06"
"TRUEFALSE","False",,,,,"3848","78780","3347",,"1","1","13/09/2021 08:07:12","13/09/2021 08:07:12"
"TRUEFALSE","False",,,,,"3849","78780","3348",,"1","1","13/09/2021 08:07:16","13/09/2021 08:07:16"
"TRUEFALSE","False",,,,,"3850","78780","3354",,"0","1","13/09/2021 08:07:51","13/09/2021 08:07:51"
"TRUEFALSE","False",,,,,"3851","78780","3355",,"0","0","13/09/2021 08:07:55","13/09/2021 08:07:55"
"TRUEFALSE","False",,,,,"3852","78780","3357",,"0","1","13/09/2021 08:07:59","13/09/2021 08:07:59"
"TRUEFALSE","False",,,,,"3853","78881","3335",,"0","0","13/09/2021 08:31:22","13/09/2021 08:31:22"
"TRUEFALSE","False",,,,,"3854","78881","3336",,"0","1","13/09/2021 08:31:34","13/09/2021 08:31:34"
"TRUEFALSE","False",,,,,"3855","78881","3337",,"0","0","13/09/2021 08:32:34","13/09/2021 08:32:34"
"TRUEFALSE","False",,,,,"3856","78881","3338",,"1","0","13/09/2021 08:32:38","13/09/2021 08:32:38"
"TRUEFALSE","False",,,,,"3857","78881","3341",,"0","1","13/09/2021 08:33:16","13/09/2021 08:33:16"
"TRUEFALSE","False",,,,,"3858","78881","3343",,"0","0","13/09/2021 08:34:19","13/09/2021 08:34:19"
"TRUEFALSE","False",,,,,"3859","78882","3334",,"0","1","13/09/2021 08:35:00","13/09/2021 08:35:00"
"TRUEFALSE","False",,,,,"3860","78882","3335",,"1","1","13/09/2021 08:35:13","13/09/2021 08:35:13"
"TRUEFALSE","False",,,,,"3861","78882","3336",,"0","1","13/09/2021 08:35:19","13/09/2021 08:35:19"
"TRUEFALSE","False",,,,,"3862","78882","3337",,"1","1","13/09/2021 08:35:23","13/09/2021 08:35:23"
"TRUEFALSE","False",,,,,"3863","78882","3338",,"0","1","13/09/2021 08:35:29","13/09/2021 08:35:29"
"TRUEFALSE","False",,,,,"3864","78882","3339",,"0","1","13/09/2021 08:35:34","13/09/2021 08:35:34"
"TRUEFALSE","False",,,,,"3865","78881","3344",,"0","1","13/09/2021 08:35:40","13/09/2021 08:35:40"
"TRUEFALSE","False",,,,,"3866","78882","3340",,"1","1","13/09/2021 08:35:40","13/09/2021 08:35:40"
"TRUEFALSE","False",,,,,"3867","78882","3341",,"0","1","13/09/2021 08:35:45","13/09/2021 08:35:45"
"TRUEFALSE","False",,,,,"3868","78882","3345",,"1","1","13/09/2021 08:36:06","13/09/2021 08:36:06"
"TRUEFALSE","False",,,,,"3869","78882","3346",,"0","1","13/09/2021 08:36:10","13/09/2021 08:36:10"
"TRUEFALSE","False",,,,,"3870","78882","3347",,"1","1","13/09/2021 08:36:18","13/09/2021 08:36:18"
"TRUEFALSE","False",,,,,"3871","78882","3349",,"1","1","13/09/2021 08:36:29","13/09/2021 08:36:29"
"TRUEFALSE","False",,,,,"3872","78882","3357",,"0","1","13/09/2021 08:37:19","13/09/2021 08:37:19"
"TRUEFALSE","False",,,,,"3873","78881","3348",,"1","1","13/09/2021 08:37:20","13/09/2021 08:37:20"
"TRUEFALSE","False",,,,,"3874","78881","3349",,"1","1","13/09/2021 08:38:00","13/09/2021 08:38:00"
"TRUEFALSE","False",,,,,"3875","78881","3354",,"0","1","13/09/2021 08:41:19","13/09/2021 08:41:19"
"TRUEFALSE","False",,,,,"3876","78881","3357",,"1","0","13/09/2021 08:42:23","13/09/2021 08:42:23"
"TRUEFALSE","False",,,,,"3877","78783","3334",,"0","1","13/09/2021 09:42:07","13/09/2021 09:42:07"
"TRUEFALSE","False",,,,,"3878","78783","3336",,"0","1","13/09/2021 09:53:51","13/09/2021 09:53:51"
"TRUEFALSE","False",,,,,"3879","78783","3338",,"1","0","13/09/2021 09:59:24","13/09/2021 09:59:24"
"TRUEFALSE","False",,,,,"3880","78783","3339",,"0","1","13/09/2021 10:12:33","13/09/2021 10:12:33"
"TRUEFALSE","False",,,,,"3881","78783","3340",,"1","1","13/09/2021 10:12:35","13/09/2021 10:37:51"
"TRUEFALSE","False",,,,,"3882","78783","3343",,"1","1","13/09/2021 10:39:56","13/09/2021 10:39:56"
"TRUEFALSE","False",,,,,"3883","78783","3344",,"0","1","13/09/2021 10:40:09","13/09/2021 10:40:09"
"TRUEFALSE","False",,,,,"3884","78783","3345",,"1","1","13/09/2021 10:41:11","13/09/2021 10:41:11"
"TRUEFALSE","False",,,,,"3885","78783","3346",,"0","1","13/09/2021 10:41:22","13/09/2021 10:41:22"
"TRUEFALSE","False",,,,,"3886","78783","3347",,"1","1","13/09/2021 10:41:45","13/09/2021 10:41:45"
"TRUEFALSE","False",,,,,"3887","78783","3355",,"1","1","13/09/2021 10:43:55","13/09/2021 10:43:55"
"TRUEFALSE","False",,,,,"3888","78887","3334",,"0","1","13/09/2021 10:51:43","13/09/2021 10:51:43"
"TRUEFALSE","False",,,,,"3889","78887","3337",,"1","1","13/09/2021 10:52:02","13/09/2021 10:52:02"
"TRUEFALSE","False",,,,,"3890","78887","3338",,"0","1","13/09/2021 10:52:16","13/09/2021 10:52:16"
"TRUEFALSE","False",,,,,"3891","78887","3339",,"1","0","13/09/2021 10:52:22","13/09/2021 10:52:22"
"TRUEFALSE","False",,,,,"3892","78887","3345",,"1","1","13/09/2021 10:53:13","13/09/2021 10:53:13"
"TRUEFALSE","False",,,,,"3893","78887","3348",,"1","1","13/09/2021 10:53:29","13/09/2021 10:53:29"
"TRUEFALSE","False",,,,,"3894","78887","3349",,"1","1","13/09/2021 10:53:34","13/09/2021 10:53:34"
"TRUEFALSE","False",,,,,"3895","78887","3354",,"0","1","13/09/2021 10:54:07","13/09/2021 10:54:07"
"TRUEFALSE","False",,,,,"3896","78887","3355",,"1","1","13/09/2021 10:54:11","13/09/2021 10:54:11"
"TRUEFALSE","False",,,,,"3897","78887","3357",,"0","1","13/09/2021 10:54:21","13/09/2021 10:54:21"
"TRUEFALSE","False",,,,,"3898","78785","3334",,"0","1","13/09/2021 10:56:54","13/09/2021 10:56:54"
"TRUEFALSE","False",,,,,"3899","78890","3336",,"0","1","13/09/2021 10:57:27","13/09/2021 10:57:27"
"TRUEFALSE","False",,,,,"3900","78785","3337",,"1","1","13/09/2021 10:57:31","13/09/2021 10:57:31"
"TRUEFALSE","False",,,,,"3901","78890","3338",,"0","1","13/09/2021 10:57:51","13/09/2021 10:57:51"
"TRUEFALSE","False",,,,,"3902","78890","3340",,"1","1","13/09/2021 10:58:34","13/09/2021 10:58:34"
"TRUEFALSE","False",,,,,"3903","78890","3342",,"0","1","13/09/2021 10:58:41","13/09/2021 10:58:41"
"TRUEFALSE","False",,,,,"3904","78890","3343",,"1","1","13/09/2021 10:58:48","13/09/2021 10:58:48"
"TRUEFALSE","False",,,,,"3905","78890","3346",,"0","1","13/09/2021 10:58:59","13/09/2021 10:58:59"
"TRUEFALSE","False",,,,,"3906","78890","3354",,"0","1","13/09/2021 10:59:51","13/09/2021 10:59:51"
"TRUEFALSE","False",,,,,"3907","78890","3356",,"0","1","13/09/2021 11:00:03","13/09/2021 11:00:03"
"TRUEFALSE","False",,,,,"3908","78785","3340",,"1","1","13/09/2021 11:00:30","13/09/2021 11:00:30"
"TRUEFALSE","False",,,,,"3909","78785","3342",,"0","1","13/09/2021 11:03:49","13/09/2021 11:03:49"
"TRUEFALSE","False",,,,,"3910","78785","3346",,"0","1","13/09/2021 11:08:42","13/09/2021 11:08:42"
"TRUEFALSE","False",,,,,"3911","78785","3348",,"1","1","13/09/2021 11:10:32","13/09/2021 11:10:32"
"TRUEFALSE","False",,,,,"3912","78785","3349",,"1","1","13/09/2021 11:10:44","13/09/2021 11:10:44"
"TRUEFALSE","False",,,,,"3913","78892","3334",,"0","1","13/09/2021 11:11:53","13/09/2021 11:11:53"
"TRUEFALSE","False",,,,,"3914","78892","3335",,"1","1","13/09/2021 11:11:57","13/09/2021 11:11:57"
"TRUEFALSE","False",,,,,"3915","78892","3339",,"0","1","13/09/2021 11:12:19","13/09/2021 11:12:19"
"TRUEFALSE","False",,,,,"3916","78892","3340",,"1","1","13/09/2021 11:12:23","13/09/2021 11:12:23"
"TRUEFALSE","False",,,,,"3917","78892","3344",,"0","1","13/09/2021 11:12:36","13/09/2021 11:12:36"
"TRUEFALSE","False",,,,,"3918","78892","3345",,"1","1","13/09/2021 11:12:39","13/09/2021 11:12:39"
"TRUEFALSE","False",,,,,"3919","78892","3346",,"0","1","13/09/2021 11:12:48","13/09/2021 11:12:48"
"TRUEFALSE","False",,,,,"3920","78892","3347",,"1","1","13/09/2021 11:12:52","13/09/2021 11:12:52"
"TRUEFALSE","False",,,,,"3921","78892","3354",,"0","1","13/09/2021 11:13:19","13/09/2021 11:13:19"
"TRUEFALSE","False",,,,,"3922","78892","3357",,"0","1","13/09/2021 11:13:28","13/09/2021 11:13:28"
"TRUEFALSE","False",,,,,"3923","78785","3354",,"1","0","13/09/2021 11:17:04","13/09/2021 11:17:06"
"TRUEFALSE","False",,,,,"3924","78785","3356",,"0","1","13/09/2021 11:17:18","13/09/2021 11:17:18"
"TRUEFALSE","False",,,,,"3925","78787","3336",,"0","1","13/09/2021 11:17:26","13/09/2021 11:17:26"
"TRUEFALSE","False",,,,,"3926","78785","3357",,"0","1","13/09/2021 11:18:00","13/09/2021 11:18:00"
"TRUEFALSE","False",,,,,"3927","78787","3340",,"1","1","13/09/2021 11:18:43","13/09/2021 11:18:43"
"TRUEFALSE","False",,,,,"3928","78787","3341",,"0","1","13/09/2021 11:18:49","13/09/2021 11:18:49"
"TRUEFALSE","False",,,,,"3929","78787","3342",,"0","1","13/09/2021 11:19:00","13/09/2021 11:19:00"
"TRUEFALSE","False",,,,,"3930","78787","3344",,"0","1","13/09/2021 11:19:18","13/09/2021 11:19:18"
"TRUEFALSE","False",,,,,"3931","78787","3346",,"0","1","13/09/2021 11:19:38","13/09/2021 11:19:38"
"TRUEFALSE","False",,,,,"3932","78787","3347",,"1","1","13/09/2021 11:19:42","13/09/2021 11:19:42"
"TRUEFALSE","False",,,,,"3933","78787","3348",,"1","1","13/09/2021 11:19:48","13/09/2021 11:19:48"
"TRUEFALSE","False",,,,,"3934","78787","3349",,"1","1","13/09/2021 11:20:01","13/09/2021 11:20:01"
"TRUEFALSE","False",,,,,"3935","78787","3355",,"1","1","13/09/2021 11:20:45","13/09/2021 11:20:45"
"TRUEFALSE","False",,,,,"3936","78787","3357",,"0","1","13/09/2021 11:20:59","13/09/2021 11:20:59"
"TRUEFALSE","False",,,,,"3937","78893","3335",,"1","1","13/09/2021 11:35:08","13/09/2021 11:35:08"
"TRUEFALSE","False",,,,,"3938","78893","3336",,"0","1","13/09/2021 11:35:15","13/09/2021 11:35:15"
"TRUEFALSE","False",,,,,"3939","78780","3337",,"1","1","13/09/2021 08:06:00","13/09/2021 08:06:00"
"TRUEFALSE","False",,,,,"3940","78780","3339",,"0","1","13/09/2021 08:06:09","13/09/2021 08:06:09"
"TRUEFALSE","False",,,,,"3941","78780","3344",,"0","1","13/09/2021 08:07:04","13/09/2021 08:07:04"
"TRUEFALSE","False",,,,,"3942","78780","3349",,"0","0","13/09/2021 08:07:26","13/09/2021 08:07:26"
"TRUEFALSE","False",,,,,"3943","78780","3356",,"0","1","13/09/2021 08:08:03","13/09/2021 08:08:03"
"TRUEFALSE","False",,,,,"3944","78881","3334",,"1","0","13/09/2021 08:31:03","13/09/2021 08:32:32"
"TRUEFALSE","False",,,,,"3945","78881","3339",,"1","0","13/09/2021 08:32:57","13/09/2021 08:32:57"
"TRUEFALSE","False",,,,,"3946","78881","3340",,"1","1","13/09/2021 08:33:17","13/09/2021 08:33:17"
"TRUEFALSE","False",,,,,"3947","78881","3342",,"0","1","13/09/2021 08:33:32","13/09/2021 08:33:32"
"TRUEFALSE","False",,,,,"3948","78882","3342",,"0","1","13/09/2021 08:35:55","13/09/2021 08:35:55"
"TRUEFALSE","False",,,,,"3949","78882","3343",,"1","1","13/09/2021 08:36:01","13/09/2021 08:36:01"
"TRUEFALSE","False",,,,,"3950","78882","3344",,"0","1","13/09/2021 08:36:05","13/09/2021 08:36:05"
"TRUEFALSE","False",,,,,"3951","78881","3345",,"0","0","13/09/2021 08:36:21","13/09/2021 08:36:21"
"TRUEFALSE","False",,,,,"3952","78882","3348",,"1","1","13/09/2021 08:36:28","13/09/2021 08:36:28"
"TRUEFALSE","False",,,,,"3953","78881","3346",,"0","1","13/09/2021 08:36:36","13/09/2021 08:36:36"
"TRUEFALSE","False",,,,,"3954","78881","3347",,"1","1","13/09/2021 08:36:54","13/09/2021 08:36:54"
"TRUEFALSE","False",,,,,"3955","78882","3354",,"0","1","13/09/2021 08:37:07","13/09/2021 08:37:07"
"TRUEFALSE","False",,,,,"3956","78882","3355",,"1","1","13/09/2021 08:37:11","13/09/2021 08:37:19"
"TRUEFALSE","False",,,,,"3957","78882","3356",,"0","1","13/09/2021 08:37:16","13/09/2021 08:37:16"
"TRUEFALSE","False",,,,,"3958","78881","3355",,"1","1","13/09/2021 08:41:35","13/09/2021 08:41:35"
"TRUEFALSE","False",,,,,"3959","78881","3356",,"0","1","13/09/2021 08:41:54","13/09/2021 08:41:54"
"TRUEFALSE","False",,,,,"3960","78783","3335",,"1","1","13/09/2021 09:53:42","13/09/2021 09:53:42"
"TRUEFALSE","False",,,,,"3961","78783","3337",,"0","0","13/09/2021 09:54:16","13/09/2021 09:54:16"
"TRUEFALSE","False",,,,,"3962","78783","3341",,"0","1","13/09/2021 10:12:43","13/09/2021 10:12:43"
"TRUEFALSE","False",,,,,"3963","78783","3342",,"0","1","13/09/2021 10:12:45","13/09/2021 10:12:45"
"TRUEFALSE","False",,,,,"3964","78783","3348",,"1","1","13/09/2021 10:42:04","13/09/2021 10:42:04"
"TRUEFALSE","False",,,,,"3965","78783","3349",,"1","1","13/09/2021 10:42:23","13/09/2021 10:42:23"
"TRUEFALSE","False",,,,,"3966","78783","3354",,"1","0","13/09/2021 10:43:55","13/09/2021 10:43:55"
"TRUEFALSE","False",,,,,"3967","78783","3356",,"0","1","13/09/2021 10:44:07","13/09/2021 10:44:07"
"TRUEFALSE","False",,,,,"3968","78783","3357",,"0","1","13/09/2021 10:44:14","13/09/2021 10:44:14"
"TRUEFALSE","False",,,,,"3969","78887","3335",,"1","1","13/09/2021 10:51:56","13/09/2021 10:51:56"
"TRUEFALSE","False",,,,,"3970","78887","3336",,"0","1","13/09/2021 10:52:02","13/09/2021 10:52:02"
"TRUEFALSE","False",,,,,"3971","78887","3340",,"1","1","13/09/2021 10:52:35","13/09/2021 10:52:35"
"TRUEFALSE","False",,,,,"3972","78887","3341",,"0","1","13/09/2021 10:52:53","13/09/2021 10:52:53"
"TRUEFALSE","False",,,,,"3973","78887","3342",,"0","1","13/09/2021 10:53:00","13/09/2021 10:53:00"
"TRUEFALSE","False",,,,,"3974","78887","3343",,"1","1","13/09/2021 10:53:05","13/09/2021 10:53:05"
"TRUEFALSE","False",,,,,"3975","78887","3344",,"1","0","13/09/2021 10:53:13","13/09/2021 10:53:13"
"TRUEFALSE","False",,,,,"3976","78887","3346",,"0","1","13/09/2021 10:53:25","13/09/2021 10:53:25"
"TRUEFALSE","False",,,,,"3977","78887","3347",,"1","1","13/09/2021 10:53:30","13/09/2021 10:53:30"
"TRUEFALSE","False",,,,,"3978","78887","3356",,"0","1","13/09/2021 10:54:23","13/09/2021 10:54:23"
"TRUEFALSE","False",,,,,"3979","78785","3335",,"0","0","13/09/2021 10:57:15","13/09/2021 10:57:11"
"TRUEFALSE","False",,,,,"3980","78890","3334",,"0","1","13/09/2021 10:57:19","13/09/2021 10:57:19"
"TRUEFALSE","False",,,,,"3981","78890","3335",,"1","1","13/09/2021 10:57:27","13/09/2021 10:57:27"
"TRUEFALSE","False",,,,,"3982","78785","3336",,"0","1","13/09/2021 10:57:27","13/09/2021 10:57:27"
"TRUEFALSE","False",,,,,"3983","78890","3337",,"1","1","13/09/2021 10:57:42","13/09/2021 10:57:42"
"TRUEFALSE","False",,,,,"3984","78890","3339",,"0","1","13/09/2021 10:58:21","13/09/2021 10:58:21"
"TRUEFALSE","False",,,,,"3985","78890","3341",,"0","1","13/09/2021 10:58:44","13/09/2021 10:58:44"
"TRUEFALSE","False",,,,,"3986","78785","3338",,"0","1","13/09/2021 10:58:45","13/09/2021 10:58:45"
"TRUEFALSE","False",,,,,"3987","78890","3344",,"0","1","13/09/2021 10:58:58","13/09/2021 10:58:58"
"TRUEFALSE","False",,,,,"3988","78890","3345",,"1","1","13/09/2021 10:59:02","13/09/2021 10:59:02"
"TRUEFALSE","False",,,,,"3989","78890","3347",,"1","1","13/09/2021 10:59:17","13/09/2021 10:59:17"
"TRUEFALSE","False",,,,,"3990","78890","3348",,"1","1","13/09/2021 10:59:20","13/09/2021 10:59:20"
"TRUEFALSE","False",,,,,"3991","78890","3349",,"1","1","13/09/2021 10:59:27","13/09/2021 10:59:27"
"TRUEFALSE","False",,,,,"3992","78785","3339",,"1","0","13/09/2021 10:59:44","13/09/2021 10:59:44"
"TRUEFALSE","False",,,,,"3993","78890","3355",,"0","0","13/09/2021 11:00:01","13/09/2021 11:00:01"
"TRUEFALSE","False",,,,,"3994","78890","3357",,"0","1","13/09/2021 11:00:14","13/09/2021 11:00:14"
"TRUEFALSE","False",,,,,"3995","78785","3341",,"0","1","13/09/2021 11:00:55","13/09/2021 11:00:55"
"TRUEFALSE","False",,,,,"3996","78785","3343",,"1","1","13/09/2021 11:04:15","13/09/2021 11:04:15"
"TRUEFALSE","False",,,,,"3997","78785","3344",,"0","1","13/09/2021 11:06:56","13/09/2021 11:07:05"
"TRUEFALSE","False",,,,,"3998","78785","3345",,"1","1","13/09/2021 11:08:43","13/09/2021 11:08:43"
"TRUEFALSE","False",,,,,"3999","78785","3347",,"1","1","13/09/2021 11:10:26","13/09/2021 11:10:26"
"TRUEFALSE","False",,,,,"4000","78892","3336",,"0","1","13/09/2021 11:12:12","13/09/2021 11:12:12"
"TRUEFALSE","False",,,,,"4001","78892","3337",,"1","1","13/09/2021 11:12:19","13/09/2021 11:12:19"
"TRUEFALSE","False",,,,,"4002","78892","3338",,"0","1","13/09/2021 11:12:23","13/09/2021 11:12:23"
"TRUEFALSE","False",,,,,"4003","78892","3341",,"0","1","13/09/2021 11:12:32","13/09/2021 11:12:32"
"TRUEFALSE","False",,,,,"4004","78892","3342",,"0","1","13/09/2021 11:12:35","13/09/2021 11:12:35"
"TRUEFALSE","False",,,,,"4005","78892","3343",,"1","1","13/09/2021 11:12:39","13/09/2021 11:12:39"
"TRUEFALSE","False",,,,,"4006","78892","3348",,"1","1","13/09/2021 11:13:01","13/09/2021 11:13:01"
"TRUEFALSE","False",,,,,"4007","78892","3349",,"1","1","13/09/2021 11:13:03","13/09/2021 11:13:03"
"TRUEFALSE","False",,,,,"4008","78892","3355",,"1","1","13/09/2021 11:13:28","13/09/2021 11:13:28"
"TRUEFALSE","False",,,,,"4009","78892","3356",,"0","1","13/09/2021 11:13:33","13/09/2021 11:13:33"
"TRUEFALSE","False",,,,,"4010","78787","3334",,"0","1","13/09/2021 11:16:26","13/09/2021 11:16:26"
"TRUEFALSE","False",,,,,"4011","78787","3335",,"1","1","13/09/2021 11:17:18","13/09/2021 11:17:18"
"TRUEFALSE","False",,,,,"4012","78785","3355",,"1","1","13/09/2021 11:17:20","13/09/2021 11:17:20"
"TRUEFALSE","False",,,,,"4013","78787","3337",,"1","1","13/09/2021 11:17:45","13/09/2021 11:17:45"
"TRUEFALSE","False",,,,,"4014","78787","3338",,"0","1","13/09/2021 11:18:38","13/09/2021 11:18:38"
"TRUEFALSE","False",,,,,"4015","78787","3339",,"0","1","13/09/2021 11:18:43","13/09/2021 11:18:43"
"TRUEFALSE","False",,,,,"4016","78787","3343",,"1","1","13/09/2021 11:19:12","13/09/2021 11:19:12"
"TRUEFALSE","False",,,,,"4017","78787","3345",,"1","1","13/09/2021 11:19:29","13/09/2021 11:19:29"
"TRUEFALSE","False",,,,,"4018","78787","3354",,"0","1","13/09/2021 11:20:47","13/09/2021 11:20:47"
"TRUEFALSE","False",,,,,"4019","78787","3356",,"0","1","13/09/2021 11:21:01","13/09/2021 11:21:01"
"TRUEFALSE","False",,,,,"4020","78893","3334",,"0","1","13/09/2021 11:35:08","13/09/2021 11:35:08"
"TRUEFALSE","False",,,,,"4021","78893","3337",,"1","1","13/09/2021 11:35:27","13/09/2021 11:35:27"
"TRUEFALSE","False",,,,,"4022","78893","3339",,"0","1","13/09/2021 11:35:37","13/09/2021 11:35:37"
"TRUEFALSE","False",,,,,"4023","78893","3340",,"1","1","13/09/2021 11:35:43","13/09/2021 11:35:43"
"TRUEFALSE","False",,,,,"4024","78893","3342",,"0","1","13/09/2021 11:35:53","13/09/2021 11:35:53"
"TRUEFALSE","False",,,,,"4025","78893","3343",,"1","1","13/09/2021 11:35:57","13/09/2021 11:35:57"
"TRUEFALSE","False",,,,,"4026","78893","3344",,"0","1","13/09/2021 11:36:03","13/09/2021 11:36:03"
"TRUEFALSE","False",,,,,"4027","78893","3347",,"1","1","13/09/2021 11:36:19","13/09/2021 11:36:19"
"TRUEFALSE","False",,,,,"4028","78893","3348",,"1","1","13/09/2021 11:36:33","13/09/2021 11:36:33"
"TRUEFALSE","False",,,,,"4029","78893","3355",,"1","1","13/09/2021 11:37:10","13/09/2021 11:37:10"
"TRUEFALSE","False",,,,,"4030","78893","3357",,"0","1","13/09/2021 11:37:17","13/09/2021 11:37:17"
"TRUEFALSE","False",,,,,"4031","78790","3336",,"0","1","13/09/2021 14:27:01","13/09/2021 14:27:01"
"TRUEFALSE","False",,,,,"4032","78790","3337",,"1","1","13/09/2021 14:27:32","13/09/2021 14:27:32"
"TRUEFALSE","False",,,,,"4033","78790","3340",,"1","1","13/09/2021 14:29:18","13/09/2021 14:29:32"
"TRUEFALSE","False",,,,,"4034","78790","3343",,"1","1","13/09/2021 14:29:53","13/09/2021 14:29:53"
"TRUEFALSE","False",,,,,"4035","78790","3344",,"0","1","13/09/2021 14:29:58","13/09/2021 14:29:58"
"TRUEFALSE","False",,,,,"4036","78790","3345",,"1","1","13/09/2021 14:30:04","13/09/2021 14:30:04"
"TRUEFALSE","False",,,,,"4037","78790","3346",,"0","1","13/09/2021 14:30:30","13/09/2021 14:30:30"
"TRUEFALSE","False",,,,,"4038","78790","3348",,"1","1","13/09/2021 14:30:42","13/09/2021 14:30:42"
"TRUEFALSE","False",,,,,"4039","78790","3349",,"0","0","13/09/2021 14:30:57","13/09/2021 14:30:57"
"TRUEFALSE","False",,,,,"4040","78893","3338",,"0","1","13/09/2021 11:35:26","13/09/2021 11:35:26"
"TRUEFALSE","False",,,,,"4041","78893","3341",,"0","1","13/09/2021 11:35:41","13/09/2021 11:35:41"
"TRUEFALSE","False",,,,,"4042","78893","3345",,"1","1","13/09/2021 11:36:00","13/09/2021 11:36:00"
"TRUEFALSE","False",,,,,"4043","78893","3346",,"0","1","13/09/2021 11:36:05","13/09/2021 11:36:05"
"TRUEFALSE","False",,,,,"4044","78893","3349",,"1","1","13/09/2021 11:36:33","13/09/2021 11:36:33"
"TRUEFALSE","False",,,,,"4045","78893","3354",,"0","1","13/09/2021 11:36:58","13/09/2021 11:36:58"
"TRUEFALSE","False",,,,,"4046","78893","3356",,"0","1","13/09/2021 11:37:07","13/09/2021 11:37:07"
"TRUEFALSE","False",,,,,"4047","78790","3334",,"0","1","13/09/2021 14:24:33","13/09/2021 14:24:33"
"TRUEFALSE","False",,,,,"4048","78790","3335",,"1","1","13/09/2021 14:26:45","13/09/2021 14:26:45"
"TRUEFALSE","False",,,,,"4049","78790","3338",,"1","0","13/09/2021 14:27:35","13/09/2021 14:27:35"
"TRUEFALSE","False",,,,,"4050","78790","3339",,"1","0","13/09/2021 14:28:14","13/09/2021 14:28:14"
"TRUEFALSE","False",,,,,"4051","78790","3341",,"0","1","13/09/2021 14:29:19","13/09/2021 14:29:19"
"TRUEFALSE","False",,,,,"4052","78790","3342",,"0","1","13/09/2021 14:29:25","13/09/2021 14:29:25"
"TRUEFALSE","False",,,,,"4053","78790","3347",,"1","1","13/09/2021 14:30:29","13/09/2021 14:30:29"
"TRUEFALSE","False",,,,,"4054","78790","3354",,"0","1","13/09/2021 14:35:10","13/09/2021 14:35:10"
"TRUEFALSE","False",,,,,"4055","78790","3355",,"1","1","13/09/2021 14:35:17","13/09/2021 14:35:17"
"TRUEFALSE","False",,,,,"4056","78896","3336",,"0","1","13/09/2021 14:36:02","13/09/2021 14:36:02"
"TRUEFALSE","False",,,,,"4057","78896","3337",,"1","1","13/09/2021 14:36:15","13/09/2021 14:36:15"
"TRUEFALSE","False",,,,,"4058","78896","3339",,"1","0","13/09/2021 14:36:34","13/09/2021 14:36:34"
"TRUEFALSE","False",,,,,"4059","78896","3340",,"1","1","13/09/2021 14:36:41","13/09/2021 14:36:41"
"TRUEFALSE","False",,,,,"4060","78896","3343",,"1","1","13/09/2021 14:37:00","13/09/2021 14:37:00"
"TRUEFALSE","False",,,,,"4061","78896","3345",,"1","1","13/09/2021 14:37:12","13/09/2021 14:37:12"
"TRUEFALSE","False",,,,,"4062","78896","3346",,"0","1","13/09/2021 14:37:22","13/09/2021 14:37:22"
"TRUEFALSE","False",,,,,"4063","78896","3347",,"1","1","13/09/2021 14:37:27","13/09/2021 14:37:27"
"TRUEFALSE","False",,,,,"4064","78896","3348",,"1","1","13/09/2021 14:37:30","13/09/2021 14:37:30"
"TRUEFALSE","False",,,,,"4065","78896","3349",,"1","1","13/09/2021 14:37:33","13/09/2021 14:37:33"
"TRUEFALSE","False",,,,,"4066","78896","3355",,"1","1","13/09/2021 14:38:05","13/09/2021 14:38:05"
"TRUEFALSE","False",,,,,"4067","78896","3356",,"0","1","13/09/2021 14:38:11","13/09/2021 14:38:11"
"TRUEFALSE","False",,,,,"4068","78896","3357",,"0","1","13/09/2021 14:38:14","13/09/2021 14:38:14"
"TRUEFALSE","False",,,,,"4069","78899","3334",,"0","1","13/09/2021 20:02:43","13/09/2021 20:02:43"
"TRUEFALSE","False",,,,,"4070","78899","3339",,"0","1","13/09/2021 20:04:57","13/09/2021 20:04:57"
"TRUEFALSE","False",,,,,"4071","78899","3340",,"1","1","13/09/2021 20:05:39","13/09/2021 20:05:39"
"TRUEFALSE","False",,,,,"4072","78899","3343",,"1","1","13/09/2021 20:15:49","13/09/2021 20:16:15"
"TRUEFALSE","False",,,,,"4073","78899","3344",,"0","1","13/09/2021 20:16:19","13/09/2021 20:16:19"
"TRUEFALSE","False",,,,,"4074","78902","3337",,"1","0","13/09/2021 21:38:49","13/09/2021 21:38:49"
"TRUEFALSE","False",,,,,"4075","78902","3340",,"1","0","13/09/2021 21:40:01","13/09/2021 21:40:01"
"TRUEFALSE","False",,,,,"4076","78800","3336",,"0","1","13/09/2021 21:42:25","13/09/2021 21:42:25"
"TRUEFALSE","False",,,,,"4077","78800","3339",,"0","1","13/09/2021 21:42:47","13/09/2021 21:42:47"
"TRUEFALSE","False",,,,,"4078","78800","3340",,"1","1","13/09/2021 21:42:52","13/09/2021 21:42:52"
"TRUEFALSE","False",,,,,"4079","78800","3342",,"0","1","13/09/2021 21:43:06","13/09/2021 21:43:06"
"TRUEFALSE","False",,,,,"4080","78800","3344",,"0","1","13/09/2021 21:43:18","13/09/2021 21:43:18"
"TRUEFALSE","False",,,,,"4081","78800","3355",,"1","1","13/09/2021 21:44:49","13/09/2021 21:44:49"
"TRUEFALSE","False",,,,,"4082","78800","3356",,"0","1","13/09/2021 21:44:54","13/09/2021 21:44:54"
"TRUEFALSE","False",,,,,"4083","78801","3335",,"1","1","13/09/2021 21:53:26","13/09/2021 21:53:26"
"TRUEFALSE","False",,,,,"4084","78801","3336",,"0","1","13/09/2021 21:53:32","13/09/2021 21:53:32"
"TRUEFALSE","False",,,,,"4085","78801","3337",,"1","1","13/09/2021 21:53:43","13/09/2021 21:53:43"
"TRUEFALSE","False",,,,,"4086","78801","3339",,"0","1","13/09/2021 21:53:52","13/09/2021 21:53:52"
"TRUEFALSE","False",,,,,"4087","78801","3343",,"1","1","13/09/2021 21:54:12","13/09/2021 21:54:12"
"TRUEFALSE","False",,,,,"4088","78801","3345",,"1","1","13/09/2021 21:54:26","13/09/2021 21:54:26"
"TRUEFALSE","False",,,,,"4089","78801","3346",,"0","1","13/09/2021 21:54:30","13/09/2021 21:54:30"
"TRUEFALSE","False",,,,,"4090","78801","3348",,"1","1","13/09/2021 21:54:44","13/09/2021 21:54:44"
"TRUEFALSE","False",,,,,"4091","78801","3349",,"1","1","13/09/2021 21:54:48","13/09/2021 21:54:48"
"TRUEFALSE","False",,,,,"4092","78801","3354",,"0","1","13/09/2021 21:55:18","13/09/2021 21:55:18"
"TRUEFALSE","False",,,,,"4093","78801","3357",,"0","1","13/09/2021 21:55:37","13/09/2021 21:55:37"
"TRUEFALSE","False",,,,,"4141","78790","3356",,"0","1","13/09/2021 14:35:30","13/09/2021 14:35:30"
"TRUEFALSE","False",,,,,"4142","78790","3357",,"0","1","13/09/2021 14:35:34","13/09/2021 14:35:34"
"TRUEFALSE","False",,,,,"4143","78896","3334",,"0","1","13/09/2021 14:35:38","13/09/2021 14:35:38"
"TRUEFALSE","False",,,,,"4144","78896","3335",,"1","1","13/09/2021 14:35:48","13/09/2021 14:35:48"
"TRUEFALSE","False",,,,,"4145","78896","3338",,"0","1","13/09/2021 14:36:35","13/09/2021 14:36:35"
"TRUEFALSE","False",,,,,"4146","78896","3341",,"0","1","13/09/2021 14:36:57","13/09/2021 14:36:57"
"TRUEFALSE","False",,,,,"4147","78896","3342",,"0","1","13/09/2021 14:37:02","13/09/2021 14:37:02"
"TRUEFALSE","False",,,,,"4148","78896","3344",,"0","1","13/09/2021 14:37:16","13/09/2021 14:37:16"
"TRUEFALSE","False",,,,,"4149","78896","3354",,"0","1","13/09/2021 14:38:07","13/09/2021 14:38:07"
"TRUEFALSE","False",,,,,"4150","78899","3335",,"1","1","13/09/2021 20:03:14","13/09/2021 20:03:14"
"TRUEFALSE","False",,,,,"4151","78899","3336",,"0","1","13/09/2021 20:03:26","13/09/2021 20:03:26"
"TRUEFALSE","False",,,,,"4152","78899","3337",,"1","1","13/09/2021 20:03:57","13/09/2021 20:03:57"
"TRUEFALSE","False",,,,,"4153","78899","3338",,"0","1","13/09/2021 20:04:15","13/09/2021 20:04:15"
"TRUEFALSE","False",,,,,"4154","78899","3341",,"0","1","13/09/2021 20:15:14","13/09/2021 20:15:14"
"TRUEFALSE","False",,,,,"4155","78899","3342",,"0","1","13/09/2021 20:15:34","13/09/2021 20:15:34"
"TRUEFALSE","False",,,,,"4156","78899","3345",,"1","1","13/09/2021 20:16:41","13/09/2021 20:16:58"
"TRUEFALSE","False",,,,,"4157","78899","3346",,"0","1","13/09/2021 20:17:07","13/09/2021 20:17:07"
"TRUEFALSE","False",,,,,"4158","78899","3347",,"1","1","13/09/2021 20:17:24","13/09/2021 20:17:24"
"TRUEFALSE","False",,,,,"4159","78899","3348",,"1","1","13/09/2021 20:17:36","13/09/2021 20:17:36"
"TRUEFALSE","False",,,,,"4160","78899","3349",,"1","1","13/09/2021 20:17:51","13/09/2021 20:17:51"
"TRUEFALSE","False",,,,,"4161","78899","3354",,"0","1","13/09/2021 20:20:02","13/09/2021 20:20:02"
"TRUEFALSE","False",,,,,"4162","78899","3355",,"1","1","13/09/2021 20:20:15","13/09/2021 20:20:15"
"TRUEFALSE","False",,,,,"4163","78899","3356",,"0","1","13/09/2021 20:20:28","13/09/2021 20:20:28"
"TRUEFALSE","False",,,,,"4164","78899","3357",,"0","1","13/09/2021 20:20:33","13/09/2021 20:20:33"
"TRUEFALSE","False",,,,,"4165","78902","3334",,"0","0","13/09/2021 21:38:15","13/09/2021 21:38:15"
"TRUEFALSE","False",,,,,"4166","78902","3335",,"1","0","13/09/2021 21:38:30","13/09/2021 21:38:30"
"TRUEFALSE","False",,,,,"4167","78902","3336",,"0","0","13/09/2021 21:38:42","13/09/2021 21:38:42"
"TRUEFALSE","False",,,,,"4168","78902","3338",,"0","0","13/09/2021 21:39:22","13/09/2021 21:39:22"
"TRUEFALSE","False",,,,,"4169","78902","3339",,"1","0","13/09/2021 21:39:59","13/09/2021 21:39:59"
"TRUEFALSE","False",,,,,"4170","78800","3334",,"0","1","13/09/2021 21:42:22","13/09/2021 21:42:22"
"TRUEFALSE","False",,,,,"4171","78800","3335",,"1","1","13/09/2021 21:42:29","13/09/2021 21:42:29"
"TRUEFALSE","False",,,,,"4172","78800","3337",,"1","1","13/09/2021 21:42:40","13/09/2021 21:42:40"
"TRUEFALSE","False",,,,,"4173","78800","3338",,"0","1","13/09/2021 21:42:46","13/09/2021 21:42:46"
"TRUEFALSE","False",,,,,"4174","78800","3341",,"0","1","13/09/2021 21:43:09","13/09/2021 21:43:09"
"TRUEFALSE","False",,,,,"4175","78800","3343",,"1","1","13/09/2021 21:43:22","13/09/2021 21:43:22"
"TRUEFALSE","False",,,,,"4176","78800","3345",,"1","1","13/09/2021 21:43:35","13/09/2021 21:43:35"
"TRUEFALSE","False",,,,,"4177","78800","3346",,"0","1","13/09/2021 21:43:44","13/09/2021 21:43:44"
"TRUEFALSE","False",,,,,"4178","78800","3347",,"1","1","13/09/2021 21:43:52","13/09/2021 21:43:52"
"TRUEFALSE","False",,,,,"4179","78800","3348",,"1","1","13/09/2021 21:43:56","13/09/2021 21:43:56"
"TRUEFALSE","False",,,,,"4180","78800","3349",,"1","1","13/09/2021 21:44:05","13/09/2021 21:44:05"
"TRUEFALSE","False",,,,,"4181","78800","3354",,"0","1","13/09/2021 21:44:52","13/09/2021 21:44:52"
"TRUEFALSE","False",,,,,"4182","78800","3357",,"0","1","13/09/2021 21:45:07","13/09/2021 21:45:07"
"TRUEFALSE","False",,,,,"4183","78801","3334",,"0","1","13/09/2021 21:53:26","13/09/2021 21:53:26"
"TRUEFALSE","False",,,,,"4184","78801","3338",,"0","1","13/09/2021 21:53:56","13/09/2021 21:53:56"
"TRUEFALSE","False",,,,,"4185","78801","3340",,"1","1","13/09/2021 21:54:06","13/09/2021 21:54:06"
"TRUEFALSE","False",,,,,"4186","78801","3341",,"0","1","13/09/2021 21:54:10","13/09/2021 21:54:10"
"TRUEFALSE","False",,,,,"4187","78801","3342",,"0","1","13/09/2021 21:54:13","13/09/2021 21:54:13"
"TRUEFALSE","False",,,,,"4188","78801","3344",,"0","1","13/09/2021 21:54:27","13/09/2021 21:54:27"
"TRUEFALSE","False",,,,,"4189","78801","3347",,"1","1","13/09/2021 21:54:49","13/09/2021 21:54:49"
"TRUEFALSE","False",,,,,"4190","78801","3355",,"1","1","13/09/2021 21:55:31","13/09/2021 21:55:31"
"TRUEFALSE","False",,,,,"4191","78801","3356",,"0","1","13/09/2021 21:55:41","13/09/2021 21:55:41"
"TRUEFALSE","False",,,,,"4242","85850","3841",,"0","1","28/10/2021 08:59:50","28/10/2021 08:59:50"
"TRUEFALSE","False",,,,,"4243","86153","3940",,"0","1","28/10/2021 09:36:33","28/10/2021 09:36:33"
"TRUEFALSE","False",,,,,"4244","85851","3839",,"1","1","28/10/2021 09:42:38","28/10/2021 09:42:38"
"TRUEFALSE","False",,,,,"4245","85851","3842",,"0","1","28/10/2021 09:49:02","28/10/2021 09:49:02"
"TRUEFALSE","False",,,,,"4246","85851","3940",,"0","1","28/10/2021 09:49:30","28/10/2021 09:49:30"
"TRUEFALSE","False",,,,,"4247","85952","3941",,"1","0","28/10/2021 10:49:24","28/10/2021 10:49:24"
"TRUEFALSE","False",,,,,"4248","86053","3842",,"0","1","28/10/2021 10:51:21","28/10/2021 10:51:21"
"TRUEFALSE","False",,,,,"4249","86053","3940",,"1","0","28/10/2021 10:52:03","28/10/2021 10:52:03"
"TRUEFALSE","False",,,,,"4250","85954","3842",,"1","0","28/10/2021 14:09:22","28/10/2021 14:09:22"
"TRUEFALSE","False",,,,,"4251","85956","3839",,"1","1","28/10/2021 21:13:58","28/10/2021 21:13:58"
"TRUEFALSE","False",,,,,"4343","85850","3939",,"1","1","28/10/2021 09:00:16","28/10/2021 09:00:16"
"TRUEFALSE","False",,,,,"4344","85850","3842",,"0","1","28/10/2021 09:00:21","28/10/2021 09:00:21"
"TRUEFALSE","False",,,,,"4345","85850","3940",,"1","0","28/10/2021 09:00:35","28/10/2021 09:00:35"
"TRUEFALSE","False",,,,,"4346","85850","3941",,"1","1","28/10/2021 09:00:42","28/10/2021 09:00:42"
"TRUEFALSE","False",,,,,"4347","85850","3839",,"1","1","28/10/2021 09:00:46","28/10/2021 09:00:46"
"TRUEFALSE","False",,,,,"4348","86153","3839",,"1","1","28/10/2021 09:37:09","28/10/2021 09:37:09"
"TRUEFALSE","False",,,,,"4349","85851","3841",,"0","1","28/10/2021 09:46:33","28/10/2021 09:46:33"
"TRUEFALSE","False",,,,,"4350","86054","3939",,"1","0","28/10/2021 14:08:41","28/10/2021 14:08:41"
"TRUEFALSE","False",,,,,"4351","85954","3940",,"1","0","28/10/2021 14:10:53","28/10/2021 14:10:53"
"TRUEFALSE","False",,,,,"4352","85954","3939",,"1","1","28/10/2021 14:10:56","28/10/2021 14:10:56"
"TRUEFALSE","False",,,,,"4353","86055","3940",,"0","1","28/10/2021 16:17:10","28/10/2021 16:17:10"
"TRUEFALSE","False",,,,,"4354","86055","3939",,"1","1","28/10/2021 16:17:43","28/10/2021 16:17:43"
"TRUEFALSE","False",,,,,"4355","86058","3940",,"0","0","28/10/2021 21:08:35","28/10/2021 21:08:35"
"TRUEFALSE","False",,,,,"4356","85956","3841",,"0","1","28/10/2021 21:12:39","28/10/2021 21:12:39"
"TRUEFALSE","False",,,,,"4357","85956","3940",,"0","1","28/10/2021 21:13:08","28/10/2021 21:13:08"
"TRUEFALSE","False",,,,,"4358","85956","3842",,"1","0","28/10/2021 21:13:22","28/10/2021 21:13:22"
"TRUEFALSE","False",,,,,"4359","85956","3941",,"1","1","28/10/2021 21:13:46","28/10/2021 21:13:46"
"TRUEFALSE","False",,,,,"4444","86153","3841",,"0","1","28/10/2021 09:34:06","28/10/2021 09:34:06"
"TRUEFALSE","False",,,,,"4445","86153","3941",,"1","1","28/10/2021 09:35:01","28/10/2021 09:35:01"
"TRUEFALSE","False",,,,,"4446","86153","3842",,"0","1","28/10/2021 09:39:08","28/10/2021 09:40:26"
"TRUEFALSE","False",,,,,"4447","85851","3939",,"1","1","28/10/2021 09:43:21","28/10/2021 09:43:21"
"TRUEFALSE","False",,,,,"4448","86053","3839",,"1","1","28/10/2021 10:52:44","28/10/2021 10:52:44"
"TRUEFALSE","False",,,,,"4449","86053","3841",,"0","1","28/10/2021 10:53:39","28/10/2021 10:53:39"
"TRUEFALSE","False",,,,,"4450","85954","3839",,"1","1","28/10/2021 14:11:03","28/10/2021 14:11:03"
"TRUEFALSE","False",,,,,"4451","85954","3941",,"1","1","28/10/2021 14:11:10","28/10/2021 14:11:10"
"TRUEFALSE","False",,,,,"4452","85954","3841",,"0","1","28/10/2021 14:11:20","28/10/2021 14:11:20"
"TRUEFALSE","False",,,,,"4453","86055","3842",,"1","0","28/10/2021 16:14:37","28/10/2021 16:14:37"
"TRUEFALSE","False",,,,,"4454","85856","3940",,"0","0","28/10/2021 21:09:56","28/10/2021 21:09:56"
"TRUEFALSE","False",,,,,"4455","85956","3939",,"1","1","28/10/2021 21:11:57","28/10/2021 21:11:57"
"TRUEFALSE","False",,,,,"4545","86153","3939",,"1","1","28/10/2021 09:34:44","28/10/2021 09:34:44"
"TRUEFALSE","False",,,,,"4546","85851","3941",,"1","1","28/10/2021 09:41:55","28/10/2021 09:41:55"
"TRUEFALSE","False",,,,,"4547","86053","3939",,"1","1","28/10/2021 10:51:41","28/10/2021 10:51:41"
"TRUEFALSE","False",,,,,"4548","86053","3941",,"1","1","28/10/2021 10:52:54","28/10/2021 10:52:54"
"TRUEFALSE","False",,,,,"4549","86055","3841",,"0","1","28/10/2021 16:13:12","28/10/2021 16:13:12"
"TRUEFALSE","False",,,,,"4550","86055","3839",,"1","1","28/10/2021 16:17:32","28/10/2021 16:17:32"
"TRUEFALSE","False",,,,,"4551","86055","3941",,"1","1","28/10/2021 16:18:11","28/10/2021 16:18:11"
"TRUEFALSE","False",,,,,"4646","86355","3842",,"0","1","29/10/2021 11:56:03","29/10/2021 11:56:03"
"TRUEFALSE","False",,,,,"4747","86355","3841",,"0","1","29/10/2021 11:57:26","29/10/2021 11:57:26"
"TRUEFALSE","False",,,,,"4848","86355","3839",,"1","1","29/10/2021 12:00:06","29/10/2021 12:00:06"
"TRUEFALSE","False",,,,,"4849","86355","3941",,"1","1","29/10/2021 12:00:26","29/10/2021 12:00:26"
"TRUEFALSE","False",,,,,"4850","86355","3939",,"1","1","29/10/2021 12:00:37","29/10/2021 12:00:37"
"TRUEFALSE","False",,,,,"4851","86355","3940",,"0","1","29/10/2021 12:00:59","29/10/2021 12:00:59"
"TRUEFALSE","False",,,,,"4949","150694","5763",,"0","0","20/03/2022 11:41:05","20/03/2022 11:41:05"
"TRUEFALSE","False",,,,,"4950","150895","5763",,"0","0","20/03/2022 18:29:58","20/03/2022 18:29:58"
"TRUEFALSE","False",,,,,"4951","150896","5763",,"1","1","20/03/2022 20:59:17","20/03/2022 20:59:17"
"TRUEFALSE","False",,,,,"5050","151097","5763",,"1","1","21/03/2022 11:13:24","21/03/2022 11:13:24"
"TRUEFALSE","False",,,,,"5051","151306","5763",,"0","0","21/03/2022 17:05:23","21/03/2022 17:05:23"
"TRUEFALSE","False",,,,,"5052","151308","5763",,"0","0","21/03/2022 17:22:46","21/03/2022 17:22:46"
"TRUEFALSE","False",,,,,"5053","151304","5763",,"0","0","21/03/2022 17:34:26","21/03/2022 17:34:26"
"TRUEFALSE","False",,,,,"5054","151402","5763",,"1","1","21/03/2022 17:41:09","21/03/2022 17:41:09"
"TRUEFALSE","False",,,,,"5055","151404","5763",,"0","0","21/03/2022 18:51:39","21/03/2022 18:51:39"
"TRUEFALSE","False",,,,,"5056","151205","5763",,"1","1","21/03/2022 19:51:07","21/03/2022 19:51:07"
"TRUEFALSE","False",,,,,"5057","151105","5763",,"0","0","21/03/2022 21:18:06","21/03/2022 21:18:06"
"TRUEFALSE","False",,,,,"5058","151409","5763",,"1","1","21/03/2022 23:42:47","21/03/2022 23:42:47"
"TRUEFALSE","False",,,,,"5151","151299","5763",,"0","0","21/03/2022 11:27:59","21/03/2022 11:27:59"
"TRUEFALSE","False",,,,,"5152","151102","5763",,"0","0","21/03/2022 15:54:25","21/03/2022 15:54:25"
"TRUEFALSE","False",,,,,"5153","151303","5763",,"0","0","21/03/2022 16:01:12","21/03/2022 16:01:12"
"TRUEFALSE","False",,,,,"5154","151305","5763",,"0","0","21/03/2022 16:54:22","21/03/2022 16:54:22"
"TRUEFALSE","False",,,,,"5155","151403","5763",,"0","0","21/03/2022 18:28:19","21/03/2022 18:28:19"
"TRUEFALSE","False",,,,,"5156","151314","5763",,"0","0","21/03/2022 20:27:45","21/03/2022 20:27:45"
"TRUEFALSE","False",,,,,"5157","151317","5763",,"0","0","21/03/2022 21:01:49","21/03/2022 21:01:49"
"TRUEFALSE","False",,,,,"5158","151209","5763",,"1","1","21/03/2022 23:50:49","21/03/2022 23:50:49"
"TRUEFALSE","False",,,,,"5252","151202","5763",,"0","0","21/03/2022 17:40:30","21/03/2022 17:40:30"
"TRUEFALSE","False",,,,,"5253","151103","5763",,"1","1","21/03/2022 18:38:12","21/03/2022 18:38:12"
"TRUEFALSE","False",,,,,"5254","151311","5763",,"0","0","21/03/2022 19:05:18","21/03/2022 19:05:18"
"TRUEFALSE","False",,,,,"5255","151318","5763",,"1","1","21/03/2022 21:21:55","21/03/2022 21:21:55"
"TRUEFALSE","False",,,,,"5353","151309","5763",,"0","0","21/03/2022 18:30:49","21/03/2022 18:30:49"
"TRUEFALSE","False",,,,,"5354","151203","5763",,"0","0","21/03/2022 19:00:34","21/03/2022 19:00:34"
"TRUEFALSE","False",,,,,"5355","151104","5763",,"0","0","21/03/2022 19:34:23","21/03/2022 19:34:23"
"TRUEFALSE","False",,,,,"5356","151313","5763",,"0","0","21/03/2022 20:34:29","21/03/2022 20:34:29"
"TRUEFALSE","False",,,,,"5357","151316","5763",,"0","0","21/03/2022 20:47:37","21/03/2022 20:47:39"
"TRUEFALSE","False",,,,,"5358","151106","5763",,"0","0","21/03/2022 21:42:02","21/03/2022 21:42:02"
"TRUEFALSE","False",,,,,"5359","151319","5763",,"0","0","21/03/2022 23:00:36","21/03/2022 23:00:36"
"TRUEFALSE","False",,,,,"5454","158269","5763",,"0","0","06/04/2022 10:49:15","06/04/2022 10:49:15"
"TRUEFALSE","False",,,,,"5555","162004","5763",,"0","0","13/04/2022 23:16:08","13/04/2022 23:16:08"
"TRUEFALSE","False",,,,,"5656","162105","5763",,"1","1","13/04/2022 23:29:35","13/04/2022 23:29:35"
"TRUEFALSE","False",,,,,"5757","163017","5763",,"1","1","16/04/2022 18:21:52","16/04/2022 18:21:52"
"TRUEFALSE","False",,,,,"5858","169584","5763",,"1","1","02/05/2022 23:01:31","02/05/2022 23:01:31"
"TRUEFALSE","False",,,,,"5959","170592","5763",,"0","0","04/05/2022 15:53:32","04/05/2022 15:53:32"
"TRUEFALSE","False",,,,,"6060","170391","5763",,"0","0","04/05/2022 16:12:12","04/05/2022 16:12:12"
"TRUEFALSE","False",,,,,"6161","179785","5763",,"0","0","26/05/2022 16:32:06","26/05/2022 16:32:06"
"TRUEFALSE","False",,,,,"6262","181708","5763",,"1","1","30/05/2022 16:15:01","30/05/2022 16:15:01"
